stamp:
  sec: 1778291690
  nanosec: 917300167
level: 20
name: static_transform_publisher
msg: 'Spinning until stopped - publishing transform

  translation: (''0.000000'', ''0.000000'', ''0.000000'')

  rotation: (''0.000000'', ''0.000000...'
file: ./src/static_transform_broadcaster_program.cpp
function: main
line: 397
---
stamp:
  sec: 1778291691
  nanosec: 2486691
level: 20
name: controller_manager
msg: Using Steady (Monotonic) clock for triggering controller manager cycles.
file: /home/helenlu/texture_sort/src/third_party/kinova/ros2_control/controller_manager/src/controller_manager.cpp
function: initialize_parameters
line: 749
---
stamp:
  sec: 1778291691
  nanosec: 21290602
level: 20
name: controller_manager
msg: Subscribing to '/robot_description' topic for robot description.
file: /home/helenlu/texture_sort/src/third_party/kinova/ros2_control/controller_manager/src/controller_manager.cpp
function: init_controller_manager
line: 677
---
stamp:
  sec: 1778291691
  nanosec: 23979659
level: 20
name: controller_manager
msg: update rate is 1000 Hz
file: /home/helenlu/texture_sort/src/third_party/kinova/ros2_control/controller_manager/src/ros2_control_node.cpp
function: main
line: 73
---
stamp:
  sec: 1778291691
  nanosec: 24603527
level: 20
name: controller_manager
msg: 'Overruns handling is : enabled'
file: /home/helenlu/texture_sort/src/third_party/kinova/ros2_control/controller_manager/src/ros2_control_node.cpp
function: main
line: 75
---
stamp:
  sec: 1778291691
  nanosec: 24675426
level: 20
name: controller_manager
msg: 'Spawning controller_manager RT thread with scheduler priority: 50'
file: /home/helenlu/texture_sort/src/third_party/kinova/ros2_control/controller_manager/src/ros2_control_node.cpp
function: main
line: 78
---
stamp:
  sec: 1778291691
  nanosec: 24795289
level: 30
name: controller_manager
msg: 'Could not enable FIFO RT scheduling policy: with error number <1>(Operation not permitted). See [https://control.ros.org/master/...'
file: /home/helenlu/texture_sort/src/third_party/kinova/ros2_control/controller_manager/src/ros2_control_node.cpp
function: operator()
line: 109
---
stamp:
  sec: 1778291691
  nanosec: 26428272
level: 20
name: controller_manager
msg: Received robot description from topic.
file: /home/helenlu/texture_sort/src/third_party/kinova/ros2_control/controller_manager/src/controller_manager.cpp
function: robot_description_callback
line: 764
---
stamp:
  sec: 1778291691
  nanosec: 26525516
level: 20
name: controller_manager
msg: Enforcing command limits is disabled. Command limits from URDF will be ignored.
file: /home/helenlu/texture_sort/src/third_party/kinova/ros2_control/controller_manager/src/controller_manager.cpp
function: init_resource_manager
line: 795
---
stamp:
  sec: 1778291691
  nanosec: 52348272
level: 20
name: controller_manager
msg: 'Loading hardware ''KortexMultiInterfaceHardware'' '
file: /home/helenlu/texture_sort/src/third_party/kinova/ros2_control/hardware_interface/src/resource_manager.cpp
function: load_hardware
line: 169
---
stamp:
  sec: 1778291691
  nanosec: 58305655
level: 20
name: move_group.moveit.moveit.ros.rdf_loader
msg: Loaded robot model in 0.0151299 seconds
file: ./rdf_loader/src/rdf_loader.cpp
function: RDFLoader
line: 87
---
stamp:
  sec: 1778291691
  nanosec: 58475532
level: 20
name: move_group.moveit.moveit.core.robot_model
msg: Loading robot model 'gen3'...
file: ./robot_model/src/robot_model.cpp
function: buildModel
line: 96
---
stamp:
  sec: 1778291691
  nanosec: 58531993
level: 20
name: move_group.moveit.moveit.core.robot_model
msg: No root/virtual joint specified in SRDF. Assuming fixed joint
file: ./robot_model/src/robot_model.cpp
function: constructJointModel
line: 1038
---
stamp:
  sec: 1778291691
  nanosec: 81637535
level: 30
name: controller_manager
msg: 'Overrun detected! The controller manager missed its desired rate of 1000 Hz. The loop took 1.510743 ms (missed cycles : 2).'
file: /home/helenlu/texture_sort/src/third_party/kinova/ros2_control/controller_manager/src/ros2_control_node.cpp
function: operator()
line: 176
---
stamp:
  sec: 1778291691
  nanosec: 86197898
level: 20
name: controller_manager
msg: Loaded hardware 'KortexMultiInterfaceHardware' from plugin 'kortex_driver/KortexMultiInterfaceHardware'
file: /home/helenlu/texture_sort/src/third_party/kinova/ros2_control/hardware_interface/src/resource_manager.cpp
function: load_hardware
line: 175
---
stamp:
  sec: 1778291690
  nanosec: 945394784
level: 20
name: robot_state_publisher
msg: Robot initialized
file: ./src/robot_state_publisher.cpp
function: setupURDF
line: 215
---
stamp:
  sec: 1778291691
  nanosec: 88948573
level: 20
name: controller_manager
msg: 'Initialize hardware ''KortexMultiInterfaceHardware'' '
file: /home/helenlu/texture_sort/src/third_party/kinova/ros2_control/hardware_interface/src/resource_manager.cpp
function: initialize_hardware
line: 245
---
stamp:
  sec: 1778291691
  nanosec: 261670454
level: 20
name: move_group.moveit.moveit.kinematics.kdl_kinematics_plugin
msg: 'Joint weights for group ''manipulator'': 1 1 1 1 1 1 1'
file: ./kdl_kinematics_plugin/src/kdl_kinematics_plugin.cpp
function: getJointWeights
line: 120
---
stamp:
  sec: 1778291691
  nanosec: 457628583
level: 20
name: spawner_joint_state_broadcaster
msg: waiting for service /controller_manager/list_controllers to become available...
file: /home/helenlu/texture_sort/install/controller_manager/lib/python3.12/site-packages/controller_manager/controller_manager_service...
function: service_caller
line: 141
---
stamp:
  sec: 1778291691
  nanosec: 662438106
level: 20
name: move_group.moveit.moveit.ros.planning_scene_monitor
msg: Publishing maintained planning scene on 'monitored_planning_scene'
file: ./planning_scene_monitor/src/planning_scene_monitor.cpp
function: startPublishingPlanningScene
line: 453
---
stamp:
  sec: 1778291691
  nanosec: 662617359
level: 20
name: move_group.moveit.moveit.ros.moveit_cpp
msg: Listening to 'joint_states' for joint states
file: ./moveit_cpp/src/moveit_cpp.cpp
function: loadPlanningSceneMonitor
line: 99
---
stamp:
  sec: 1778291691
  nanosec: 663671459
level: 20
name: move_group.moveit.moveit.ros.planning_scene_monitor
msg: Listening to '/attached_collision_object' for attached collision objects
file: ./planning_scene_monitor/src/planning_scene_monitor.cpp
function: startStateMonitor
line: 1389
---
stamp:
  sec: 1778291691
  nanosec: 665055417
level: 20
name: move_group.moveit.moveit.ros.planning_scene_monitor
msg: Starting planning scene monitor
file: ./planning_scene_monitor/src/planning_scene_monitor.cpp
function: startSceneMonitor
line: 1201
---
stamp:
  sec: 1778291691
  nanosec: 666243426
level: 20
name: move_group.moveit.moveit.ros.planning_scene_monitor
msg: Starting world geometry update monitor for collision objects, attached objects, octomap updates.
file: ./planning_scene_monitor/src/planning_scene_monitor.cpp
function: startWorldGeometryMonitor
line: 1296
---
stamp:
  sec: 1778291691
  nanosec: 666700923
level: 20
name: move_group.moveit.moveit.ros.planning_scene_monitor
msg: Listening to 'collision_object'
file: ./planning_scene_monitor/src/planning_scene_monitor.cpp
function: startWorldGeometryMonitor
line: 1305
---
stamp:
  sec: 1778291691
  nanosec: 667193080
level: 20
name: move_group.moveit.moveit.ros.planning_scene_monitor
msg: Listening to 'planning_scene_world' for planning scene world geometry
file: ./planning_scene_monitor/src/planning_scene_monitor.cpp
function: startWorldGeometryMonitor
line: 1315
---
stamp:
  sec: 1778291691
  nanosec: 668716139
level: 30
name: move_group.moveit.moveit.ros.occupancy_map_monitor
msg: Resolution not specified for Octomap. Assuming resolution = 0.1 instead
file: ./src/occupancy_map_monitor_middleware_handle.cpp
function: OccupancyMapMonitorMiddlewareHandle
line: 76
---
stamp:
  sec: 1778291691
  nanosec: 668754897
level: 40
name: move_group.moveit.moveit.ros.occupancy_map_monitor
msg: No 3D sensor plugin(s) defined for octomap updates
file: ./src/occupancy_map_monitor_middleware_handle.cpp
function: OccupancyMapMonitorMiddlewareHandle
line: 93
---
stamp:
  sec: 1778291691
  nanosec: 914514375
level: 20
name: move_group.moveit.moveit.ros.planning_pipeline
msg: Successfully loaded planner 'OMPL'
file: ./planning_pipeline/src/planning_pipeline.cpp
function: configure
line: 174
---
stamp:
  sec: 1778291691
  nanosec: 920758257
level: 20
name: move_group
msg: Try loading adapter 'default_planning_request_adapters/ResolveConstraintFrames'
file: ./planning_pipeline/include/moveit/planning_pipeline/planning_pipeline.hpp
function: loadPluginVector
line: 73
---
stamp:
  sec: 1778291691
  nanosec: 922910932
level: 20
name: move_group
msg: Loaded adapter 'default_planning_request_adapters/ValidateWorkspaceBounds'
file: ./planning_pipeline/include/moveit/planning_pipeline/planning_pipeline.hpp
function: loadPluginVector
line: 90
---
stamp:
  sec: 1778291691
  nanosec: 922948785
level: 20
name: move_group
msg: Try loading adapter 'default_planning_request_adapters/CheckStartStateBounds'
file: ./planning_pipeline/include/moveit/planning_pipeline/planning_pipeline.hpp
function: loadPluginVector
line: 73
---
stamp:
  sec: 1778291691
  nanosec: 923007922
level: 20
name: move_group
msg: Loaded adapter 'default_planning_request_adapters/CheckStartStateBounds'
file: ./planning_pipeline/include/moveit/planning_pipeline/planning_pipeline.hpp
function: loadPluginVector
line: 90
---
stamp:
  sec: 1778291691
  nanosec: 923034818
level: 20
name: move_group
msg: Try loading adapter 'default_planning_request_adapters/CheckStartStateCollision'
file: ./planning_pipeline/include/moveit/planning_pipeline/planning_pipeline.hpp
function: loadPluginVector
line: 73
---
stamp:
  sec: 1778291691
  nanosec: 923076182
level: 20
name: move_group
msg: Loaded adapter 'default_planning_request_adapters/CheckStartStateCollision'
file: ./planning_pipeline/include/moveit/planning_pipeline/planning_pipeline.hpp
function: loadPluginVector
line: 90
---
stamp:
  sec: 1778291691
  nanosec: 930891848
level: 20
name: move_group
msg: Try loading adapter 'default_planning_response_adapters/AddTimeOptimalParameterization'
file: ./planning_pipeline/include/moveit/planning_pipeline/planning_pipeline.hpp
function: loadPluginVector
line: 73
---
stamp:
  sec: 1778291691
  nanosec: 935546187
level: 20
name: move_group
msg: Loaded adapter 'default_planning_response_adapters/AddTimeOptimalParameterization'
file: ./planning_pipeline/include/moveit/planning_pipeline/planning_pipeline.hpp
function: loadPluginVector
line: 90
---
stamp:
  sec: 1778291691
  nanosec: 935601079
level: 20
name: move_group
msg: Try loading adapter 'default_planning_response_adapters/ValidateSolution'
file: ./planning_pipeline/include/moveit/planning_pipeline/planning_pipeline.hpp
function: loadPluginVector
line: 73
---
stamp:
  sec: 1778291691
  nanosec: 937299744
level: 20
name: move_group
msg: Loaded adapter 'default_planning_response_adapters/ValidateSolution'
file: ./planning_pipeline/include/moveit/planning_pipeline/planning_pipeline.hpp
function: loadPluginVector
line: 90
---
stamp:
  sec: 1778291691
  nanosec: 937344501
level: 20
name: move_group
msg: Try loading adapter 'default_planning_response_adapters/DisplayMotionPath'
file: ./planning_pipeline/include/moveit/planning_pipeline/planning_pipeline.hpp
function: loadPluginVector
line: 73
---
stamp:
  sec: 1778291691
  nanosec: 938236662
level: 20
name: move_group
msg: Loaded adapter 'default_planning_response_adapters/DisplayMotionPath'
file: ./planning_pipeline/include/moveit/planning_pipeline/planning_pipeline.hpp
function: loadPluginVector
line: 90
---
stamp:
  sec: 1778291691
  nanosec: 981297895
level: 20
name: move_group.moveit.moveit.plugins.simple_controller_manager
msg: Added FollowJointTrajectory controller for joint_trajectory_controller
file: ./src/moveit_simple_controller_manager.cpp
function: initialize
line: 219
---
stamp:
  sec: 1778291691
  nanosec: 981387706
level: 20
name: move_group.moveit.moveit.plugins.simple_controller_manager
msg: 'robotiq_gripper_controller will command a max effort of: 0'
file: ./src/moveit_simple_controller_manager.cpp
function: initialize
line: 152
---
stamp:
  sec: 1778291691
  nanosec: 983064315
level: 20
name: move_group.moveit.moveit.plugins.simple_controller_manager
msg: Added GripperCommand controller for robotiq_gripper_controller
file: ./src/moveit_simple_controller_manager.cpp
function: initialize
line: 182
---
stamp:
  sec: 1778291691
  nanosec: 983270944
level: 20
name: move_group.moveit.moveit.plugins.simple_controller_manager
msg: Returned 2 controllers in list
file: ./src/moveit_simple_controller_manager.cpp
function: getControllersList
line: 274
---
stamp:
  sec: 1778291691
  nanosec: 983332412
level: 20
name: move_group.moveit.moveit.plugins.simple_controller_manager
msg: Returned 2 controllers in list
file: ./src/moveit_simple_controller_manager.cpp
function: getControllersList
line: 274
---
stamp:
  sec: 1778291691
  nanosec: 983632407
level: 20
name: move_group.moveit.moveit.ros.trajectory_execution_manager
msg: Trajectory execution is managing controllers
file: ./trajectory_execution_manager/src/trajectory_execution_manager.cpp
function: initialize
line: 222
---
stamp:
  sec: 1778291691
  nanosec: 983676791
level: 20
name: move_group
msg: MoveGroup debug mode is ON
file: ./src/move_group.cpp
function: main
line: 307
---
stamp:
  sec: 1778291692
  nanosec: 12228809
level: 20
name: move_group.moveit.moveit.ros.move_group.executable
msg: "\n\n********************************************************\n* MoveGroup using: \n*     - apply_planning_scene_service\n*     - clea..."
file: ./src/move_group.cpp
function: configureCapabilities
line: 209
---
stamp:
  sec: 1778291692
  nanosec: 12321971
level: 20
name: move_group.moveit.moveit.ros.move_group.context
msg: MoveGroup context using pipeline ompl
file: ./src/move_group_context.cpp
function: status
line: 97
---
stamp:
  sec: 1778291692
  nanosec: 12367105
level: 20
name: move_group.moveit.moveit.ros.move_group.context
msg: MoveGroup context initialization complete
file: ./src/move_group_context.cpp
function: status
line: 98
---
stamp:
  sec: 1778291692
  nanosec: 77431448
level: 20
name: controller_manager
msg: Successful initialization of hardware 'KortexMultiInterfaceHardware'
file: /home/helenlu/texture_sort/src/third_party/kinova/ros2_control/hardware_interface/src/resource_manager.cpp
function: initialize_hardware
line: 256
---
stamp:
  sec: 1778291692
  nanosec: 80852195
level: 20
name: controller_manager
msg: Activating component 'KortexMultiInterfaceHardware'.
file: /home/helenlu/texture_sort/src/third_party/kinova/ros2_control/controller_manager/src/controller_manager.cpp
function: init_resource_manager
line: 1027
---
stamp:
  sec: 1778291692
  nanosec: 82668295
level: 20
name: controller_manager
msg: 'Registering statistics for : KortexMultiInterfaceHardware'
file: /home/helenlu/texture_sort/src/third_party/kinova/ros2_control/controller_manager/src/controller_manager.cpp
function: init_resource_manager
line: 1054
---
stamp:
  sec: 1778291692
  nanosec: 82949949
level: 20
name: controller_manager
msg: Resource Manager has been successfully initialized. Starting Controller Manager services...
file: /home/helenlu/texture_sort/src/third_party/kinova/ros2_control/controller_manager/src/controller_manager.cpp
function: robot_description_callback
line: 778
---
stamp:
  sec: 1778291692
  nanosec: 84224783
level: 30
name: controller_manager
msg: 'Overrun might occur, Total time : 1024.458 us (Expected < 1000.000 us) --> Read time : 489.320 us, Update time : 16.719 us, Writ...'
file: /home/helenlu/texture_sort/src/third_party/kinova/ros2_control/controller_manager/src/controller_manager.cpp
function: write
line: 3628
---
stamp:
  sec: 1778291692
  nanosec: 84358994
level: 30
name: controller_manager
msg: 'Overrun detected! The controller manager missed its desired rate of 1000 Hz. The loop took 1.240005 ms (missed cycles : 2).'
file: /home/helenlu/texture_sort/src/third_party/kinova/ros2_control/controller_manager/src/ros2_control_node.cpp
function: operator()
line: 176
---
stamp:
  sec: 1778291692
  nanosec: 103274431
level: 20
name: controller_manager
msg: Received robot description from topic.
file: /home/helenlu/texture_sort/src/third_party/kinova/ros2_control/controller_manager/src/controller_manager.cpp
function: robot_description_callback
line: 764
---
stamp:
  sec: 1778291692
  nanosec: 103368054
level: 30
name: controller_manager
msg: ResourceManager has already loaded a urdf. Ignoring attempt to reload a robot description.
file: /home/helenlu/texture_sort/src/third_party/kinova/ros2_control/controller_manager/src/controller_manager.cpp
function: robot_description_callback
line: 770
---
stamp:
  sec: 1778291692
  nanosec: 210409713
level: 20
name: controller_manager
msg: 'Loading controller : ''joint_state_broadcaster'' of type ''joint_state_broadcaster/JointStateBroadcaster'''
file: /home/helenlu/texture_sort/src/third_party/kinova/ros2_control/controller_manager/src/controller_manager.cpp
function: load_controller
line: 1340
---
stamp:
  sec: 1778291692
  nanosec: 210554697
level: 20
name: controller_manager
msg: Loading controller 'joint_state_broadcaster'
file: /home/helenlu/texture_sort/src/third_party/kinova/ros2_control/controller_manager/src/controller_manager.cpp
function: load_controller
line: 1177
---
stamp:
  sec: 1778291692
  nanosec: 225949601
level: 20
name: controller_manager
msg: 'Controller ''joint_state_broadcaster'' node arguments: --ros-args --params-file /home/helenlu/texture_sort/install/kinova_gen3_7do...'
file: /home/helenlu/texture_sort/src/third_party/kinova/ros2_control/controller_manager/src/controller_manager.cpp
function: determine_controller_node_options
line: 4973
---
stamp:
  sec: 1778291692
  nanosec: 240008012
level: 20
name: spawner_joint_state_broadcaster
msg: Loaded joint_state_broadcaster
file: /home/helenlu/texture_sort/install/controller_manager/lib/python3.12/site-packages/controller_manager/spawner.py
function: main
line: 522
---
stamp:
  sec: 1778291692
  nanosec: 241169005
level: 20
name: controller_manager
msg: 'Configuring controller: ''joint_state_broadcaster'''
file: /home/helenlu/texture_sort/src/third_party/kinova/ros2_control/controller_manager/src/controller_manager.cpp
function: configure_controller
line: 1528
---
stamp:
  sec: 1778291692
  nanosec: 241510401
level: 20
name: joint_state_broadcaster
msg: '''joints'' or ''interfaces'' parameter is empty. All available state interfaces will be published'
file: /home/helenlu/texture_sort/src/third_party/kinova/ros2_controllers/joint_state_broadcaster/src/joint_state_broadcaster.cpp
function: on_configure
line: 97
---
stamp:
  sec: 1778291692
  nanosec: 256511531
level: 20
name: controller_manager
msg: 'Activating controllers: [ joint_state_broadcaster ]'
file: /home/helenlu/texture_sort/src/third_party/kinova/ros2_control/controller_manager/src/controller_manager.cpp
function: switch_controller_cb
line: 1880
---
stamp:
  sec: 1778291692
  nanosec: 258459472
level: 20
name: controller_manager
msg: Successfully switched controllers!
file: /home/helenlu/texture_sort/src/third_party/kinova/ros2_control/controller_manager/src/controller_manager.cpp
function: evaluate_switch_result
line: 428
---
stamp:
  sec: 1778291692
  nanosec: 258776744
level: 30
name: controller_manager
msg: 'Overrun might occur, Total time : 1594.189 us (Expected < 1000.000 us) --> Read time : 17.533 us, Update time : 1191.245 us (Swi...'
file: /home/helenlu/texture_sort/src/third_party/kinova/ros2_control/controller_manager/src/controller_manager.cpp
function: write
line: 3614
---
stamp:
  sec: 1778291692
  nanosec: 261168939
level: 20
name: spawner_joint_state_broadcaster
msg: Configured and activated joint_state_broadcaster
file: /home/helenlu/texture_sort/install/controller_manager/lib/python3.12/site-packages/controller_manager/spawner.py
function: main
line: 558
---
stamp:
  sec: 1778291692
  nanosec: 558593714
level: 20
name: controller_manager
msg: 'Loading controller : ''robotiq_gripper_controller'' of type ''position_controllers/GripperActionController'''
file: /home/helenlu/texture_sort/src/third_party/kinova/ros2_control/controller_manager/src/controller_manager.cpp
function: load_controller
line: 1340
---
stamp:
  sec: 1778291692
  nanosec: 558721769
level: 20
name: controller_manager
msg: Loading controller 'robotiq_gripper_controller'
file: /home/helenlu/texture_sort/src/third_party/kinova/ros2_control/controller_manager/src/controller_manager.cpp
function: load_controller
line: 1177
---
stamp:
  sec: 1778291692
  nanosec: 566755878
level: 20
name: controller_manager
msg: 'Controller ''robotiq_gripper_controller'' node arguments: --ros-args --params-file /home/helenlu/texture_sort/install/kinova_gen3_...'
file: /home/helenlu/texture_sort/src/third_party/kinova/ros2_control/controller_manager/src/controller_manager.cpp
function: determine_controller_node_options
line: 4973
---
stamp:
  sec: 1778291692
  nanosec: 577442117
level: 30
name: robotiq_gripper_controller
msg: '[Deprecated]: the `position_controllers/GripperActionController` and `effort_controllers::GripperActionController` controllers a...'
file: /home/helenlu/texture_sort/src/third_party/kinova/ros2_controllers/gripper_controllers/include/gripper_controllers/gripper_actio...
function: on_init
line: 43
---
stamp:
  sec: 1778291692
  nanosec: 600066859
level: 20
name: spawner_robotiq_gripper_controller
msg: Loaded robotiq_gripper_controller
file: /home/helenlu/texture_sort/install/controller_manager/lib/python3.12/site-packages/controller_manager/spawner.py
function: main
line: 522
---
stamp:
  sec: 1778291692
  nanosec: 601247015
level: 20
name: controller_manager
msg: 'Configuring controller: ''robotiq_gripper_controller'''
file: /home/helenlu/texture_sort/src/third_party/kinova/ros2_control/controller_manager/src/controller_manager.cpp
function: configure_controller
line: 1528
---
stamp:
  sec: 1778291692
  nanosec: 601517935
level: 20
name: robotiq_gripper_controller
msg: Action status changes will be monitored at 20.000000 Hz.
file: /home/helenlu/texture_sort/src/third_party/kinova/ros2_controllers/gripper_controllers/include/gripper_controllers/gripper_actio...
function: on_configure
line: 213
---
stamp:
  sec: 1778291692
  nanosec: 603960801
level: 20
name: controller_manager
msg: 'Activating controllers: [ robotiq_gripper_controller ]'
file: /home/helenlu/texture_sort/src/third_party/kinova/ros2_control/controller_manager/src/controller_manager.cpp
function: switch_controller_cb
line: 1880
---
stamp:
  sec: 1778291692
  nanosec: 808508628
level: 20
name: controller_manager
msg: Successfully switched controllers!
file: /home/helenlu/texture_sort/src/third_party/kinova/ros2_control/controller_manager/src/controller_manager.cpp
function: evaluate_switch_result
line: 428
---
stamp:
  sec: 1778291692
  nanosec: 812435599
level: 20
name: spawner_robotiq_gripper_controller
msg: Configured and activated robotiq_gripper_controller
file: /home/helenlu/texture_sort/install/controller_manager/lib/python3.12/site-packages/controller_manager/spawner.py
function: main
line: 558
---
stamp:
  sec: 1778291693
  nanosec: 96738360
level: 20
name: controller_manager
msg: 'Loading controller : ''joint_trajectory_controller'' of type ''joint_trajectory_controller/JointTrajectoryController'''
file: /home/helenlu/texture_sort/src/third_party/kinova/ros2_control/controller_manager/src/controller_manager.cpp
function: load_controller
line: 1340
---
stamp:
  sec: 1778291693
  nanosec: 96794254
level: 20
name: controller_manager
msg: Loading controller 'joint_trajectory_controller'
file: /home/helenlu/texture_sort/src/third_party/kinova/ros2_control/controller_manager/src/controller_manager.cpp
function: load_controller
line: 1177
---
stamp:
  sec: 1778291693
  nanosec: 102630591
level: 20
name: controller_manager
msg: 'Controller ''joint_trajectory_controller'' node arguments: --ros-args --params-file /home/helenlu/texture_sort/install/kinova_gen3...'
file: /home/helenlu/texture_sort/src/third_party/kinova/ros2_control/controller_manager/src/controller_manager.cpp
function: determine_controller_node_options
line: 4973
---
stamp:
  sec: 1778291693
  nanosec: 105426739
level: 30
name: controller_manager
msg: 'Overrun detected! The controller manager missed its desired rate of 1000 Hz. The loop took 2.308169 ms (missed cycles : 3).'
file: /home/helenlu/texture_sort/src/third_party/kinova/ros2_control/controller_manager/src/ros2_control_node.cpp
function: operator()
line: 176
---
stamp:
  sec: 1778291693
  nanosec: 168109189
level: 20
name: spawner_joint_trajectory_controller
msg: Loaded joint_trajectory_controller
file: /home/helenlu/texture_sort/install/controller_manager/lib/python3.12/site-packages/controller_manager/spawner.py
function: main
line: 522
---
stamp:
  sec: 1778291693
  nanosec: 169342662
level: 20
name: controller_manager
msg: 'Configuring controller: ''joint_trajectory_controller'''
file: /home/helenlu/texture_sort/src/third_party/kinova/ros2_control/controller_manager/src/controller_manager.cpp
function: configure_controller
line: 1528
---
stamp:
  sec: 1778291693
  nanosec: 170527075
level: 20
name: joint_trajectory_controller
msg: No specific joint names are used for command interfaces. Using 'joints' parameter.
file: /home/helenlu/texture_sort/src/third_party/kinova/ros2_controllers/joint_trajectory_controller/src/joint_trajectory_controller.c...
function: on_configure
line: 908
---
stamp:
  sec: 1778291693
  nanosec: 171065037
level: 20
name: joint_trajectory_controller
msg: Command interfaces are [position] and state interfaces are [position velocity].
file: /home/helenlu/texture_sort/src/third_party/kinova/ros2_controllers/joint_trajectory_controller/src/joint_trajectory_controller.c...
function: on_configure
line: 1061
---
stamp:
  sec: 1778291693
  nanosec: 171478352
level: 20
name: joint_trajectory_controller
msg: Using 'splines' interpolation method.
file: /home/helenlu/texture_sort/src/third_party/kinova/ros2_controllers/joint_trajectory_controller/src/joint_trajectory_controller.c...
function: on_configure
line: 1072
---
stamp:
  sec: 1778291693
  nanosec: 175806992
level: 20
name: joint_trajectory_controller
msg: Action status changes will be monitored at 20.00 Hz.
file: /home/helenlu/texture_sort/src/third_party/kinova/ros2_controllers/joint_trajectory_controller/src/joint_trajectory_controller.c...
function: on_configure
line: 1128
---
stamp:
  sec: 1778291693
  nanosec: 181720989
level: 20
name: joint_trajectory_controller
msg: Setting initial scaling factor to 1.000000
file: /home/helenlu/texture_sort/src/third_party/kinova/ros2_controllers/joint_trajectory_controller/src/joint_trajectory_controller.c...
function: on_configure
line: 1163
---
stamp:
  sec: 1778291693
  nanosec: 181772194
level: 20
name: joint_trajectory_controller
msg: No scaling interface set. This controller will not read speed scaling from the hardware.
file: /home/helenlu/texture_sort/src/third_party/kinova/ros2_controllers/joint_trajectory_controller/src/joint_trajectory_controller.c...
function: on_configure
line: 1184
---
stamp:
  sec: 1778291693
  nanosec: 183900404
level: 20
name: controller_manager
msg: 'Activating controllers: [ joint_trajectory_controller ]'
file: /home/helenlu/texture_sort/src/third_party/kinova/ros2_control/controller_manager/src/controller_manager.cpp
function: switch_controller_cb
line: 1880
---
stamp:
  sec: 1778291693
  nanosec: 225293375
level: 30
name: controller_manager
msg: 'Overrun might occur, Total time : 1074.945 us (Expected < 1000.000 us) --> Read time : 56.892 us, Update time : 175.502 us, Writ...'
file: /home/helenlu/texture_sort/src/third_party/kinova/ros2_control/controller_manager/src/controller_manager.cpp
function: write
line: 3628
---
stamp:
  sec: 1778291693
  nanosec: 426015441
level: 20
name: controller_manager
msg: Successfully switched controllers!
file: /home/helenlu/texture_sort/src/third_party/kinova/ros2_control/controller_manager/src/controller_manager.cpp
function: evaluate_switch_result
line: 428
---
stamp:
  sec: 1778291693
  nanosec: 426570746
level: 30
name: controller_manager
msg: 'Overrun might occur, Total time : 41362.599 us (Expected < 1000.000 us) --> Read time : 16.476 us, Update time : 40754.700 us (S...'
file: /home/helenlu/texture_sort/src/third_party/kinova/ros2_control/controller_manager/src/controller_manager.cpp
function: write
line: 3614
---
stamp:
  sec: 1778291693
  nanosec: 429649707
level: 20
name: spawner_joint_trajectory_controller
msg: Configured and activated joint_trajectory_controller
file: /home/helenlu/texture_sort/install/controller_manager/lib/python3.12/site-packages/controller_manager/spawner.py
function: main
line: 558
---
stamp:
  sec: 1778291693
  nanosec: 756536318
level: 20
name: controller_manager
msg: 'Loading controller : ''fault_controller'' of type ''picknik_reset_fault_controller/PicknikResetFaultController'''
file: /home/helenlu/texture_sort/src/third_party/kinova/ros2_control/controller_manager/src/controller_manager.cpp
function: load_controller
line: 1340
---
stamp:
  sec: 1778291693
  nanosec: 756604361
level: 20
name: controller_manager
msg: Loading controller 'fault_controller'
file: /home/helenlu/texture_sort/src/third_party/kinova/ros2_control/controller_manager/src/controller_manager.cpp
function: load_controller
line: 1177
---
stamp:
  sec: 1778291693
  nanosec: 760582993
level: 20
name: controller_manager
msg: 'Controller ''fault_controller'' node arguments: --ros-args --params-file /home/helenlu/texture_sort/install/kinova_gen3_7dof_robot...'
file: /home/helenlu/texture_sort/src/third_party/kinova/ros2_control/controller_manager/src/controller_manager.cpp
function: determine_controller_node_options
line: 4973
---
stamp:
  sec: 1778291693
  nanosec: 789632756
level: 20
name: spawner_fault_controller
msg: Loaded fault_controller
file: /home/helenlu/texture_sort/install/controller_manager/lib/python3.12/site-packages/controller_manager/spawner.py
function: main
line: 522
---
stamp:
  sec: 1778291693
  nanosec: 790870364
level: 20
name: controller_manager
msg: 'Configuring controller: ''fault_controller'''
file: /home/helenlu/texture_sort/src/third_party/kinova/ros2_control/controller_manager/src/controller_manager.cpp
function: configure_controller
line: 1528
---
stamp:
  sec: 1778291693
  nanosec: 793425760
level: 20
name: controller_manager
msg: 'Activating controllers: [ fault_controller ]'
file: /home/helenlu/texture_sort/src/third_party/kinova/ros2_control/controller_manager/src/controller_manager.cpp
function: switch_controller_cb
line: 1880
---
stamp:
  sec: 1778291694
  nanosec: 778751
level: 20
name: controller_manager
msg: Successfully switched controllers!
file: /home/helenlu/texture_sort/src/third_party/kinova/ros2_control/controller_manager/src/controller_manager.cpp
function: evaluate_switch_result
line: 428
---
stamp:
  sec: 1778291694
  nanosec: 4450359
level: 20
name: spawner_fault_controller
msg: Configured and activated fault_controller
file: /home/helenlu/texture_sort/install/controller_manager/lib/python3.12/site-packages/controller_manager/spawner.py
function: main
line: 558
---
stamp:
  sec: 1778291694
  nanosec: 134352789
level: 30
name: controller_manager
msg: 'Overrun detected! The controller manager missed its desired rate of 1000 Hz. The loop took 1.233982 ms (missed cycles : 2).'
file: /home/helenlu/texture_sort/src/third_party/kinova/ros2_control/controller_manager/src/ros2_control_node.cpp
function: operator()
line: 176
---
stamp:
  sec: 1778291694
  nanosec: 308941149
level: 30
name: controller_manager
msg: 'Overrun might occur, Total time : 1752.635 us (Expected < 1000.000 us) --> Read time : 23.183 us, Update time : 150.300 us, Writ...'
file: /home/helenlu/texture_sort/src/third_party/kinova/ros2_control/controller_manager/src/controller_manager.cpp
function: write
line: 3628
---
stamp:
  sec: 1778291694
  nanosec: 332758924
level: 20
name: controller_manager
msg: 'Loading controller : ''twist_controller'' of type ''picknik_twist_controller/PicknikTwistController'''
file: /home/helenlu/texture_sort/src/third_party/kinova/ros2_control/controller_manager/src/controller_manager.cpp
function: load_controller
line: 1340
---
stamp:
  sec: 1778291694
  nanosec: 332908639
level: 20
name: controller_manager
msg: Loading controller 'twist_controller'
file: /home/helenlu/texture_sort/src/third_party/kinova/ros2_control/controller_manager/src/controller_manager.cpp
function: load_controller
line: 1177
---
stamp:
  sec: 1778291694
  nanosec: 340088688
level: 20
name: controller_manager
msg: 'Controller ''twist_controller'' node arguments: --ros-args --params-file /home/helenlu/texture_sort/install/kinova_gen3_7dof_robot...'
file: /home/helenlu/texture_sort/src/third_party/kinova/ros2_control/controller_manager/src/controller_manager.cpp
function: determine_controller_node_options
line: 4973
---
stamp:
  sec: 1778291694
  nanosec: 373252264
level: 20
name: spawner_twist_controller
msg: Loaded twist_controller
file: /home/helenlu/texture_sort/install/controller_manager/lib/python3.12/site-packages/controller_manager/spawner.py
function: main
line: 522
---
stamp:
  sec: 1778291694
  nanosec: 374294001
level: 20
name: controller_manager
msg: 'Configuring controller: ''twist_controller'''
file: /home/helenlu/texture_sort/src/third_party/kinova/ros2_control/controller_manager/src/controller_manager.cpp
function: configure_controller
line: 1528
---
stamp:
  sec: 1778291694
  nanosec: 376056681
level: 20
name: twist_controller
msg: configure successful
file: /home/helenlu/texture_sort/src/third_party/kinova/picknik_controllers/picknik_twist_controller/src/picknik_twist_controller.cpp
function: on_configure
line: 109
---
stamp:
  sec: 1778291694
  nanosec: 564885612
level: 20
name: grasp_point_tf
msg: 'Spinning until stopped - publishing transform

  translation: (''0.000000'', ''0.000000'', ''0.127000'')

  rotation: (''0.000000'', ''0.000000...'
file: ./src/static_transform_broadcaster_program.cpp
function: main
line: 397
---
stamp:
  sec: 1778291694
  nanosec: 591461065
level: 20
name: wrist_camera_tf
msg: 'Spinning until stopped - publishing transform

  translation: (''0.000000'', ''0.056390'', ''-0.003050'')

  rotation: (''0.000000'', ''0.00000...'
file: ./src/static_transform_broadcaster_program.cpp
function: main
line: 397
---
stamp:
  sec: 1778291694
  nanosec: 844034033
level: 20
name: external_camera
msg: RealSense ROS v4.57.7
file: ./src/realsense_node_factory.cpp
function: init
line: 306
---
stamp:
  sec: 1778291694
  nanosec: 844141517
level: 20
name: external_camera
msg: Built with LibRealSense v2.57.7
file: ./src/realsense_node_factory.cpp
function: init
line: 307
---
stamp:
  sec: 1778291694
  nanosec: 844179387
level: 20
name: external_camera
msg: Running with LibRealSense v2.57.7
file: ./src/realsense_node_factory.cpp
function: init
line: 308
---
stamp:
  sec: 1778291694
  nanosec: 855836038
level: 20
name: wrist_camera.kinova_vision_color
msg: 'Using gstreamer config from rosparam: "rtspsrc location=rtsp://192.168.1.10/color latency=100 ! rtph264depay ! avdec_h264 ! vide...'
file: /home/helenlu/texture_sort/src/third_party/ros2_kortex_vision/src/vision.cpp
function: configure
line: 74
---
stamp:
  sec: 1778291694
  nanosec: 858767162
level: 30
name: wrist_camera.kinova_vision_color
msg: 'Using max_pub_rate: ''30.000000'''
file: /home/helenlu/texture_sort/src/third_party/ros2_kortex_vision/src/vision.cpp
function: configure
line: 137
---
stamp:
  sec: 1778291694
  nanosec: 920264626
level: 20
name: external_camera
msg: Device with name Intel RealSense D435I was found.
file: ./src/realsense_node_factory.cpp
function: getDevice
line: 160
---
stamp:
  sec: 1778291694
  nanosec: 920710107
level: 20
name: external_camera
msg: Device with port number 2-6 was found.
file: ./src/realsense_node_factory.cpp
function: getDevice
line: 183
---
stamp:
  sec: 1778291694
  nanosec: 942025853
level: 20
name: external_camera
msg: 'Device Serial No: 925622071555'
file: ./src/rs_node_setup.cpp
function: setAvailableSensors
line: 125
---
stamp:
  sec: 1778291694
  nanosec: 942106045
level: 20
name: external_camera
msg: 'Device physical port: /sys/devices/pci0000:00/0000:00:14.0/usb2/2-6/2-6:1.0/video4linux/video1'
file: ./src/rs_node_setup.cpp
function: setAvailableSensors
line: 129
---
stamp:
  sec: 1778291694
  nanosec: 942189355
level: 20
name: external_camera
msg: 'Device FW version: 5.17.0.10'
file: ./src/rs_node_setup.cpp
function: setAvailableSensors
line: 132
---
stamp:
  sec: 1778291694
  nanosec: 942260323
level: 20
name: external_camera
msg: 'Device Product ID: 0x0B3A'
file: ./src/rs_node_setup.cpp
function: setAvailableSensors
line: 135
---
stamp:
  sec: 1778291694
  nanosec: 942341346
level: 20
name: external_camera
msg: 'Sync Mode: Off'
file: ./src/rs_node_setup.cpp
function: setAvailableSensors
line: 137
---
stamp:
  sec: 1778291694
  nanosec: 987030937
level: 30
name: wrist_camera.kinova_vision_color
msg: '[color]: Stream is PAUSED'
file: /home/helenlu/texture_sort/src/third_party/ros2_kortex_vision/src/vision.cpp
function: initialize
line: 246
---
stamp:
  sec: 1778291695
  nanosec: 72386036
level: 20
name: external_camera
msg: 'Set ROS param depth_module.depth_profile to default: 640x480x15'
file: ./src/profile_manager.cpp
function: operator()
line: 489
---
stamp:
  sec: 1778291695
  nanosec: 77613481
level: 20
name: external_camera
msg: 'Set ROS param depth_module.infra_profile to default: 640x480x15'
file: ./src/profile_manager.cpp
function: operator()
line: 489
---
stamp:
  sec: 1778291695
  nanosec: 96525145
level: 20
name: external_camera
msg: 'Set ROS param rgb_camera.color_profile to default: 640x480x15'
file: ./src/profile_manager.cpp
function: operator()
line: 489
---
stamp:
  sec: 1778291695
  nanosec: 105815818
level: 20
name: external_camera
msg: 'Set ROS param gyro_fps to default: 200'
file: ./src/profile_manager.cpp
function: operator()
line: 650
---
stamp:
  sec: 1778291695
  nanosec: 106361560
level: 20
name: external_camera
msg: 'Set ROS param accel_fps to default: 63'
file: ./src/profile_manager.cpp
function: operator()
line: 650
---
stamp:
  sec: 1778291695
  nanosec: 127719131
level: 20
name: external_camera
msg: 'Stopping Sensor: Depth Module'
file: ./src/rs_node_setup.cpp
function: stopRequiredSensors
line: 472
---
stamp:
  sec: 1778291695
  nanosec: 127897583
level: 20
name: external_camera
msg: 'Stopping Sensor: RGB Camera'
file: ./src/rs_node_setup.cpp
function: stopRequiredSensors
line: 472
---
stamp:
  sec: 1778291695
  nanosec: 137029304
level: 30
name: controller_manager
msg: 'Overrun detected! The controller manager missed its desired rate of 1000 Hz. The loop took 2.910706 ms (missed cycles : 3).'
file: /home/helenlu/texture_sort/src/third_party/kinova/ros2_control/controller_manager/src/ros2_control_node.cpp
function: operator()
line: 176
---
stamp:
  sec: 1778291695
  nanosec: 213094411
level: 20
name: external_camera
msg: 'Starting Sensor: Depth Module'
file: ./src/rs_node_setup.cpp
function: startUpdatedSensors
line: 530
---
stamp:
  sec: 1778291695
  nanosec: 217214704
level: 20
name: external_camera
msg: 'Open profile: stream_type: Depth(0), Format: Z16, Width: 640, Height: 480, FPS: 15'
file: ./src/ros_sensor.cpp
function: start
line: 263
---
stamp:
  sec: 1778291695
  nanosec: 244651135
level: 20
name: external_camera
msg: 'Starting Sensor: RGB Camera'
file: ./src/rs_node_setup.cpp
function: startUpdatedSensors
line: 530
---
stamp:
  sec: 1778291695
  nanosec: 249801333
level: 20
name: external_camera
msg: 'Open profile: stream_type: Color(0), Format: RGB8, Width: 640, Height: 480, FPS: 15'
file: ./src/ros_sensor.cpp
function: start
line: 263
---
stamp:
  sec: 1778291695
  nanosec: 268592062
level: 20
name: external_camera
msg: RealSense Node Is Up!
file: ./src/base_realsense_node.cpp
function: publishTopics
line: 181
---
stamp:
  sec: 1778291695
  nanosec: 314458651
level: 30
name: controller_manager
msg: 'Overrun might occur, Total time : 1269.208 us (Expected < 1000.000 us) --> Read time : 22.372 us, Update time : 164.948 us, Writ...'
file: /home/helenlu/texture_sort/src/third_party/kinova/ros2_control/controller_manager/src/controller_manager.cpp
function: write
line: 3628
---
stamp:
  sec: 1778291695
  nanosec: 366108632
level: 20
name: wrist_camera.kinova_vision_color
msg: '[color]: Stream started'
file: /home/helenlu/texture_sort/src/third_party/ros2_kortex_vision/src/vision.cpp
function: start
line: 279
---
stamp:
  sec: 1778291695
  nanosec: 367912377
level: 20
name: wrist_camera.kinova_vision_color
msg: '[color]: Custom camera information file not set, using default one based on sensor resolution'
file: /home/helenlu/texture_sort/src/third_party/ros2_kortex_vision/src/vision.cpp
function: loadCameraInfo
line: 313
---
stamp:
  sec: 1778291695
  nanosec: 368556979
level: 20
name: wrist_camera.kinova_vision_color
msg: 'camera calibration URL: package://kinova_vision/launch/calibration/default_color_calib_1280x720.ini'
file: ./src/camera_info_manager.cpp
function: loadCalibration
line: 234
---
stamp:
  sec: 1778291695
  nanosec: 371079531
level: 20
name: wrist_camera.kinova_vision_color
msg: '[color]: Loaded camera calibration from ''package://kinova_vision/launch/calibration/default_color_calib_1280x720.ini'''
file: /home/helenlu/texture_sort/src/third_party/ros2_kortex_vision/src/vision.cpp
function: loadCameraInfo
line: 336
---
stamp:
  sec: 1778291695
  nanosec: 560379833
level: 20
name: wrist_camera_qos_relay
msg: Relaying /wrist_camera/color/image_raw -> /wrist_camera/color/image_raw_best_effort and /wrist_camera/color/camera_info -> /wris...
file: /home/helenlu/texture_sort/install/perception/lib/python3.12/site-packages/perception/wrist_camera_qos_relay.py
function: __init__
line: 47
---
stamp:
  sec: 1778291695
  nanosec: 854185945
level: 20
name: task_manager_node
msg: task_manager_node ready
file: /home/helenlu/texture_sort/install/task_manager/lib/python3.12/site-packages/task_manager/task_manager_node.py
function: __init__
line: 102
---
stamp:
  sec: 1778291696
  nanosec: 143891970
level: 30
name: controller_manager
msg: 'Overrun detected! The controller manager missed its desired rate of 1000 Hz. The loop took 2.773911 ms (missed cycles : 3).'
file: /home/helenlu/texture_sort/src/third_party/kinova/ros2_control/controller_manager/src/ros2_control_node.cpp
function: operator()
line: 176
---
stamp:
  sec: 1778291696
  nanosec: 190318238
level: 20
name: place_node
msg: place_node ready
file: /home/helenlu/texture_sort/install/manipulation/lib/python3.12/site-packages/manipulation/place_node.py
function: __init__
line: 104
---
stamp:
  sec: 1778291696
  nanosec: 325982125
level: 30
name: controller_manager
msg: 'Overrun might occur, Total time : 4814.829 us (Expected < 1000.000 us) --> Read time : 22.716 us, Update time : 141.472 us, Writ...'
file: /home/helenlu/texture_sort/src/third_party/kinova/ros2_control/controller_manager/src/controller_manager.cpp
function: write
line: 3628
---
stamp:
  sec: 1778291696
  nanosec: 345018990
level: 20
name: grasp_node
msg: grasp_node ready
file: /home/helenlu/texture_sort/install/manipulation/lib/python3.12/site-packages/manipulation/grasp_node.py
function: __init__
line: 164
---
stamp:
  sec: 1778291696
  nanosec: 369629169
level: 20
name: apriltag_overlay
msg: AprilTag overlay node started
file: /home/helenlu/texture_sort/install/perception/lib/python3.12/site-packages/perception/apriltag_overlay.py
function: __init__
line: 56
---
stamp:
  sec: 1778291696
  nanosec: 581679157
level: 20
name: gelsight_node
msg: 'gelsight_node ready — device: /dev/v4l/by-id/usb-Arducam_Technology_Co.__Ltd._GelSight_Mini_R0B_2DCY-WMGM_2DCYWMGM-video-index0,...'
file: /home/helenlu/texture_sort/install/perception/lib/python3.12/site-packages/perception/gelsight_node.py
function: __init__
line: 43
---
stamp:
  sec: 1778291696
  nanosec: 663224128
level: 40
name: rviz2_moveit.moveit.ros.motion_planning_frame
msg: 'Action server: /recognize_objects not available'
file: ./motion_planning_rviz_plugin/src/motion_planning_frame.cpp
function: MotionPlanningFrame
line: 219
---
stamp:
  sec: 1778291696
  nanosec: 692511813
level: 20
name: rviz2_moveit.moveit.ros.motion_planning_frame
msg: 'MoveGroup namespace changed: / -> . Reloading params.'
file: ./motion_planning_rviz_plugin/src/motion_planning_frame.cpp
function: enable
line: 606
---
stamp:
  sec: 1778291696
  nanosec: 794177914
level: 20
name: rviz2_moveit.moveit.ros.rdf_loader
msg: Loaded robot model in 0.0161588 seconds
file: ./rdf_loader/src/rdf_loader.cpp
function: RDFLoader
line: 87
---
stamp:
  sec: 1778291696
  nanosec: 794382001
level: 20
name: rviz2_moveit.moveit.core.robot_model
msg: Loading robot model 'gen3'...
file: ./robot_model/src/robot_model.cpp
function: buildModel
line: 96
---
stamp:
  sec: 1778291696
  nanosec: 794478197
level: 20
name: rviz2_moveit.moveit.core.robot_model
msg: No root/virtual joint specified in SRDF. Assuming fixed joint
file: ./robot_model/src/robot_model.cpp
function: constructJointModel
line: 1038
---
stamp:
  sec: 1778291697
  nanosec: 16025265
level: 20
name: rviz2_moveit.moveit.kinematics.kdl_kinematics_plugin
msg: 'Joint weights for group ''manipulator'': 1 1 1 1 1 1 1'
file: ./kdl_kinematics_plugin/src/kdl_kinematics_plugin.cpp
function: getJointWeights
line: 120
---
stamp:
  sec: 1778291697
  nanosec: 144146408
level: 30
name: controller_manager
msg: 'Overrun detected! The controller manager missed its desired rate of 1000 Hz. The loop took 1.026961 ms (missed cycles : 2).'
file: /home/helenlu/texture_sort/src/third_party/kinova/ros2_control/controller_manager/src/ros2_control_node.cpp
function: operator()
line: 176
---
stamp:
  sec: 1778291697
  nanosec: 326661860
level: 30
name: controller_manager
msg: 'Overrun might occur, Total time : 1404.802 us (Expected < 1000.000 us) --> Read time : 117.638 us, Update time : 517.493 us, Wri...'
file: /home/helenlu/texture_sort/src/third_party/kinova/ros2_control/controller_manager/src/controller_manager.cpp
function: write
line: 3628
---
stamp:
  sec: 1778291697
  nanosec: 453226116
level: 20
name: rviz2_moveit.moveit.ros.planning_scene_monitor
msg: Starting planning scene monitor
file: ./planning_scene_monitor/src/planning_scene_monitor.cpp
function: startSceneMonitor
line: 1201
---
stamp:
  sec: 1778291697
  nanosec: 455604046
level: 20
name: rviz2_moveit.moveit.ros.planning_scene_monitor
msg: Listening to '/monitored_planning_scene'
file: ./planning_scene_monitor/src/planning_scene_monitor.cpp
function: startSceneMonitor
line: 1209
---
stamp:
  sec: 1778291697
  nanosec: 859658405
level: 20
name: interactive_marker_display_104847054941632
msg: 'Connected on namespace: /rviz_moveit_motion_planning_display/robot_interaction_interactive_marker_topic'
file: ./src/interactive_marker_client.cpp
function: updateStatus
line: 413
---
stamp:
  sec: 1778291697
  nanosec: 875812662
level: 20
name: rviz2_moveit.moveit.ros.robot_interaction
msg: No active joints or end effectors found for group 'gripper'. Make sure that kinematics.yaml is loaded in this node's namespace.
file: ./src/robot_interaction.cpp
function: decideActiveComponents
line: 105
---
stamp:
  sec: 1778291697
  nanosec: 876911223
level: 20
name: rviz2_moveit.moveit.ros.robot_interaction
msg: No active joints or end effectors found for group 'gripper'. Make sure that kinematics.yaml is loaded in this node's namespace.
file: ./src/robot_interaction.cpp
function: decideActiveComponents
line: 105
---
stamp:
  sec: 1778291697
  nanosec: 906167759
level: 30
name: move_group.moveit.moveit.ros.planning_scene_monitor
msg: Unable to transform object from frame 'external_camera_depth_frame' to planning frame'world' (Could not find a connection betwee...
file: ./planning_scene_monitor/src/planning_scene_monitor.cpp
function: getUpdatedFrameTransforms
line: 1574
---
stamp:
  sec: 1778291697
  nanosec: 906289017
level: 30
name: move_group.moveit.moveit.ros.planning_scene_monitor
msg: Unable to transform object from frame 'external_camera_link' to planning frame'world' (Could not find a connection between 'worl...
file: ./planning_scene_monitor/src/planning_scene_monitor.cpp
function: getUpdatedFrameTransforms
line: 1574
---
stamp:
  sec: 1778291697
  nanosec: 906351401
level: 30
name: move_group.moveit.moveit.ros.planning_scene_monitor
msg: Unable to transform object from frame 'external_camera_depth_optical_frame' to planning frame'world' (Could not find a connectio...
file: ./planning_scene_monitor/src/planning_scene_monitor.cpp
function: getUpdatedFrameTransforms
line: 1574
---
stamp:
  sec: 1778291697
  nanosec: 906409541
level: 30
name: move_group.moveit.moveit.ros.planning_scene_monitor
msg: Unable to transform object from frame 'external_camera_color_frame' to planning frame'world' (Could not find a connection betwee...
file: ./planning_scene_monitor/src/planning_scene_monitor.cpp
function: getUpdatedFrameTransforms
line: 1574
---
stamp:
  sec: 1778291697
  nanosec: 906462730
level: 30
name: move_group.moveit.moveit.ros.planning_scene_monitor
msg: Unable to transform object from frame 'external_camera_color_optical_frame' to planning frame'world' (Could not find a connectio...
file: ./planning_scene_monitor/src/planning_scene_monitor.cpp
function: getUpdatedFrameTransforms
line: 1574
---
stamp:
  sec: 1778291697
  nanosec: 916744832
level: 20
name: rviz2_moveit.moveit.ros.motion_planning_frame
msg: group gripper
file: ./motion_planning_rviz_plugin/src/motion_planning_frame.cpp
function: changePlanningGroupHelper
line: 384
---
stamp:
  sec: 1778291697
  nanosec: 916817706
level: 20
name: rviz2_moveit.moveit.ros.motion_planning_frame
msg: Constructing new MoveGroup connection for group 'gripper' in namespace ''
file: ./motion_planning_rviz_plugin/src/motion_planning_frame.cpp
function: changePlanningGroupHelper
line: 387
---
stamp:
  sec: 1778291697
  nanosec: 944356003
level: 20
name: interactive_marker_display_104847054941632
msg: Sending request for interactive markers
file: ./src/interactive_marker_client.cpp
function: updateStatus
line: 413
---
stamp:
  sec: 1778291697
  nanosec: 977709288
level: 20
name: rviz2_moveit.moveit.ros.move_group_interface
msg: Ready to take commands for planning group gripper.
file: ./move_group_interface/src/move_group_interface.cpp
function: MoveGroupInterfaceImpl
line: 200
---
stamp:
  sec: 1778291697
  nanosec: 979308816
level: 20
name: interactive_marker_display_104847054941632
msg: Service response received for initialization
file: ./src/interactive_marker_client.cpp
function: updateStatus
line: 413
---
stamp:
  sec: 1778291697
  nanosec: 997586776
level: 20
name: rviz2_moveit.moveit.ros.motion_planning_frame
msg: group gripper
file: ./motion_planning_rviz_plugin/src/motion_planning_frame.cpp
function: changePlanningGroupHelper
line: 384
---
stamp:
  sec: 1778291698
  nanosec: 150092817
level: 30
name: controller_manager
msg: 'Overrun detected! The controller manager missed its desired rate of 1000 Hz. The loop took 1.973523 ms (missed cycles : 2).'
file: /home/helenlu/texture_sort/src/third_party/kinova/ros2_control/controller_manager/src/ros2_control_node.cpp
function: operator()
line: 176
---
stamp:
  sec: 1778291698
  nanosec: 330687006
level: 30
name: controller_manager
msg: 'Overrun might occur, Total time : 2486.927 us (Expected < 1000.000 us) --> Read time : 36.952 us, Update time : 305.958 us, Writ...'
file: /home/helenlu/texture_sort/src/third_party/kinova/ros2_control/controller_manager/src/controller_manager.cpp
function: write
line: 3628
---
stamp:
  sec: 1778291699
  nanosec: 151621902
level: 30
name: controller_manager
msg: 'Overrun detected! The controller manager missed its desired rate of 1000 Hz. The loop took 1.504071 ms (missed cycles : 2).'
file: /home/helenlu/texture_sort/src/third_party/kinova/ros2_control/controller_manager/src/ros2_control_node.cpp
function: operator()
line: 176
---
stamp:
  sec: 1778291699
  nanosec: 330976092
level: 30
name: controller_manager
msg: 'Overrun might occur, Total time : 2785.318 us (Expected < 1000.000 us) --> Read time : 21.848 us, Update time : 192.606 us, Writ...'
file: /home/helenlu/texture_sort/src/third_party/kinova/ros2_control/controller_manager/src/controller_manager.cpp
function: write
line: 3628
---
stamp:
  sec: 1778291700
  nanosec: 152740494
level: 30
name: controller_manager
msg: 'Overrun detected! The controller manager missed its desired rate of 1000 Hz. The loop took 1.622794 ms (missed cycles : 2).'
file: /home/helenlu/texture_sort/src/third_party/kinova/ros2_control/controller_manager/src/ros2_control_node.cpp
function: operator()
line: 176
---
stamp:
  sec: 1778291700
  nanosec: 338020529
level: 30
name: controller_manager
msg: 'Overrun might occur, Total time : 4479.335 us (Expected < 1000.000 us) --> Read time : 37.429 us, Update time : 1205.873 us, Wri...'
file: /home/helenlu/texture_sort/src/third_party/kinova/ros2_control/controller_manager/src/controller_manager.cpp
function: write
line: 3628
---
stamp:
  sec: 1778291701
  nanosec: 154627852
level: 30
name: controller_manager
msg: 'Overrun detected! The controller manager missed its desired rate of 1000 Hz. The loop took 1.508610 ms (missed cycles : 2).'
file: /home/helenlu/texture_sort/src/third_party/kinova/ros2_control/controller_manager/src/ros2_control_node.cpp
function: operator()
line: 176
---
stamp:
  sec: 1778291701
  nanosec: 347966283
level: 30
name: controller_manager
msg: 'Overrun might occur, Total time : 9559.851 us (Expected < 1000.000 us) --> Read time : 46.527 us, Update time : 314.627 us, Writ...'
file: /home/helenlu/texture_sort/src/third_party/kinova/ros2_control/controller_manager/src/controller_manager.cpp
function: write
line: 3628
---
stamp:
  sec: 1778291702
  nanosec: 156320894
level: 30
name: controller_manager
msg: 'Overrun detected! The controller manager missed its desired rate of 1000 Hz. The loop took 1.202558 ms (missed cycles : 2).'
file: /home/helenlu/texture_sort/src/third_party/kinova/ros2_control/controller_manager/src/ros2_control_node.cpp
function: operator()
line: 176
---
stamp:
  sec: 1778291702
  nanosec: 348095190
level: 30
name: controller_manager
msg: 'Overrun might occur, Total time : 1821.328 us (Expected < 1000.000 us) --> Read time : 37.846 us, Update time : 765.555 us, Writ...'
file: /home/helenlu/texture_sort/src/third_party/kinova/ros2_control/controller_manager/src/controller_manager.cpp
function: write
line: 3628
---
stamp:
  sec: 1778291702
  nanosec: 349367102
level: 20
name: tactile_node
msg: 'Loaded reference images per class: {1: 11, 2: 10, 3: 10}'
file: /home/helenlu/texture_sort/install/perception/lib/python3.12/site-packages/perception/tactile_node.py
function: __init__
line: 36
---
stamp:
  sec: 1778291702
  nanosec: 379872606
level: 20
name: tactile_node
msg: tactile_node ready
file: /home/helenlu/texture_sort/install/perception/lib/python3.12/site-packages/perception/tactile_node.py
function: __init__
line: 43
---
stamp:
  sec: 1778291703
  nanosec: 165181665
level: 30
name: controller_manager
msg: 'Overrun detected! The controller manager missed its desired rate of 1000 Hz. The loop took 2.063165 ms (missed cycles : 3).'
file: /home/helenlu/texture_sort/src/third_party/kinova/ros2_control/controller_manager/src/ros2_control_node.cpp
function: operator()
line: 176
---
stamp:
  sec: 1778291703
  nanosec: 350278033
level: 30
name: controller_manager
msg: 'Overrun might occur, Total time : 1749.105 us (Expected < 1000.000 us) --> Read time : 29.713 us, Update time : 950.905 us, Writ...'
file: /home/helenlu/texture_sort/src/third_party/kinova/ros2_control/controller_manager/src/controller_manager.cpp
function: write
line: 3628
---
stamp:
  sec: 1778291704
  nanosec: 166144926
level: 30
name: controller_manager
msg: 'Overrun detected! The controller manager missed its desired rate of 1000 Hz. The loop took 1.025149 ms (missed cycles : 2).'
file: /home/helenlu/texture_sort/src/third_party/kinova/ros2_control/controller_manager/src/ros2_control_node.cpp
function: operator()
line: 176
---
stamp:
  sec: 1778291704
  nanosec: 360636581
level: 30
name: controller_manager
msg: 'Overrun might occur, Total time : 1408.117 us (Expected < 1000.000 us) --> Read time : 89.675 us, Update time : 567.902 us, Writ...'
file: /home/helenlu/texture_sort/src/third_party/kinova/ros2_control/controller_manager/src/controller_manager.cpp
function: write
line: 3628
---
stamp:
  sec: 1778291705
  nanosec: 170308349
level: 30
name: controller_manager
msg: 'Overrun detected! The controller manager missed its desired rate of 1000 Hz. The loop took 1.190097 ms (missed cycles : 2).'
file: /home/helenlu/texture_sort/src/third_party/kinova/ros2_control/controller_manager/src/ros2_control_node.cpp
function: operator()
line: 176
---
stamp:
  sec: 1778291705
  nanosec: 367415689
level: 30
name: controller_manager
msg: 'Overrun might occur, Total time : 1213.640 us (Expected < 1000.000 us) --> Read time : 47.442 us, Update time : 249.826 us, Writ...'
file: /home/helenlu/texture_sort/src/third_party/kinova/ros2_control/controller_manager/src/controller_manager.cpp
function: write
line: 3628
---
stamp:
  sec: 1778291706
  nanosec: 172508760
level: 30
name: controller_manager
msg: 'Overrun detected! The controller manager missed its desired rate of 1000 Hz. The loop took 1.389427 ms (missed cycles : 2).'
file: /home/helenlu/texture_sort/src/third_party/kinova/ros2_control/controller_manager/src/ros2_control_node.cpp
function: operator()
line: 176
---
stamp:
  sec: 1778291706
  nanosec: 373989581
level: 30
name: controller_manager
msg: 'Overrun might occur, Total time : 1789.183 us (Expected < 1000.000 us) --> Read time : 22.256 us, Update time : 173.886 us, Writ...'
file: /home/helenlu/texture_sort/src/third_party/kinova/ros2_control/controller_manager/src/controller_manager.cpp
function: write
line: 3628
---
stamp:
  sec: 1778291707
  nanosec: 139537859
level: 20
name: task_manager_node
msg: '[task] restart_requested'
file: /home/helenlu/texture_sort/install/task_manager/lib/python3.12/site-packages/task_manager/task_manager_node.py
function: _log_state
line: 623
---
stamp:
  sec: 1778291707
  nanosec: 141656090
level: 20
name: task_manager_node
msg: '[task] open_gripper'
file: /home/helenlu/texture_sort/install/task_manager/lib/python3.12/site-packages/task_manager/task_manager_node.py
function: _log_state
line: 623
---
stamp:
  sec: 1778291707
  nanosec: 151184030
level: 20
name: grasp_node
msg: Commanding gripper to position=0.000, max_effort=50.0
file: /home/helenlu/texture_sort/install/manipulation/lib/python3.12/site-packages/manipulation/grasp_node.py
function: _gripper_cmd
line: 684
---
stamp:
  sec: 1778291707
  nanosec: 153223488
level: 20
name: robotiq_gripper_controller
msg: Received & accepted new action goal
file: /home/helenlu/texture_sort/src/third_party/kinova/ros2_controllers/gripper_controllers/include/gripper_controllers/gripper_actio...
function: goal_callback
line: 87
---
stamp:
  sec: 1778291707
  nanosec: 181223754
level: 30
name: controller_manager
msg: 'Overrun detected! The controller manager missed its desired rate of 1000 Hz. The loop took 1.106117 ms (missed cycles : 2).'
file: /home/helenlu/texture_sort/src/third_party/kinova/ros2_control/controller_manager/src/ros2_control_node.cpp
function: operator()
line: 176
---
stamp:
  sec: 1778291707
  nanosec: 216557091
level: 20
name: grasp_node
msg: 'Gripper result: position=0.004, effort=0.000, stalled=False, reached_goal=True'
file: /home/helenlu/texture_sort/install/manipulation/lib/python3.12/site-packages/manipulation/grasp_node.py
function: _gripper_cmd
line: 712
---
stamp:
  sec: 1778291707
  nanosec: 217922794
level: 20
name: task_manager_node
msg: '[task] go_to_pre_grasp (obj -1)'
file: /home/helenlu/texture_sort/install/task_manager/lib/python3.12/site-packages/task_manager/task_manager_node.py
function: _log_state
line: 623
---
stamp:
  sec: 1778291707
  nanosec: 224393691
level: 20
name: grasp_node
msg: '[go_to_pre_grasp] loading_pre_grasp_pose'
file: /home/helenlu/texture_sort/install/manipulation/lib/python3.12/site-packages/manipulation/grasp_node.py
function: fb
line: 502
---
stamp:
  sec: 1778291707
  nanosec: 231855225
level: 20
name: grasp_node
msg: 'Moving to pre_grasp: joint_1=-0.2643, joint_2=0.1094, joint_3=0.2209, joint_4=1.5038, joint_5=-0.0231, joint_6=1.5097, joint_7=-...'
file: /home/helenlu/texture_sort/install/manipulation/lib/python3.12/site-packages/manipulation/grasp_node.py
function: _go_to_pre_grasp_callback
line: 524
---
stamp:
  sec: 1778291707
  nanosec: 235520161
level: 20
name: grasp_node
msg: '[go_to_pre_grasp] moving_to_pre_grasp'
file: /home/helenlu/texture_sort/install/manipulation/lib/python3.12/site-packages/manipulation/grasp_node.py
function: fb
line: 502
---
stamp:
  sec: 1778291707
  nanosec: 238007996
level: 20
name: move_group.moveit.moveit.ros.move_group.move_action
msg: 'MoveGroupMoveAction: Received request'
file: ./src/default_capabilities/move_action_capability.cpp
function: operator()
line: 71
---
stamp:
  sec: 1778291707
  nanosec: 239837290
level: 30
name: move_group.moveit.moveit.ros.planning_scene_monitor
msg: Unable to transform object from frame 'external_camera_color_optical_frame' to planning frame'world' (Could not find a connectio...
file: ./planning_scene_monitor/src/planning_scene_monitor.cpp
function: getUpdatedFrameTransforms
line: 1574
---
stamp:
  sec: 1778291707
  nanosec: 240786181
level: 20
name: move_group
msg: Calling PlanningRequestAdapter 'ResolveConstraintFrames'
file: ./planning_pipeline/src/planning_pipeline.cpp
function: generatePlan
line: 278
---
stamp:
  sec: 1778291707
  nanosec: 241000123
level: 30
name: move_group.moveit.moveit.ros.validate_workspace_bounds
msg: It looks like the planning volume was not specified. Using default values.
file: ./planning_request_adapter_plugins/src/validate_workspace_bounds.cpp
function: adapt
line: 84
---
stamp:
  sec: 1778291707
  nanosec: 241102497
level: 20
name: move_group
msg: Calling PlanningRequestAdapter 'CheckStartStateBounds'
file: ./planning_pipeline/src/planning_pipeline.cpp
function: generatePlan
line: 278
---
stamp:
  sec: 1778291707
  nanosec: 241249702
level: 20
name: move_group
msg: Calling PlanningRequestAdapter 'CheckStartStateCollision'
file: ./planning_pipeline/src/planning_pipeline.cpp
function: generatePlan
line: 278
---
stamp:
  sec: 1778291707
  nanosec: 242449725
level: 20
name: move_group.moveit.moveit.planners.ompl.model_based_planning_context
msg: Planner configuration 'manipulator' will use planner 'geometric::RRTConnect'. Additional configuration parameters will be set wh...
file: ./ompl_interface/src/model_based_planning_context.cpp
function: useConfig
line: 420
---
stamp:
  sec: 1778291707
  nanosec: 242774523
level: 20
name: move_group
msg: Calling Planner 'OMPL'
file: ./planning_pipeline/src/planning_pipeline.cpp
function: generatePlan
line: 318
---
stamp:
  sec: 1778291707
  nanosec: 257611545
level: 20
name: move_group
msg: Calling PlanningResponseAdapter 'AddTimeOptimalParameterization'
file: ./planning_pipeline/src/planning_pipeline.cpp
function: generatePlan
line: 339
---
stamp:
  sec: 1778291707
  nanosec: 258159131
level: 20
name: move_group
msg: Calling PlanningResponseAdapter 'ValidateSolution'
file: ./planning_pipeline/src/planning_pipeline.cpp
function: generatePlan
line: 339
---
stamp:
  sec: 1778291707
  nanosec: 258452666
level: 20
name: move_group
msg: Calling PlanningResponseAdapter 'DisplayMotionPath'
file: ./planning_pipeline/src/planning_pipeline.cpp
function: generatePlan
line: 339
---
stamp:
  sec: 1778291707
  nanosec: 258728771
level: 30
name: move_group.moveit.moveit.ros.planning_pipeline
msg: The planner plugin did not fill out the 'planner_id' field of the MotionPlanResponse. Setting it to the planner ID name of the M...
file: ./planning_pipeline/src/planning_pipeline.cpp
function: generatePlan
line: 364
---
stamp:
  sec: 1778291707
  nanosec: 259072666
level: 20
name: move_group.moveit.moveit.plugins.simple_controller_manager
msg: Returned 2 controllers in list
file: ./src/moveit_simple_controller_manager.cpp
function: getControllersList
line: 274
---
stamp:
  sec: 1778291707
  nanosec: 262301557
level: 20
name: move_group.moveit.moveit.ros.trajectory_execution_manager
msg: Starting trajectory execution ...
file: ./trajectory_execution_manager/src/trajectory_execution_manager.cpp
function: executeThread
line: 1325
---
stamp:
  sec: 1778291707
  nanosec: 263172101
level: 20
name: move_group.moveit.moveit.plugins.simple_controller_manager
msg: Returned 2 controllers in list
file: ./src/moveit_simple_controller_manager.cpp
function: getControllersList
line: 274
---
stamp:
  sec: 1778291707
  nanosec: 263246425
level: 20
name: move_group.moveit.moveit.plugins.simple_controller_manager
msg: Returned 2 controllers in list
file: ./src/moveit_simple_controller_manager.cpp
function: getControllersList
line: 274
---
stamp:
  sec: 1778291707
  nanosec: 264321345
level: 20
name: joint_trajectory_controller
msg: Received new action goal
file: /home/helenlu/texture_sort/src/third_party/kinova/ros2_controllers/joint_trajectory_controller/src/joint_trajectory_controller.c...
function: goal_received_callback
line: 1490
---
stamp:
  sec: 1778291707
  nanosec: 264456812
level: 20
name: joint_trajectory_controller
msg: Accepted new action goal
file: /home/helenlu/texture_sort/src/third_party/kinova/ros2_controllers/joint_trajectory_controller/src/joint_trajectory_controller.c...
function: goal_received_callback
line: 1505
---
stamp:
  sec: 1778291707
  nanosec: 380524252
level: 30
name: controller_manager
msg: 'Overrun might occur, Total time : 1326.864 us (Expected < 1000.000 us) --> Read time : 52.271 us, Update time : 372.169 us, Writ...'
file: /home/helenlu/texture_sort/src/third_party/kinova/ros2_control/controller_manager/src/controller_manager.cpp
function: write
line: 3628
---
stamp:
  sec: 1778291707
  nanosec: 414435179
level: 20
name: joint_trajectory_controller
msg: Goal reached, success!
file: /home/helenlu/texture_sort/src/third_party/kinova/ros2_controllers/joint_trajectory_controller/src/joint_trajectory_controller.c...
function: update
line: 493
---
stamp:
  sec: 1778291707
  nanosec: 419777608
level: 20
name: move_group.moveit.moveit.ros.trajectory_execution_manager
msg: Completed trajectory execution with status SUCCEEDED ...
file: ./trajectory_execution_manager/src/trajectory_execution_manager.cpp
function: executeThread
line: 1354
---
stamp:
  sec: 1778291707
  nanosec: 422630025
level: 20
name: move_group.moveit.moveit.ros.move_group.move_action
msg: Solution was found and executed.
file: ./src/default_capabilities/move_action_capability.cpp
function: executeMoveCallback
line: 111
---
stamp:
  sec: 1778291707
  nanosec: 435692169
level: 20
name: grasp_node
msg: '[go_to_pre_grasp] done'
file: /home/helenlu/texture_sort/install/manipulation/lib/python3.12/site-packages/manipulation/grasp_node.py
function: fb
line: 502
---
stamp:
  sec: 1778291707
  nanosec: 438800287
level: 20
name: task_manager_node
msg: '[task] stabilize_object_locations — waiting 1.5s for object groundings'
file: /home/helenlu/texture_sort/install/task_manager/lib/python3.12/site-packages/task_manager/task_manager_node.py
function: _log_state
line: 623
---
stamp:
  sec: 1778291707
  nanosec: 439474704
level: 20
name: task_manager_node
msg: Waiting 1.0s for arm to stabilize
file: /home/helenlu/texture_sort/install/task_manager/lib/python3.12/site-packages/task_manager/task_manager_node.py
function: _wait_for_arm_to_stabilize
line: 317
---
stamp:
  sec: 1778291708
  nanosec: 183225842
level: 30
name: controller_manager
msg: 'Overrun detected! The controller manager missed its desired rate of 1000 Hz. The loop took 1.107550 ms (missed cycles : 2).'
file: /home/helenlu/texture_sort/src/third_party/kinova/ros2_control/controller_manager/src/ros2_control_node.cpp
function: operator()
line: 176
---
stamp:
  sec: 1778291708
  nanosec: 390388004
level: 30
name: controller_manager
msg: 'Overrun might occur, Total time : 2200.422 us (Expected < 1000.000 us) --> Read time : 22.948 us, Update time : 155.792 us, Writ...'
file: /home/helenlu/texture_sort/src/third_party/kinova/ros2_control/controller_manager/src/controller_manager.cpp
function: write
line: 3628
---
stamp:
  sec: 1778291709
  nanosec: 185214044
level: 30
name: controller_manager
msg: 'Overrun detected! The controller manager missed its desired rate of 1000 Hz. The loop took 2.094503 ms (missed cycles : 3).'
file: /home/helenlu/texture_sort/src/third_party/kinova/ros2_control/controller_manager/src/ros2_control_node.cpp
function: operator()
line: 176
---
stamp:
  sec: 1778291709
  nanosec: 391632029
level: 30
name: controller_manager
msg: 'Overrun might occur, Total time : 1433.031 us (Expected < 1000.000 us) --> Read time : 29.878 us, Update time : 594.782 us, Writ...'
file: /home/helenlu/texture_sort/src/third_party/kinova/ros2_control/controller_manager/src/controller_manager.cpp
function: write
line: 3628
---
stamp:
  sec: 1778291709
  nanosec: 942072895
level: 20
name: task_manager_node
msg: 'Refreshed visible object groundings at pre_grasp: [0, 3, 4, 5]'
file: /home/helenlu/texture_sort/install/task_manager/lib/python3.12/site-packages/task_manager/task_manager_node.py
function: _stabilize_object_locations
line: 332
---
stamp:
  sec: 1778291709
  nanosec: 942903340
level: 20
name: task_manager_node
msg: '[task] prepare_object_list — waiting up to 30.0s for /groundings'
file: /home/helenlu/texture_sort/install/task_manager/lib/python3.12/site-packages/task_manager/task_manager_node.py
function: _log_state
line: 623
---
stamp:
  sec: 1778291710
  nanosec: 188939045
level: 30
name: controller_manager
msg: 'Overrun detected! The controller manager missed its desired rate of 1000 Hz. The loop took 1.820365 ms (missed cycles : 2).'
file: /home/helenlu/texture_sort/src/third_party/kinova/ros2_control/controller_manager/src/ros2_control_node.cpp
function: operator()
line: 176
---
stamp:
  sec: 1778291710
  nanosec: 400419819
level: 30
name: controller_manager
msg: 'Overrun might occur, Total time : 1225.877 us (Expected < 1000.000 us) --> Read time : 70.562 us, Update time : 619.783 us, Writ...'
file: /home/helenlu/texture_sort/src/third_party/kinova/ros2_control/controller_manager/src/controller_manager.cpp
function: write
line: 3628
---
stamp:
  sec: 1778291711
  nanosec: 217326688
level: 30
name: controller_manager
msg: 'Overrun detected! The controller manager missed its desired rate of 1000 Hz. The loop took 1.208499 ms (missed cycles : 2).'
file: /home/helenlu/texture_sort/src/third_party/kinova/ros2_control/controller_manager/src/ros2_control_node.cpp
function: operator()
line: 176
---
stamp:
  sec: 1778291711
  nanosec: 424256466
level: 30
name: controller_manager
msg: 'Overrun might occur, Total time : 2054.264 us (Expected < 1000.000 us) --> Read time : 17.247 us, Update time : 111.018 us, Writ...'
file: /home/helenlu/texture_sort/src/third_party/kinova/ros2_control/controller_manager/src/controller_manager.cpp
function: write
line: 3628
---
stamp:
  sec: 1778291711
  nanosec: 446974240
level: 20
name: task_manager_node
msg: 'Detected 4 objects (sorted by ID): [0, 3, 4, 5]'
file: /home/helenlu/texture_sort/install/task_manager/lib/python3.12/site-packages/task_manager/task_manager_node.py
function: _prepare_object_list
line: 311
---
stamp:
  sec: 1778291711
  nanosec: 447597078
level: 20
name: task_manager_node
msg: '[task] go_to_pre_load (obj 0)'
file: /home/helenlu/texture_sort/install/task_manager/lib/python3.12/site-packages/task_manager/task_manager_node.py
function: _log_state
line: 623
---
stamp:
  sec: 1778291711
  nanosec: 454985193
level: 20
name: place_node
msg: '[go_to_pre_load] loading_pre_load_pose'
file: /home/helenlu/texture_sort/install/manipulation/lib/python3.12/site-packages/manipulation/place_node.py
function: fb
line: 126
---
stamp:
  sec: 1778291711
  nanosec: 463405706
level: 20
name: place_node
msg: '[go_to_pre_load] moving_to_pre_load'
file: /home/helenlu/texture_sort/install/manipulation/lib/python3.12/site-packages/manipulation/place_node.py
function: fb
line: 126
---
stamp:
  sec: 1778291711
  nanosec: 464074320
level: 20
name: place_node
msg: 'Moving to pre_load (joint goal): joint_1=-2.6010, joint_2=0.2263, joint_3=0.4509, joint_4=0.9699, joint_5=-0.0774, joint_6=1.886...'
file: /home/helenlu/texture_sort/install/manipulation/lib/python3.12/site-packages/manipulation/place_node.py
function: _go_to_pre_load_callback
line: 162
---
stamp:
  sec: 1778291711
  nanosec: 465731522
level: 20
name: move_group.moveit.moveit.ros.move_group.move_action
msg: 'MoveGroupMoveAction: Received request'
file: ./src/default_capabilities/move_action_capability.cpp
function: operator()
line: 71
---
stamp:
  sec: 1778291711
  nanosec: 466427752
level: 20
name: move_group.moveit.moveit.ros.move_group.move_action
msg: executing..
file: ./src/default_capabilities/move_action_capability.cpp
function: executeMoveCallback
line: 88
---
stamp:
  sec: 1778291711
  nanosec: 467759544
level: 30
name: move_group.moveit.moveit.ros.planning_scene_monitor
msg: Unable to transform object from frame 'external_camera_color_optical_frame' to planning frame'world' (Could not find a connectio...
file: ./planning_scene_monitor/src/planning_scene_monitor.cpp
function: getUpdatedFrameTransforms
line: 1574
---
stamp:
  sec: 1778291711
  nanosec: 468967942
level: 30
name: move_group.moveit.moveit.ros.validate_workspace_bounds
msg: It looks like the planning volume was not specified. Using default values.
file: ./planning_request_adapter_plugins/src/validate_workspace_bounds.cpp
function: adapt
line: 84
---
stamp:
  sec: 1778291711
  nanosec: 469082901
level: 20
name: move_group
msg: Calling PlanningRequestAdapter 'CheckStartStateBounds'
file: ./planning_pipeline/src/planning_pipeline.cpp
function: generatePlan
line: 278
---
stamp:
  sec: 1778291711
  nanosec: 469226478
level: 20
name: move_group
msg: Calling PlanningRequestAdapter 'CheckStartStateCollision'
file: ./planning_pipeline/src/planning_pipeline.cpp
function: generatePlan
line: 278
---
stamp:
  sec: 1778291711
  nanosec: 469705714
level: 20
name: move_group.moveit.moveit.planners.ompl.model_based_planning_context
msg: Planner configuration 'manipulator' will use planner 'geometric::RRTConnect'. Additional configuration parameters will be set wh...
file: ./ompl_interface/src/model_based_planning_context.cpp
function: useConfig
line: 420
---
stamp:
  sec: 1778291711
  nanosec: 469788265
level: 20
name: move_group
msg: Calling Planner 'OMPL'
file: ./planning_pipeline/src/planning_pipeline.cpp
function: generatePlan
line: 318
---
stamp:
  sec: 1778291711
  nanosec: 504546673
level: 20
name: move_group
msg: Calling PlanningResponseAdapter 'AddTimeOptimalParameterization'
file: ./planning_pipeline/src/planning_pipeline.cpp
function: generatePlan
line: 339
---
stamp:
  sec: 1778291711
  nanosec: 513676635
level: 20
name: move_group
msg: Calling PlanningResponseAdapter 'ValidateSolution'
file: ./planning_pipeline/src/planning_pipeline.cpp
function: generatePlan
line: 339
---
stamp:
  sec: 1778291711
  nanosec: 515658305
level: 20
name: move_group
msg: Calling PlanningResponseAdapter 'DisplayMotionPath'
file: ./planning_pipeline/src/planning_pipeline.cpp
function: generatePlan
line: 339
---
stamp:
  sec: 1778291711
  nanosec: 519145165
level: 20
name: move_group.moveit.moveit.ros.trajectory_execution_manager
msg: Starting trajectory execution ...
file: ./trajectory_execution_manager/src/trajectory_execution_manager.cpp
function: executeThread
line: 1325
---
stamp:
  sec: 1778291711
  nanosec: 519329521
level: 20
name: move_group.moveit.moveit.plugins.simple_controller_manager
msg: Returned 2 controllers in list
file: ./src/moveit_simple_controller_manager.cpp
function: getControllersList
line: 274
---
stamp:
  sec: 1778291711
  nanosec: 519441838
level: 20
name: move_group.moveit.moveit.plugins.simple_controller_manager
msg: Returned 2 controllers in list
file: ./src/moveit_simple_controller_manager.cpp
function: getControllersList
line: 274
---
stamp:
  sec: 1778291711
  nanosec: 520713348
level: 20
name: joint_trajectory_controller
msg: Received new action goal
file: /home/helenlu/texture_sort/src/third_party/kinova/ros2_controllers/joint_trajectory_controller/src/joint_trajectory_controller.c...
function: goal_received_callback
line: 1490
---
stamp:
  sec: 1778291711
  nanosec: 520820703
level: 20
name: joint_trajectory_controller
msg: Accepted new action goal
file: /home/helenlu/texture_sort/src/third_party/kinova/ros2_controllers/joint_trajectory_controller/src/joint_trajectory_controller.c...
function: goal_received_callback
line: 1505
---
stamp:
  sec: 1778291712
  nanosec: 222740148
level: 30
name: controller_manager
msg: 'Overrun detected! The controller manager missed its desired rate of 1000 Hz. The loop took 1.621052 ms (missed cycles : 2).'
file: /home/helenlu/texture_sort/src/third_party/kinova/ros2_control/controller_manager/src/ros2_control_node.cpp
function: operator()
line: 176
---
stamp:
  sec: 1778291712
  nanosec: 426560537
level: 30
name: controller_manager
msg: 'Overrun might occur, Total time : 2357.002 us (Expected < 1000.000 us) --> Read time : 57.623 us, Update time : 488.957 us, Writ...'
file: /home/helenlu/texture_sort/src/third_party/kinova/ros2_control/controller_manager/src/controller_manager.cpp
function: write
line: 3628
---
stamp:
  sec: 1778291713
  nanosec: 228270558
level: 30
name: controller_manager
msg: 'Overrun detected! The controller manager missed its desired rate of 1000 Hz. The loop took 3.152146 ms (missed cycles : 4).'
file: /home/helenlu/texture_sort/src/third_party/kinova/ros2_control/controller_manager/src/ros2_control_node.cpp
function: operator()
line: 176
---
stamp:
  sec: 1778291713
  nanosec: 429540744
level: 30
name: controller_manager
msg: 'Overrun might occur, Total time : 1348.043 us (Expected < 1000.000 us) --> Read time : 30.033 us, Update time : 893.040 us, Writ...'
file: /home/helenlu/texture_sort/src/third_party/kinova/ros2_control/controller_manager/src/controller_manager.cpp
function: write
line: 3628
---
stamp:
  sec: 1778291714
  nanosec: 239003424
level: 30
name: controller_manager
msg: 'Overrun detected! The controller manager missed its desired rate of 1000 Hz. The loop took 2.884826 ms (missed cycles : 3).'
file: /home/helenlu/texture_sort/src/third_party/kinova/ros2_control/controller_manager/src/ros2_control_node.cpp
function: operator()
line: 176
---
stamp:
  sec: 1778291714
  nanosec: 430180486
level: 30
name: controller_manager
msg: 'Overrun might occur, Total time : 2963.385 us (Expected < 1000.000 us) --> Read time : 74.904 us, Update time : 864.649 us, Writ...'
file: /home/helenlu/texture_sort/src/third_party/kinova/ros2_control/controller_manager/src/controller_manager.cpp
function: write
line: 3628
---
stamp:
  sec: 1778291715
  nanosec: 239232900
level: 30
name: controller_manager
msg: 'Overrun detected! The controller manager missed its desired rate of 1000 Hz. The loop took 1.114788 ms (missed cycles : 2).'
file: /home/helenlu/texture_sort/src/third_party/kinova/ros2_control/controller_manager/src/ros2_control_node.cpp
function: operator()
line: 176
---
stamp:
  sec: 1778291715
  nanosec: 441220324
level: 30
name: controller_manager
msg: 'Overrun might occur, Total time : 1281.850 us (Expected < 1000.000 us) --> Read time : 130.746 us, Update time : 561.056 us, Wri...'
file: /home/helenlu/texture_sort/src/third_party/kinova/ros2_control/controller_manager/src/controller_manager.cpp
function: write
line: 3628
---
stamp:
  sec: 1778291716
  nanosec: 251163348
level: 30
name: controller_manager
msg: 'Overrun detected! The controller manager missed its desired rate of 1000 Hz. The loop took 1.043900 ms (missed cycles : 2).'
file: /home/helenlu/texture_sort/src/third_party/kinova/ros2_control/controller_manager/src/ros2_control_node.cpp
function: operator()
line: 176
---
stamp:
  sec: 1778291716
  nanosec: 442577050
level: 30
name: controller_manager
msg: 'Overrun might occur, Total time : 2357.170 us (Expected < 1000.000 us) --> Read time : 40.675 us, Update time : 1373.135 us, Wri...'
file: /home/helenlu/texture_sort/src/third_party/kinova/ros2_control/controller_manager/src/controller_manager.cpp
function: write
line: 3628
---
stamp:
  sec: 1778291717
  nanosec: 258364439
level: 30
name: controller_manager
msg: 'Overrun detected! The controller manager missed its desired rate of 1000 Hz. The loop took 1.245029 ms (missed cycles : 2).'
file: /home/helenlu/texture_sort/src/third_party/kinova/ros2_control/controller_manager/src/ros2_control_node.cpp
function: operator()
line: 176
---
stamp:
  sec: 1778291717
  nanosec: 269316395
level: 20
name: joint_trajectory_controller
msg: Goal reached, success!
file: /home/helenlu/texture_sort/src/third_party/kinova/ros2_controllers/joint_trajectory_controller/src/joint_trajectory_controller.c...
function: update
line: 493
---
stamp:
  sec: 1778291717
  nanosec: 281591773
level: 20
name: move_group.moveit.moveit.ros.trajectory_execution_manager
msg: Completed trajectory execution with status SUCCEEDED ...
file: ./trajectory_execution_manager/src/trajectory_execution_manager.cpp
function: executeThread
line: 1354
---
stamp:
  sec: 1778291717
  nanosec: 282232255
level: 20
name: move_group.moveit.moveit.ros.move_group.move_action
msg: Solution was found and executed.
file: ./src/default_capabilities/move_action_capability.cpp
function: executeMoveCallback
line: 111
---
stamp:
  sec: 1778291717
  nanosec: 298679944
level: 20
name: place_node
msg: '[go_to_pre_load] done'
file: /home/helenlu/texture_sort/install/manipulation/lib/python3.12/site-packages/manipulation/place_node.py
function: fb
line: 126
---
stamp:
  sec: 1778291717
  nanosec: 301856781
level: 20
name: task_manager_node
msg: '[task] stabilize_box_position — waiting 1.0s for AprilTag 10'
file: /home/helenlu/texture_sort/install/task_manager/lib/python3.12/site-packages/task_manager/task_manager_node.py
function: _log_state
line: 623
---
stamp:
  sec: 1778291717
  nanosec: 302625681
level: 20
name: task_manager_node
msg: Waiting 1.0s for arm to stabilize
file: /home/helenlu/texture_sort/install/task_manager/lib/python3.12/site-packages/task_manager/task_manager_node.py
function: _wait_for_arm_to_stabilize
line: 317
---
stamp:
  sec: 1778291717
  nanosec: 446292125
level: 30
name: controller_manager
msg: 'Overrun might occur, Total time : 1105.027 us (Expected < 1000.000 us) --> Read time : 21.741 us, Update time : 351.512 us, Writ...'
file: /home/helenlu/texture_sort/src/third_party/kinova/ros2_control/controller_manager/src/controller_manager.cpp
function: write
line: 3628
---
stamp:
  sec: 1778291718
  nanosec: 258369899
level: 30
name: controller_manager
msg: 'Overrun detected! The controller manager missed its desired rate of 1000 Hz. The loop took 1.251860 ms (missed cycles : 2).'
file: /home/helenlu/texture_sort/src/third_party/kinova/ros2_control/controller_manager/src/ros2_control_node.cpp
function: operator()
line: 176
---
stamp:
  sec: 1778291718
  nanosec: 449030173
level: 30
name: controller_manager
msg: 'Overrun might occur, Total time : 3814.055 us (Expected < 1000.000 us) --> Read time : 64.356 us, Update time : 148.306 us, Writ...'
file: /home/helenlu/texture_sort/src/third_party/kinova/ros2_control/controller_manager/src/controller_manager.cpp
function: write
line: 3628
---
stamp:
  sec: 1778291719
  nanosec: 259474153
level: 30
name: controller_manager
msg: 'Overrun detected! The controller manager missed its desired rate of 1000 Hz. The loop took 3.355865 ms (missed cycles : 4).'
file: /home/helenlu/texture_sort/src/third_party/kinova/ros2_control/controller_manager/src/ros2_control_node.cpp
function: operator()
line: 176
---
stamp:
  sec: 1778291719
  nanosec: 305714205
level: 20
name: task_manager_node
msg: 'Cached stabilized box position in base_link: (-0.389, 0.284, 0.078)'
file: /home/helenlu/texture_sort/install/task_manager/lib/python3.12/site-packages/task_manager/task_manager_node.py
function: _stabilize_box_position
line: 353
---
stamp:
  sec: 1778291719
  nanosec: 306544611
level: 20
name: task_manager_node
msg: '[task] go_to_pre_grasp (obj 0)'
file: /home/helenlu/texture_sort/install/task_manager/lib/python3.12/site-packages/task_manager/task_manager_node.py
function: _log_state
line: 623
---
stamp:
  sec: 1778291719
  nanosec: 318371665
level: 20
name: grasp_node
msg: '[go_to_pre_grasp] loading_pre_grasp_pose'
file: /home/helenlu/texture_sort/install/manipulation/lib/python3.12/site-packages/manipulation/grasp_node.py
function: fb
line: 502
---
stamp:
  sec: 1778291719
  nanosec: 328751225
level: 20
name: grasp_node
msg: 'Moving to pre_grasp: joint_1=-0.2643, joint_2=0.1094, joint_3=0.2209, joint_4=1.5038, joint_5=-0.0231, joint_6=1.5097, joint_7=-...'
file: /home/helenlu/texture_sort/install/manipulation/lib/python3.12/site-packages/manipulation/grasp_node.py
function: _go_to_pre_grasp_callback
line: 524
---
stamp:
  sec: 1778291719
  nanosec: 332709163
level: 20
name: grasp_node
msg: '[go_to_pre_grasp] moving_to_pre_grasp'
file: /home/helenlu/texture_sort/install/manipulation/lib/python3.12/site-packages/manipulation/grasp_node.py
function: fb
line: 502
---
stamp:
  sec: 1778291719
  nanosec: 340289184
level: 20
name: move_group.moveit.moveit.ros.move_group.move_action
msg: 'MoveGroupMoveAction: Received request'
file: ./src/default_capabilities/move_action_capability.cpp
function: operator()
line: 71
---
stamp:
  sec: 1778291719
  nanosec: 343881139
level: 20
name: move_group.moveit.moveit.ros.move_group.move_action
msg: executing..
file: ./src/default_capabilities/move_action_capability.cpp
function: executeMoveCallback
line: 88
---
stamp:
  sec: 1778291719
  nanosec: 345547713
level: 30
name: move_group.moveit.moveit.ros.planning_scene_monitor
msg: Unable to transform object from frame 'external_camera_depth_optical_frame' to planning frame'world' (Could not find a connectio...
file: ./planning_scene_monitor/src/planning_scene_monitor.cpp
function: getUpdatedFrameTransforms
line: 1574
---
stamp:
  sec: 1778291719
  nanosec: 345982446
level: 20
name: move_group.moveit.moveit.ros.move_group.move_action
msg: Combined planning and execution request received for MoveGroup action. Forwarding to planning and execution pipeline.
file: ./src/default_capabilities/move_action_capability.cpp
function: executeMoveCallbackPlanAndExecute
line: 134
---
stamp:
  sec: 1778291719
  nanosec: 348067394
level: 30
name: move_group.moveit.moveit.ros.validate_workspace_bounds
msg: It looks like the planning volume was not specified. Using default values.
file: ./planning_request_adapter_plugins/src/validate_workspace_bounds.cpp
function: adapt
line: 84
---
stamp:
  sec: 1778291719
  nanosec: 348208206
level: 20
name: move_group
msg: Calling PlanningRequestAdapter 'CheckStartStateBounds'
file: ./planning_pipeline/src/planning_pipeline.cpp
function: generatePlan
line: 278
---
stamp:
  sec: 1778291719
  nanosec: 348361452
level: 20
name: move_group
msg: Calling PlanningRequestAdapter 'CheckStartStateCollision'
file: ./planning_pipeline/src/planning_pipeline.cpp
function: generatePlan
line: 278
---
stamp:
  sec: 1778291719
  nanosec: 349355591
level: 20
name: move_group.moveit.moveit.planners.ompl.model_based_planning_context
msg: Planner configuration 'manipulator' will use planner 'geometric::RRTConnect'. Additional configuration parameters will be set wh...
file: ./ompl_interface/src/model_based_planning_context.cpp
function: useConfig
line: 420
---
stamp:
  sec: 1778291719
  nanosec: 349517726
level: 20
name: move_group
msg: Calling Planner 'OMPL'
file: ./planning_pipeline/src/planning_pipeline.cpp
function: generatePlan
line: 318
---
stamp:
  sec: 1778291719
  nanosec: 373342419
level: 20
name: move_group
msg: Calling PlanningResponseAdapter 'AddTimeOptimalParameterization'
file: ./planning_pipeline/src/planning_pipeline.cpp
function: generatePlan
line: 339
---
stamp:
  sec: 1778291719
  nanosec: 383964559
level: 20
name: move_group
msg: Calling PlanningResponseAdapter 'ValidateSolution'
file: ./planning_pipeline/src/planning_pipeline.cpp
function: generatePlan
line: 339
---
stamp:
  sec: 1778291719
  nanosec: 386548447
level: 20
name: move_group
msg: Calling PlanningResponseAdapter 'DisplayMotionPath'
file: ./planning_pipeline/src/planning_pipeline.cpp
function: generatePlan
line: 339
---
stamp:
  sec: 1778291719
  nanosec: 388969103
level: 20
name: move_group.moveit.moveit.plugins.simple_controller_manager
msg: Returned 2 controllers in list
file: ./src/moveit_simple_controller_manager.cpp
function: getControllersList
line: 274
---
stamp:
  sec: 1778291719
  nanosec: 389120438
level: 20
name: move_group.moveit.moveit.ros.trajectory_execution_manager
msg: Validating trajectory with allowed_start_tolerance 0.01
file: ./trajectory_execution_manager/src/trajectory_execution_manager.cpp
function: validate
line: 933
---
stamp:
  sec: 1778291719
  nanosec: 390093903
level: 20
name: move_group.moveit.moveit.ros.trajectory_execution_manager
msg: Starting trajectory execution ...
file: ./trajectory_execution_manager/src/trajectory_execution_manager.cpp
function: executeThread
line: 1325
---
stamp:
  sec: 1778291719
  nanosec: 390226209
level: 20
name: move_group.moveit.moveit.plugins.simple_controller_manager
msg: Returned 2 controllers in list
file: ./src/moveit_simple_controller_manager.cpp
function: getControllersList
line: 274
---
stamp:
  sec: 1778291719
  nanosec: 390294124
level: 20
name: move_group.moveit.moveit.plugins.simple_controller_manager
msg: Returned 2 controllers in list
file: ./src/moveit_simple_controller_manager.cpp
function: getControllersList
line: 274
---
stamp:
  sec: 1778291719
  nanosec: 392086549
level: 20
name: joint_trajectory_controller
msg: Received new action goal
file: /home/helenlu/texture_sort/src/third_party/kinova/ros2_controllers/joint_trajectory_controller/src/joint_trajectory_controller.c...
function: goal_received_callback
line: 1490
---
stamp:
  sec: 1778291719
  nanosec: 392201114
level: 20
name: joint_trajectory_controller
msg: Accepted new action goal
file: /home/helenlu/texture_sort/src/third_party/kinova/ros2_controllers/joint_trajectory_controller/src/joint_trajectory_controller.c...
function: goal_received_callback
line: 1505
---
stamp:
  sec: 1778291719
  nanosec: 449893023
level: 30
name: controller_manager
msg: 'Overrun might occur, Total time : 4690.087 us (Expected < 1000.000 us) --> Read time : 25.151 us, Update time : 208.615 us, Writ...'
file: /home/helenlu/texture_sort/src/third_party/kinova/ros2_control/controller_manager/src/controller_manager.cpp
function: write
line: 3628
---
stamp:
  sec: 1778291720
  nanosec: 259915126
level: 30
name: controller_manager
msg: 'Overrun detected! The controller manager missed its desired rate of 1000 Hz. The loop took 1.795142 ms (missed cycles : 2).'
file: /home/helenlu/texture_sort/src/third_party/kinova/ros2_control/controller_manager/src/ros2_control_node.cpp
function: operator()
line: 176
---
stamp:
  sec: 1778291720
  nanosec: 452467615
level: 30
name: controller_manager
msg: 'Overrun might occur, Total time : 2263.110 us (Expected < 1000.000 us) --> Read time : 26.550 us, Update time : 414.485 us, Writ...'
file: /home/helenlu/texture_sort/src/third_party/kinova/ros2_control/controller_manager/src/controller_manager.cpp
function: write
line: 3628
---
stamp:
  sec: 1778291721
  nanosec: 260676642
level: 30
name: controller_manager
msg: 'Overrun detected! The controller manager missed its desired rate of 1000 Hz. The loop took 1.557474 ms (missed cycles : 2).'
file: /home/helenlu/texture_sort/src/third_party/kinova/ros2_control/controller_manager/src/ros2_control_node.cpp
function: operator()
line: 176
---
stamp:
  sec: 1778291721
  nanosec: 464941842
level: 30
name: controller_manager
msg: 'Overrun might occur, Total time : 1750.044 us (Expected < 1000.000 us) --> Read time : 25.307 us, Update time : 571.558 us, Writ...'
file: /home/helenlu/texture_sort/src/third_party/kinova/ros2_control/controller_manager/src/controller_manager.cpp
function: write
line: 3628
---
stamp:
  sec: 1778291722
  nanosec: 262418446
level: 30
name: controller_manager
msg: 'Overrun detected! The controller manager missed its desired rate of 1000 Hz. The loop took 2.298730 ms (missed cycles : 3).'
file: /home/helenlu/texture_sort/src/third_party/kinova/ros2_control/controller_manager/src/ros2_control_node.cpp
function: operator()
line: 176
---
stamp:
  sec: 1778291722
  nanosec: 492322196
level: 30
name: controller_manager
msg: 'Overrun might occur, Total time : 1131.283 us (Expected < 1000.000 us) --> Read time : 34.522 us, Update time : 430.479 us, Writ...'
file: /home/helenlu/texture_sort/src/third_party/kinova/ros2_control/controller_manager/src/controller_manager.cpp
function: write
line: 3628
---
stamp:
  sec: 1778291723
  nanosec: 264363174
level: 30
name: controller_manager
msg: 'Overrun detected! The controller manager missed its desired rate of 1000 Hz. The loop took 1.244904 ms (missed cycles : 2).'
file: /home/helenlu/texture_sort/src/third_party/kinova/ros2_control/controller_manager/src/ros2_control_node.cpp
function: operator()
line: 176
---
stamp:
  sec: 1778291723
  nanosec: 498333760
level: 30
name: controller_manager
msg: 'Overrun might occur, Total time : 1141.788 us (Expected < 1000.000 us) --> Read time : 27.054 us, Update time : 226.446 us, Writ...'
file: /home/helenlu/texture_sort/src/third_party/kinova/ros2_control/controller_manager/src/controller_manager.cpp
function: write
line: 3628
---
stamp:
  sec: 1778291724
  nanosec: 283563640
level: 30
name: controller_manager
msg: 'Overrun detected! The controller manager missed its desired rate of 1000 Hz. The loop took 1.444687 ms (missed cycles : 2).'
file: /home/helenlu/texture_sort/src/third_party/kinova/ros2_control/controller_manager/src/ros2_control_node.cpp
function: operator()
line: 176
---
stamp:
  sec: 1778291724
  nanosec: 518488937
level: 30
name: controller_manager
msg: 'Overrun might occur, Total time : 2296.404 us (Expected < 1000.000 us) --> Read time : 18.505 us, Update time : 124.254 us, Writ...'
file: /home/helenlu/texture_sort/src/third_party/kinova/ros2_control/controller_manager/src/controller_manager.cpp
function: write
line: 3628
---
stamp:
  sec: 1778291725
  nanosec: 131392918
level: 20
name: joint_trajectory_controller
msg: Goal reached, success!
file: /home/helenlu/texture_sort/src/third_party/kinova/ros2_controllers/joint_trajectory_controller/src/joint_trajectory_controller.c...
function: update
line: 493
---
stamp:
  sec: 1778291725
  nanosec: 149791200
level: 20
name: move_group.moveit.moveit.ros.trajectory_execution_manager
msg: Completed trajectory execution with status SUCCEEDED ...
file: ./trajectory_execution_manager/src/trajectory_execution_manager.cpp
function: executeThread
line: 1354
---
stamp:
  sec: 1778291725
  nanosec: 150396761
level: 20
name: move_group.moveit.moveit.ros.move_group.move_action
msg: Solution was found and executed.
file: ./src/default_capabilities/move_action_capability.cpp
function: executeMoveCallback
line: 111
---
stamp:
  sec: 1778291725
  nanosec: 162967904
level: 20
name: grasp_node
msg: '[go_to_pre_grasp] done'
file: /home/helenlu/texture_sort/install/manipulation/lib/python3.12/site-packages/manipulation/grasp_node.py
function: fb
line: 502
---
stamp:
  sec: 1778291725
  nanosec: 168065332
level: 20
name: task_manager_node
msg: '[task] stabilize_object_locations — waiting 1.5s for object groundings'
file: /home/helenlu/texture_sort/install/task_manager/lib/python3.12/site-packages/task_manager/task_manager_node.py
function: _log_state
line: 623
---
stamp:
  sec: 1778291725
  nanosec: 168817890
level: 20
name: task_manager_node
msg: Waiting 1.0s for arm to stabilize
file: /home/helenlu/texture_sort/install/task_manager/lib/python3.12/site-packages/task_manager/task_manager_node.py
function: _wait_for_arm_to_stabilize
line: 317
---
stamp:
  sec: 1778291725
  nanosec: 283906383
level: 30
name: controller_manager
msg: 'Overrun detected! The controller manager missed its desired rate of 1000 Hz. The loop took 1.787677 ms (missed cycles : 2).'
file: /home/helenlu/texture_sort/src/third_party/kinova/ros2_control/controller_manager/src/ros2_control_node.cpp
function: operator()
line: 176
---
stamp:
  sec: 1778291725
  nanosec: 557655469
level: 30
name: controller_manager
msg: 'Overrun might occur, Total time : 2466.815 us (Expected < 1000.000 us) --> Read time : 19.212 us, Update time : 126.367 us, Writ...'
file: /home/helenlu/texture_sort/src/third_party/kinova/ros2_control/controller_manager/src/controller_manager.cpp
function: write
line: 3628
---
stamp:
  sec: 1778291726
  nanosec: 285558497
level: 30
name: controller_manager
msg: 'Overrun detected! The controller manager missed its desired rate of 1000 Hz. The loop took 1.439990 ms (missed cycles : 2).'
file: /home/helenlu/texture_sort/src/third_party/kinova/ros2_control/controller_manager/src/ros2_control_node.cpp
function: operator()
line: 176
---
stamp:
  sec: 1778291726
  nanosec: 580580246
level: 30
name: controller_manager
msg: 'Overrun might occur, Total time : 2750.542 us (Expected < 1000.000 us) --> Read time : 30.415 us, Update time : 2195.510 us, Wri...'
file: /home/helenlu/texture_sort/src/third_party/kinova/ros2_control/controller_manager/src/controller_manager.cpp
function: write
line: 3628
---
stamp:
  sec: 1778291727
  nanosec: 286267537
level: 30
name: controller_manager
msg: 'Overrun detected! The controller manager missed its desired rate of 1000 Hz. The loop took 1.149729 ms (missed cycles : 2).'
file: /home/helenlu/texture_sort/src/third_party/kinova/ros2_control/controller_manager/src/ros2_control_node.cpp
function: operator()
line: 176
---
stamp:
  sec: 1778291727
  nanosec: 590204319
level: 30
name: controller_manager
msg: 'Overrun might occur, Total time : 2012.306 us (Expected < 1000.000 us) --> Read time : 29.266 us, Update time : 203.706 us, Writ...'
file: /home/helenlu/texture_sort/src/third_party/kinova/ros2_control/controller_manager/src/controller_manager.cpp
function: write
line: 3628
---
stamp:
  sec: 1778291727
  nanosec: 673550021
level: 30
name: task_manager_node
msg: No object groundings visible after pre_grasp stabilization.
file: /home/helenlu/texture_sort/install/task_manager/lib/python3.12/site-packages/task_manager/task_manager_node.py
function: _stabilize_object_locations
line: 334
---
stamp:
  sec: 1778291727
  nanosec: 674543322
level: 20
name: task_manager_node
msg: '[task] grasp_then_reset obj 0'
file: /home/helenlu/texture_sort/install/task_manager/lib/python3.12/site-packages/task_manager/task_manager_node.py
function: _log_state
line: 623
---
stamp:
  sec: 1778291727
  nanosec: 684872975
level: 20
name: grasp_node
msg: '[grasp 0] resolving_target_pose'
file: /home/helenlu/texture_sort/install/manipulation/lib/python3.12/site-packages/manipulation/grasp_node.py
function: fb
line: 259
---
stamp:
  sec: 1778291727
  nanosec: 685567709
level: 20
name: grasp_node
msg: '[grasp 0] waiting 1.0s for arm to stabilize'
file: /home/helenlu/texture_sort/install/manipulation/lib/python3.12/site-packages/manipulation/grasp_node.py
function: _wait_for_groundings_refresh
line: 376
---
stamp:
  sec: 1778291728
  nanosec: 289258140
level: 30
name: controller_manager
msg: 'Overrun detected! The controller manager missed its desired rate of 1000 Hz. The loop took 1.139716 ms (missed cycles : 2).'
file: /home/helenlu/texture_sort/src/third_party/kinova/ros2_control/controller_manager/src/ros2_control_node.cpp
function: operator()
line: 176
---
stamp:
  sec: 1778291728
  nanosec: 592382804
level: 30
name: controller_manager
msg: 'Overrun might occur, Total time : 1495.578 us (Expected < 1000.000 us) --> Read time : 49.970 us, Update time : 700.414 us, Writ...'
file: /home/helenlu/texture_sort/src/third_party/kinova/ros2_control/controller_manager/src/controller_manager.cpp
function: write
line: 3628
---
stamp:
  sec: 1778291728
  nanosec: 688570969
level: 20
name: grasp_node
msg: '[grasp 0] waiting 1.5s for object groundings'
file: /home/helenlu/texture_sort/install/manipulation/lib/python3.12/site-packages/manipulation/grasp_node.py
function: _wait_for_groundings_refresh
line: 381
---
stamp:
  sec: 1778291729
  nanosec: 290608510
level: 30
name: controller_manager
msg: 'Overrun detected! The controller manager missed its desired rate of 1000 Hz. The loop took 2.489930 ms (missed cycles : 3).'
file: /home/helenlu/texture_sort/src/third_party/kinova/ros2_control/controller_manager/src/ros2_control_node.cpp
function: operator()
line: 176
---
stamp:
  sec: 1778291729
  nanosec: 598271557
level: 30
name: controller_manager
msg: 'Overrun might occur, Total time : 1093.868 us (Expected < 1000.000 us) --> Read time : 23.496 us, Update time : 252.274 us, Writ...'
file: /home/helenlu/texture_sort/src/third_party/kinova/ros2_control/controller_manager/src/controller_manager.cpp
function: write
line: 3628
---
stamp:
  sec: 1778291730
  nanosec: 296403993
level: 30
name: controller_manager
msg: 'Overrun detected! The controller manager missed its desired rate of 1000 Hz. The loop took 2.284482 ms (missed cycles : 3).'
file: /home/helenlu/texture_sort/src/third_party/kinova/ros2_control/controller_manager/src/ros2_control_node.cpp
function: operator()
line: 176
---
stamp:
  sec: 1778291730
  nanosec: 598327456
level: 30
name: controller_manager
msg: 'Overrun might occur, Total time : 1124.150 us (Expected < 1000.000 us) --> Read time : 26.822 us, Update time : 351.649 us, Writ...'
file: /home/helenlu/texture_sort/src/third_party/kinova/ros2_control/controller_manager/src/controller_manager.cpp
function: write
line: 3628
---
stamp:
  sec: 1778291730
  nanosec: 599630438
level: 20
name: grasp_node
msg: '[debug] tf camera_color_frame -> base_link: trans=(0.4230, 0.0047, 0.5295)  quat=(-0.6970, 0.7169, -0.0074, 0.0141)'
file: /home/helenlu/texture_sort/install/manipulation/lib/python3.12/site-packages/manipulation/grasp_node.py
function: _resolve_grasp_target
line: 420
---
stamp:
  sec: 1778291730
  nanosec: 603703954
level: 20
name: grasp_node
msg: '[debug] object in base_link (pre-offset): pos=(0.4549, -0.0327, 0.0341)  quat=(-0.0169, -0.0642, 0.9960, 0.0596)'
file: /home/helenlu/texture_sort/install/manipulation/lib/python3.12/site-packages/manipulation/grasp_node.py
function: _resolve_grasp_target
line: 429
---
stamp:
  sec: 1778291730
  nanosec: 604919128
level: 20
name: grasp_node
msg: '[grasp 0] current end_effector_link pose in base_link: pos=(0.3668, 0.0063, 0.5247)  quat=(0.7169, 0.6970, 0.0141, 0.0074)'
file: /home/helenlu/texture_sort/install/manipulation/lib/python3.12/site-packages/manipulation/grasp_node.py
function: _run_grasp_sequence
line: 281
---
stamp:
  sec: 1778291730
  nanosec: 611333264
level: 20
name: grasp_node
msg: '[grasp 0] grasp_point target in base_link: pos=(0.4549, -0.0327, 0.0341)  quat=(0.7169, 0.6970, 0.0141, 0.0074)'
file: /home/helenlu/texture_sort/install/manipulation/lib/python3.12/site-packages/manipulation/grasp_node.py
function: _run_grasp_sequence
line: 286
---
stamp:
  sec: 1778291730
  nanosec: 613879321
level: 20
name: grasp_node
msg: '[grasp 0] grasp_point approach target in base_link: pos=(0.4549, -0.0327, 0.1541)'
file: /home/helenlu/texture_sort/install/manipulation/lib/python3.12/site-packages/manipulation/grasp_node.py
function: _run_grasp_sequence
line: 295
---
stamp:
  sec: 1778291730
  nanosec: 618459820
level: 20
name: grasp_node
msg: '[debug] commanded end_effector_link target after grasp_point offset: pos=(0.4516, -0.0089, 0.2843)  offset_in_base=(0.0033, -0.0...'
file: /home/helenlu/texture_sort/install/manipulation/lib/python3.12/site-packages/manipulation/grasp_node.py
function: _ee_target_for_grasp_point
line: 459
---
stamp:
  sec: 1778291730
  nanosec: 622650094
level: 20
name: grasp_node
msg: '[debug] commanded end_effector_link target after grasp_point offset: pos=(0.4516, -0.0089, 0.1643)  offset_in_base=(0.0033, -0.0...'
file: /home/helenlu/texture_sort/install/manipulation/lib/python3.12/site-packages/manipulation/grasp_node.py
function: _ee_target_for_grasp_point
line: 459
---
stamp:
  sec: 1778291730
  nanosec: 623516401
level: 20
name: grasp_node
msg: '[grasp 0] moving_to_approach'
file: /home/helenlu/texture_sort/install/manipulation/lib/python3.12/site-packages/manipulation/grasp_node.py
function: fb
line: 259
---
stamp:
  sec: 1778291730
  nanosec: 628465627
level: 30
name: move_group.moveit.moveit.ros.planning_scene_monitor
msg: Unable to transform object from frame 'external_camera_color_frame' to planning frame'world' (Could not find a connection betwee...
file: ./planning_scene_monitor/src/planning_scene_monitor.cpp
function: getUpdatedFrameTransforms
line: 1574
---
stamp:
  sec: 1778291730
  nanosec: 628576891
level: 30
name: move_group.moveit.moveit.ros.planning_scene_monitor
msg: Unable to transform object from frame 'external_camera_color_optical_frame' to planning frame'world' (Could not find a connectio...
file: ./planning_scene_monitor/src/planning_scene_monitor.cpp
function: getUpdatedFrameTransforms
line: 1574
---
stamp:
  sec: 1778291730
  nanosec: 632561462
level: 20
name: move_group
msg: Calling PlanningRequestAdapter 'ValidateWorkspaceBounds'
file: ./planning_pipeline/src/planning_pipeline.cpp
function: generatePlan
line: 278
---
stamp:
  sec: 1778291730
  nanosec: 632689693
level: 20
name: move_group
msg: Calling PlanningRequestAdapter 'CheckStartStateBounds'
file: ./planning_pipeline/src/planning_pipeline.cpp
function: generatePlan
line: 278
---
stamp:
  sec: 1778291730
  nanosec: 632834596
level: 20
name: move_group
msg: Calling PlanningRequestAdapter 'CheckStartStateCollision'
file: ./planning_pipeline/src/planning_pipeline.cpp
function: generatePlan
line: 278
---
stamp:
  sec: 1778291730
  nanosec: 634324082
level: 20
name: move_group.moveit.moveit.planners.ompl.model_based_planning_context
msg: Planner configuration 'manipulator' will use planner 'geometric::RRTConnect'. Additional configuration parameters will be set wh...
file: ./ompl_interface/src/model_based_planning_context.cpp
function: useConfig
line: 420
---
stamp:
  sec: 1778291730
  nanosec: 634487553
level: 20
name: move_group
msg: Calling Planner 'OMPL'
file: ./planning_pipeline/src/planning_pipeline.cpp
function: generatePlan
line: 318
---
stamp:
  sec: 1778291730
  nanosec: 658636548
level: 20
name: move_group
msg: Calling PlanningResponseAdapter 'AddTimeOptimalParameterization'
file: ./planning_pipeline/src/planning_pipeline.cpp
function: generatePlan
line: 339
---
stamp:
  sec: 1778291730
  nanosec: 666794492
level: 20
name: move_group
msg: Calling PlanningResponseAdapter 'ValidateSolution'
file: ./planning_pipeline/src/planning_pipeline.cpp
function: generatePlan
line: 339
---
stamp:
  sec: 1778291730
  nanosec: 669020615
level: 20
name: move_group
msg: Calling PlanningResponseAdapter 'DisplayMotionPath'
file: ./planning_pipeline/src/planning_pipeline.cpp
function: generatePlan
line: 339
---
stamp:
  sec: 1778291730
  nanosec: 669632702
level: 30
name: move_group.moveit.moveit.ros.planning_pipeline
msg: The planner plugin did not fill out the 'planner_id' field of the MotionPlanResponse. Setting it to the planner ID name of the M...
file: ./planning_pipeline/src/planning_pipeline.cpp
function: generatePlan
line: 364
---
stamp:
  sec: 1778291730
  nanosec: 674068391
level: 20
name: move_group.moveit.moveit.plugins.simple_controller_manager
msg: Returned 2 controllers in list
file: ./src/moveit_simple_controller_manager.cpp
function: getControllersList
line: 274
---
stamp:
  sec: 1778291730
  nanosec: 674801593
level: 20
name: move_group.moveit.moveit.plugins.simple_controller_manager
msg: Returned 2 controllers in list
file: ./src/moveit_simple_controller_manager.cpp
function: getControllersList
line: 274
---
stamp:
  sec: 1778291730
  nanosec: 675358880
level: 20
name: move_group.moveit.moveit.ros.trajectory_execution_manager
msg: Validating trajectory with allowed_start_tolerance 0.01
file: ./trajectory_execution_manager/src/trajectory_execution_manager.cpp
function: validate
line: 933
---
stamp:
  sec: 1778291730
  nanosec: 677139971
level: 20
name: move_group.moveit.moveit.ros.trajectory_execution_manager
msg: Starting trajectory execution ...
file: ./trajectory_execution_manager/src/trajectory_execution_manager.cpp
function: executeThread
line: 1325
---
stamp:
  sec: 1778291730
  nanosec: 677250284
level: 20
name: move_group.moveit.moveit.plugins.simple_controller_manager
msg: Returned 2 controllers in list
file: ./src/moveit_simple_controller_manager.cpp
function: getControllersList
line: 274
---
stamp:
  sec: 1778291730
  nanosec: 677311931
level: 20
name: move_group.moveit.moveit.plugins.simple_controller_manager
msg: Returned 2 controllers in list
file: ./src/moveit_simple_controller_manager.cpp
function: getControllersList
line: 274
---
stamp:
  sec: 1778291730
  nanosec: 678079577
level: 20
name: joint_trajectory_controller
msg: Received new action goal
file: /home/helenlu/texture_sort/src/third_party/kinova/ros2_controllers/joint_trajectory_controller/src/joint_trajectory_controller.c...
function: goal_received_callback
line: 1490
---
stamp:
  sec: 1778291730
  nanosec: 678183590
level: 20
name: joint_trajectory_controller
msg: Accepted new action goal
file: /home/helenlu/texture_sort/src/third_party/kinova/ros2_controllers/joint_trajectory_controller/src/joint_trajectory_controller.c...
function: goal_received_callback
line: 1505
---
stamp:
  sec: 1778291731
  nanosec: 299654842
level: 30
name: controller_manager
msg: 'Overrun detected! The controller manager missed its desired rate of 1000 Hz. The loop took 1.535337 ms (missed cycles : 2).'
file: /home/helenlu/texture_sort/src/third_party/kinova/ros2_control/controller_manager/src/ros2_control_node.cpp
function: operator()
line: 176
---
stamp:
  sec: 1778291731
  nanosec: 602054916
level: 30
name: controller_manager
msg: 'Overrun might occur, Total time : 1130.522 us (Expected < 1000.000 us) --> Read time : 76.517 us, Update time : 542.757 us, Writ...'
file: /home/helenlu/texture_sort/src/third_party/kinova/ros2_control/controller_manager/src/controller_manager.cpp
function: write
line: 3628
---
stamp:
  sec: 1778291732
  nanosec: 303983431
level: 30
name: controller_manager
msg: 'Overrun detected! The controller manager missed its desired rate of 1000 Hz. The loop took 2.864607 ms (missed cycles : 3).'
file: /home/helenlu/texture_sort/src/third_party/kinova/ros2_control/controller_manager/src/ros2_control_node.cpp
function: operator()
line: 176
---
stamp:
  sec: 1778291732
  nanosec: 604506304
level: 30
name: controller_manager
msg: 'Overrun might occur, Total time : 1285.416 us (Expected < 1000.000 us) --> Read time : 20.624 us, Update time : 673.446 us, Writ...'
file: /home/helenlu/texture_sort/src/third_party/kinova/ros2_control/controller_manager/src/controller_manager.cpp
function: write
line: 3628
---
stamp:
  sec: 1778291732
  nanosec: 854306237
level: 20
name: joint_trajectory_controller
msg: Goal reached, success!
file: /home/helenlu/texture_sort/src/third_party/kinova/ros2_controllers/joint_trajectory_controller/src/joint_trajectory_controller.c...
function: update
line: 493
---
stamp:
  sec: 1778291732
  nanosec: 893959882
level: 20
name: move_group.moveit.moveit.ros.trajectory_execution_manager
msg: Completed trajectory execution with status SUCCEEDED ...
file: ./trajectory_execution_manager/src/trajectory_execution_manager.cpp
function: executeThread
line: 1354
---
stamp:
  sec: 1778291732
  nanosec: 897361626
level: 20
name: move_group.moveit.moveit.ros.move_group.move_action
msg: Solution was found and executed.
file: ./src/default_capabilities/move_action_capability.cpp
function: executeMoveCallback
line: 111
---
stamp:
  sec: 1778291732
  nanosec: 923460378
level: 20
name: grasp_node
msg: '[grasp 0] lowering_to_object'
file: /home/helenlu/texture_sort/install/manipulation/lib/python3.12/site-packages/manipulation/grasp_node.py
function: fb
line: 259
---
stamp:
  sec: 1778291732
  nanosec: 938191170
level: 20
name: move_group.moveit.moveit.ros.move_group.move_action
msg: 'MoveGroupMoveAction: Received request'
file: ./src/default_capabilities/move_action_capability.cpp
function: operator()
line: 71
---
stamp:
  sec: 1778291732
  nanosec: 938877025
level: 20
name: move_group.moveit.moveit.ros.move_group.move_action
msg: executing..
file: ./src/default_capabilities/move_action_capability.cpp
function: executeMoveCallback
line: 88
---
stamp:
  sec: 1778291732
  nanosec: 946120274
level: 30
name: move_group.moveit.moveit.ros.planning_scene_monitor
msg: Unable to transform object from frame 'tag36h11:10' to planning frame'world' (Lookup would require extrapolation into the past. ...
file: ./planning_scene_monitor/src/planning_scene_monitor.cpp
function: getUpdatedFrameTransforms
line: 1574
---
stamp:
  sec: 1778291732
  nanosec: 946888661
level: 20
name: move_group
msg: Calling PlanningRequestAdapter 'ValidateWorkspaceBounds'
file: ./planning_pipeline/src/planning_pipeline.cpp
function: generatePlan
line: 278
---
stamp:
  sec: 1778291732
  nanosec: 947013594
level: 20
name: move_group
msg: Calling PlanningRequestAdapter 'CheckStartStateBounds'
file: ./planning_pipeline/src/planning_pipeline.cpp
function: generatePlan
line: 278
---
stamp:
  sec: 1778291732
  nanosec: 947159877
level: 20
name: move_group
msg: Calling PlanningRequestAdapter 'CheckStartStateCollision'
file: ./planning_pipeline/src/planning_pipeline.cpp
function: generatePlan
line: 278
---
stamp:
  sec: 1778291732
  nanosec: 947814515
level: 20
name: move_group.moveit.moveit.planners.ompl.model_based_planning_context
msg: Planner configuration 'manipulator' will use planner 'geometric::RRTConnect'. Additional configuration parameters will be set wh...
file: ./ompl_interface/src/model_based_planning_context.cpp
function: useConfig
line: 420
---
stamp:
  sec: 1778291732
  nanosec: 947999357
level: 20
name: move_group
msg: Calling Planner 'OMPL'
file: ./planning_pipeline/src/planning_pipeline.cpp
function: generatePlan
line: 318
---
stamp:
  sec: 1778291733
  nanosec: 21626744
level: 20
name: move_group
msg: Calling PlanningResponseAdapter 'AddTimeOptimalParameterization'
file: ./planning_pipeline/src/planning_pipeline.cpp
function: generatePlan
line: 339
---
stamp:
  sec: 1778291733
  nanosec: 25462865
level: 20
name: move_group
msg: Calling PlanningResponseAdapter 'ValidateSolution'
file: ./planning_pipeline/src/planning_pipeline.cpp
function: generatePlan
line: 339
---
stamp:
  sec: 1778291733
  nanosec: 26800777
level: 20
name: move_group
msg: Calling PlanningResponseAdapter 'DisplayMotionPath'
file: ./planning_pipeline/src/planning_pipeline.cpp
function: generatePlan
line: 339
---
stamp:
  sec: 1778291733
  nanosec: 28948590
level: 20
name: move_group.moveit.moveit.plugins.simple_controller_manager
msg: Returned 2 controllers in list
file: ./src/moveit_simple_controller_manager.cpp
function: getControllersList
line: 274
---
stamp:
  sec: 1778291733
  nanosec: 31837001
level: 20
name: move_group.moveit.moveit.ros.trajectory_execution_manager
msg: Starting trajectory execution ...
file: ./trajectory_execution_manager/src/trajectory_execution_manager.cpp
function: executeThread
line: 1325
---
stamp:
  sec: 1778291733
  nanosec: 32163333
level: 20
name: move_group.moveit.moveit.plugins.simple_controller_manager
msg: Returned 2 controllers in list
file: ./src/moveit_simple_controller_manager.cpp
function: getControllersList
line: 274
---
stamp:
  sec: 1778291733
  nanosec: 32224902
level: 20
name: move_group.moveit.moveit.plugins.simple_controller_manager
msg: Returned 2 controllers in list
file: ./src/moveit_simple_controller_manager.cpp
function: getControllersList
line: 274
---
stamp:
  sec: 1778291733
  nanosec: 33849680
level: 20
name: joint_trajectory_controller
msg: Received new action goal
file: /home/helenlu/texture_sort/src/third_party/kinova/ros2_controllers/joint_trajectory_controller/src/joint_trajectory_controller.c...
function: goal_received_callback
line: 1490
---
stamp:
  sec: 1778291733
  nanosec: 33948858
level: 20
name: joint_trajectory_controller
msg: Accepted new action goal
file: /home/helenlu/texture_sort/src/third_party/kinova/ros2_controllers/joint_trajectory_controller/src/joint_trajectory_controller.c...
function: goal_received_callback
line: 1505
---
stamp:
  sec: 1778291733
  nanosec: 306175252
level: 30
name: controller_manager
msg: 'Overrun detected! The controller manager missed its desired rate of 1000 Hz. The loop took 1.056103 ms (missed cycles : 2).'
file: /home/helenlu/texture_sort/src/third_party/kinova/ros2_control/controller_manager/src/ros2_control_node.cpp
function: operator()
line: 176
---
stamp:
  sec: 1778291733
  nanosec: 605081418
level: 30
name: controller_manager
msg: 'Overrun might occur, Total time : 1890.442 us (Expected < 1000.000 us) --> Read time : 22.435 us, Update time : 191.012 us, Writ...'
file: /home/helenlu/texture_sort/src/third_party/kinova/ros2_control/controller_manager/src/controller_manager.cpp
function: write
line: 3628
---
stamp:
  sec: 1778291734
  nanosec: 306784511
level: 30
name: controller_manager
msg: 'Overrun detected! The controller manager missed its desired rate of 1000 Hz. The loop took 1.666097 ms (missed cycles : 2).'
file: /home/helenlu/texture_sort/src/third_party/kinova/ros2_control/controller_manager/src/ros2_control_node.cpp
function: operator()
line: 176
---
stamp:
  sec: 1778291734
  nanosec: 606980266
level: 30
name: controller_manager
msg: 'Overrun might occur, Total time : 1789.606 us (Expected < 1000.000 us) --> Read time : 26.161 us, Update time : 186.088 us, Writ...'
file: /home/helenlu/texture_sort/src/third_party/kinova/ros2_control/controller_manager/src/controller_manager.cpp
function: write
line: 3628
---
stamp:
  sec: 1778291734
  nanosec: 926299785
level: 20
name: joint_trajectory_controller
msg: Goal reached, success!
file: /home/helenlu/texture_sort/src/third_party/kinova/ros2_controllers/joint_trajectory_controller/src/joint_trajectory_controller.c...
function: update
line: 493
---
stamp:
  sec: 1778291734
  nanosec: 947153932
level: 20
name: move_group.moveit.moveit.ros.trajectory_execution_manager
msg: Completed trajectory execution with status SUCCEEDED ...
file: ./trajectory_execution_manager/src/trajectory_execution_manager.cpp
function: executeThread
line: 1354
---
stamp:
  sec: 1778291734
  nanosec: 951964858
level: 20
name: move_group.moveit.moveit.ros.move_group.move_action
msg: Solution was found and executed.
file: ./src/default_capabilities/move_action_capability.cpp
function: executeMoveCallback
line: 111
---
stamp:
  sec: 1778291734
  nanosec: 960230571
level: 20
name: grasp_node
msg: '[grasp 0] closing_gripper'
file: /home/helenlu/texture_sort/install/manipulation/lib/python3.12/site-packages/manipulation/grasp_node.py
function: fb
line: 259
---
stamp:
  sec: 1778291734
  nanosec: 962305850
level: 20
name: grasp_node
msg: Commanding gripper to position=0.405, max_effort=50.0
file: /home/helenlu/texture_sort/install/manipulation/lib/python3.12/site-packages/manipulation/grasp_node.py
function: _gripper_cmd
line: 684
---
stamp:
  sec: 1778291734
  nanosec: 962677221
level: 20
name: robotiq_gripper_controller
msg: Received & accepted new action goal
file: /home/helenlu/texture_sort/src/third_party/kinova/ros2_controllers/gripper_controllers/include/gripper_controllers/gripper_actio...
function: goal_callback
line: 87
---
stamp:
  sec: 1778291735
  nanosec: 273322472
level: 20
name: grasp_node
msg: 'Gripper result: position=0.398, effort=50.000, stalled=False, reached_goal=True'
file: /home/helenlu/texture_sort/install/manipulation/lib/python3.12/site-packages/manipulation/grasp_node.py
function: _gripper_cmd
line: 712
---
stamp:
  sec: 1778291735
  nanosec: 276360388
level: 20
name: grasp_node
msg: '[grasp 0] holding_for_gelsight'
file: /home/helenlu/texture_sort/install/manipulation/lib/python3.12/site-packages/manipulation/grasp_node.py
function: fb
line: 259
---
stamp:
  sec: 1778291735
  nanosec: 314529553
level: 30
name: controller_manager
msg: 'Overrun detected! The controller manager missed its desired rate of 1000 Hz. The loop took 1.411142 ms (missed cycles : 2).'
file: /home/helenlu/texture_sort/src/third_party/kinova/ros2_control/controller_manager/src/ros2_control_node.cpp
function: operator()
line: 176
---
stamp:
  sec: 1778291735
  nanosec: 619552527
level: 30
name: controller_manager
msg: 'Overrun might occur, Total time : 1359.566 us (Expected < 1000.000 us) --> Read time : 25.167 us, Update time : 866.071 us, Writ...'
file: /home/helenlu/texture_sort/src/third_party/kinova/ros2_control/controller_manager/src/controller_manager.cpp
function: write
line: 3628
---
stamp:
  sec: 1778291736
  nanosec: 318159513
level: 30
name: controller_manager
msg: 'Overrun detected! The controller manager missed its desired rate of 1000 Hz. The loop took 1.039955 ms (missed cycles : 2).'
file: /home/helenlu/texture_sort/src/third_party/kinova/ros2_control/controller_manager/src/ros2_control_node.cpp
function: operator()
line: 176
---
stamp:
  sec: 1778291736
  nanosec: 627889208
level: 30
name: controller_manager
msg: 'Overrun might occur, Total time : 1356.108 us (Expected < 1000.000 us) --> Read time : 35.050 us, Update time : 236.769 us, Writ...'
file: /home/helenlu/texture_sort/src/third_party/kinova/ros2_control/controller_manager/src/controller_manager.cpp
function: write
line: 3628
---
stamp:
  sec: 1778291737
  nanosec: 278844840
level: 20
name: tactile_node
msg: Captured tactile image for object 0.
file: /home/helenlu/texture_sort/install/perception/lib/python3.12/site-packages/perception/tactile_node.py
function: _handle_capture
line: 71
---
stamp:
  sec: 1778291737
  nanosec: 291422722
level: 20
name: grasp_node
msg: Captured tactile image for object 0.
file: /home/helenlu/texture_sort/install/manipulation/lib/python3.12/site-packages/manipulation/grasp_node.py
function: _capture_tactile_image
line: 370
---
stamp:
  sec: 1778291737
  nanosec: 292353788
level: 20
name: grasp_node
msg: '[grasp 0] opening_gripper'
file: /home/helenlu/texture_sort/install/manipulation/lib/python3.12/site-packages/manipulation/grasp_node.py
function: fb
line: 259
---
stamp:
  sec: 1778291737
  nanosec: 300418291
level: 20
name: grasp_node
msg: Commanding gripper to position=0.000, max_effort=50.0
file: /home/helenlu/texture_sort/install/manipulation/lib/python3.12/site-packages/manipulation/grasp_node.py
function: _gripper_cmd
line: 684
---
stamp:
  sec: 1778291737
  nanosec: 303669382
level: 20
name: robotiq_gripper_controller
msg: Received & accepted new action goal
file: /home/helenlu/texture_sort/src/third_party/kinova/ros2_controllers/gripper_controllers/include/gripper_controllers/gripper_actio...
function: goal_callback
line: 87
---
stamp:
  sec: 1778291737
  nanosec: 319614240
level: 30
name: controller_manager
msg: 'Overrun detected! The controller manager missed its desired rate of 1000 Hz. The loop took 2.494965 ms (missed cycles : 3).'
file: /home/helenlu/texture_sort/src/third_party/kinova/ros2_control/controller_manager/src/ros2_control_node.cpp
function: operator()
line: 176
---
stamp:
  sec: 1778291737
  nanosec: 635953712
level: 30
name: controller_manager
msg: 'Overrun might occur, Total time : 1982.317 us (Expected < 1000.000 us) --> Read time : 26.551 us, Update time : 188.770 us, Writ...'
file: /home/helenlu/texture_sort/src/third_party/kinova/ros2_control/controller_manager/src/controller_manager.cpp
function: write
line: 3628
---
stamp:
  sec: 1778291737
  nanosec: 664137083
level: 20
name: grasp_node
msg: 'Gripper result: position=0.007, effort=50.000, stalled=False, reached_goal=True'
file: /home/helenlu/texture_sort/install/manipulation/lib/python3.12/site-packages/manipulation/grasp_node.py
function: _gripper_cmd
line: 712
---
stamp:
  sec: 1778291737
  nanosec: 667901415
level: 20
name: move_group.moveit.moveit.ros.move_group.move_action
msg: 'MoveGroupMoveAction: Received request'
file: ./src/default_capabilities/move_action_capability.cpp
function: operator()
line: 71
---
stamp:
  sec: 1778291737
  nanosec: 672510343
level: 20
name: move_group
msg: Calling PlanningRequestAdapter 'ValidateWorkspaceBounds'
file: ./planning_pipeline/src/planning_pipeline.cpp
function: generatePlan
line: 278
---
stamp:
  sec: 1778291737
  nanosec: 673087088
level: 20
name: move_group
msg: Calling PlanningRequestAdapter 'CheckStartStateBounds'
file: ./planning_pipeline/src/planning_pipeline.cpp
function: generatePlan
line: 278
---
stamp:
  sec: 1778291737
  nanosec: 691167562
level: 20
name: move_group.moveit.moveit.plugins.simple_controller_manager
msg: Returned 2 controllers in list
file: ./src/moveit_simple_controller_manager.cpp
function: getControllersList
line: 274
---
stamp:
  sec: 1778291737
  nanosec: 692745225
level: 20
name: move_group.moveit.moveit.ros.trajectory_execution_manager
msg: Starting trajectory execution ...
file: ./trajectory_execution_manager/src/trajectory_execution_manager.cpp
function: executeThread
line: 1325
---
stamp:
  sec: 1778291737
  nanosec: 692878557
level: 20
name: move_group.moveit.moveit.plugins.simple_controller_manager
msg: Returned 2 controllers in list
file: ./src/moveit_simple_controller_manager.cpp
function: getControllersList
line: 274
---
stamp:
  sec: 1778291737
  nanosec: 692945279
level: 20
name: move_group.moveit.moveit.plugins.simple_controller_manager
msg: Returned 2 controllers in list
file: ./src/moveit_simple_controller_manager.cpp
function: getControllersList
line: 274
---
stamp:
  sec: 1778291737
  nanosec: 696732644
level: 20
name: joint_trajectory_controller
msg: Received new action goal
file: /home/helenlu/texture_sort/src/third_party/kinova/ros2_controllers/joint_trajectory_controller/src/joint_trajectory_controller.c...
function: goal_received_callback
line: 1490
---
stamp:
  sec: 1778291737
  nanosec: 697038533
level: 20
name: joint_trajectory_controller
msg: Accepted new action goal
file: /home/helenlu/texture_sort/src/third_party/kinova/ros2_controllers/joint_trajectory_controller/src/joint_trajectory_controller.c...
function: goal_received_callback
line: 1505
---
stamp:
  sec: 1778291738
  nanosec: 326308777
level: 30
name: controller_manager
msg: 'Overrun detected! The controller manager missed its desired rate of 1000 Hz. The loop took 2.152343 ms (missed cycles : 3).'
file: /home/helenlu/texture_sort/src/third_party/kinova/ros2_control/controller_manager/src/ros2_control_node.cpp
function: operator()
line: 176
---
stamp:
  sec: 1778291738
  nanosec: 440320210
level: 20
name: joint_trajectory_controller
msg: Goal reached, success!
file: /home/helenlu/texture_sort/src/third_party/kinova/ros2_controllers/joint_trajectory_controller/src/joint_trajectory_controller.c...
function: update
line: 493
---
stamp:
  sec: 1778291738
  nanosec: 459206210
level: 20
name: move_group.moveit.moveit.ros.trajectory_execution_manager
msg: Completed trajectory execution with status SUCCEEDED ...
file: ./trajectory_execution_manager/src/trajectory_execution_manager.cpp
function: executeThread
line: 1354
---
stamp:
  sec: 1778291738
  nanosec: 463027769
level: 20
name: move_group.moveit.moveit.ros.move_group.move_action
msg: Solution was found and executed.
file: ./src/default_capabilities/move_action_capability.cpp
function: executeMoveCallback
line: 111
---
stamp:
  sec: 1778291738
  nanosec: 480084321
level: 20
name: grasp_node
msg: '[grasp 0] returning_to_pre_grasp'
file: /home/helenlu/texture_sort/install/manipulation/lib/python3.12/site-packages/manipulation/grasp_node.py
function: fb
line: 259
---
stamp:
  sec: 1778291738
  nanosec: 494247579
level: 20
name: grasp_node
msg: 'Returning to pre_grasp from /home/helenlu/texture_sort/install/manipulation/share/manipulation/pre_grasp_high.json: joint_1=-0.2...'
file: /home/helenlu/texture_sort/install/manipulation/lib/python3.12/site-packages/manipulation/grasp_node.py
function: return_to_pre_grasp
line: 481
---
stamp:
  sec: 1778291738
  nanosec: 503665570
level: 20
name: move_group.moveit.moveit.ros.move_group.move_action
msg: 'MoveGroupMoveAction: Received request'
file: ./src/default_capabilities/move_action_capability.cpp
function: operator()
line: 71
---
stamp:
  sec: 1778291738
  nanosec: 508762250
level: 20
name: move_group.moveit.moveit.ros.move_group.move_action
msg: executing..
file: ./src/default_capabilities/move_action_capability.cpp
function: executeMoveCallback
line: 88
---
stamp:
  sec: 1778291738
  nanosec: 509433014
level: 30
name: move_group.moveit.moveit.ros.planning_scene_monitor
msg: Unable to transform object from frame 'external_camera_depth_frame' to planning frame'world' (Could not find a connection betwee...
file: ./planning_scene_monitor/src/planning_scene_monitor.cpp
function: getUpdatedFrameTransforms
line: 1574
---
stamp:
  sec: 1778291738
  nanosec: 509505907
level: 30
name: move_group.moveit.moveit.ros.planning_scene_monitor
msg: Unable to transform object from frame 'external_camera_link' to planning frame'world' (Could not find a connection between 'worl...
file: ./planning_scene_monitor/src/planning_scene_monitor.cpp
function: getUpdatedFrameTransforms
line: 1574
---
stamp:
  sec: 1778291738
  nanosec: 510654853
level: 30
name: move_group.moveit.moveit.ros.validate_workspace_bounds
msg: It looks like the planning volume was not specified. Using default values.
file: ./planning_request_adapter_plugins/src/validate_workspace_bounds.cpp
function: adapt
line: 84
---
stamp:
  sec: 1778291738
  nanosec: 510759829
level: 20
name: move_group
msg: Calling PlanningRequestAdapter 'CheckStartStateBounds'
file: ./planning_pipeline/src/planning_pipeline.cpp
function: generatePlan
line: 278
---
stamp:
  sec: 1778291738
  nanosec: 510890910
level: 20
name: move_group
msg: Calling PlanningRequestAdapter 'CheckStartStateCollision'
file: ./planning_pipeline/src/planning_pipeline.cpp
function: generatePlan
line: 278
---
stamp:
  sec: 1778291738
  nanosec: 511396492
level: 20
name: move_group.moveit.moveit.planners.ompl.model_based_planning_context
msg: Planner configuration 'manipulator' will use planner 'geometric::RRTConnect'. Additional configuration parameters will be set wh...
file: ./ompl_interface/src/model_based_planning_context.cpp
function: useConfig
line: 420
---
stamp:
  sec: 1778291738
  nanosec: 511499477
level: 20
name: move_group
msg: Calling Planner 'OMPL'
file: ./planning_pipeline/src/planning_pipeline.cpp
function: generatePlan
line: 318
---
stamp:
  sec: 1778291738
  nanosec: 536432118
level: 20
name: move_group
msg: Calling PlanningResponseAdapter 'AddTimeOptimalParameterization'
file: ./planning_pipeline/src/planning_pipeline.cpp
function: generatePlan
line: 339
---
stamp:
  sec: 1778291738
  nanosec: 539531836
level: 20
name: move_group
msg: Calling PlanningResponseAdapter 'ValidateSolution'
file: ./planning_pipeline/src/planning_pipeline.cpp
function: generatePlan
line: 339
---
stamp:
  sec: 1778291738
  nanosec: 540297768
level: 20
name: move_group
msg: Calling PlanningResponseAdapter 'DisplayMotionPath'
file: ./planning_pipeline/src/planning_pipeline.cpp
function: generatePlan
line: 339
---
stamp:
  sec: 1778291738
  nanosec: 541344961
level: 20
name: move_group.moveit.moveit.plugins.simple_controller_manager
msg: Returned 2 controllers in list
file: ./src/moveit_simple_controller_manager.cpp
function: getControllersList
line: 274
---
stamp:
  sec: 1778291738
  nanosec: 541490117
level: 20
name: move_group.moveit.moveit.ros.trajectory_execution_manager
msg: Validating trajectory with allowed_start_tolerance 0.01
file: ./trajectory_execution_manager/src/trajectory_execution_manager.cpp
function: validate
line: 933
---
stamp:
  sec: 1778291738
  nanosec: 542065076
level: 20
name: move_group.moveit.moveit.ros.trajectory_execution_manager
msg: Starting trajectory execution ...
file: ./trajectory_execution_manager/src/trajectory_execution_manager.cpp
function: executeThread
line: 1325
---
stamp:
  sec: 1778291738
  nanosec: 542206825
level: 20
name: move_group.moveit.moveit.plugins.simple_controller_manager
msg: Returned 2 controllers in list
file: ./src/moveit_simple_controller_manager.cpp
function: getControllersList
line: 274
---
stamp:
  sec: 1778291738
  nanosec: 542304360
level: 20
name: move_group.moveit.moveit.plugins.simple_controller_manager
msg: Returned 2 controllers in list
file: ./src/moveit_simple_controller_manager.cpp
function: getControllersList
line: 274
---
stamp:
  sec: 1778291738
  nanosec: 544011804
level: 20
name: joint_trajectory_controller
msg: Received new action goal
file: /home/helenlu/texture_sort/src/third_party/kinova/ros2_controllers/joint_trajectory_controller/src/joint_trajectory_controller.c...
function: goal_received_callback
line: 1490
---
stamp:
  sec: 1778291738
  nanosec: 544098210
level: 20
name: joint_trajectory_controller
msg: Accepted new action goal
file: /home/helenlu/texture_sort/src/third_party/kinova/ros2_controllers/joint_trajectory_controller/src/joint_trajectory_controller.c...
function: goal_received_callback
line: 1505
---
stamp:
  sec: 1778291738
  nanosec: 648950786
level: 30
name: controller_manager
msg: 'Overrun might occur, Total time : 3758.530 us (Expected < 1000.000 us) --> Read time : 23.366 us, Update time : 227.647 us, Writ...'
file: /home/helenlu/texture_sort/src/third_party/kinova/ros2_control/controller_manager/src/controller_manager.cpp
function: write
line: 3628
---
stamp:
  sec: 1778291739
  nanosec: 327481366
level: 30
name: controller_manager
msg: 'Overrun detected! The controller manager missed its desired rate of 1000 Hz. The loop took 1.363440 ms (missed cycles : 2).'
file: /home/helenlu/texture_sort/src/third_party/kinova/ros2_control/controller_manager/src/ros2_control_node.cpp
function: operator()
line: 176
---
stamp:
  sec: 1778291739
  nanosec: 650565013
level: 30
name: controller_manager
msg: 'Overrun might occur, Total time : 1374.805 us (Expected < 1000.000 us) --> Read time : 19.175 us, Update time : 170.972 us, Writ...'
file: /home/helenlu/texture_sort/src/third_party/kinova/ros2_control/controller_manager/src/controller_manager.cpp
function: write
line: 3628
---
stamp:
  sec: 1778291740
  nanosec: 328620488
level: 30
name: controller_manager
msg: 'Overrun detected! The controller manager missed its desired rate of 1000 Hz. The loop took 1.498150 ms (missed cycles : 2).'
file: /home/helenlu/texture_sort/src/third_party/kinova/ros2_control/controller_manager/src/ros2_control_node.cpp
function: operator()
line: 176
---
stamp:
  sec: 1778291740
  nanosec: 653281275
level: 30
name: controller_manager
msg: 'Overrun might occur, Total time : 1084.563 us (Expected < 1000.000 us) --> Read time : 33.850 us, Update time : 311.138 us, Writ...'
file: /home/helenlu/texture_sort/src/third_party/kinova/ros2_control/controller_manager/src/controller_manager.cpp
function: write
line: 3628
---
stamp:
  sec: 1778291740
  nanosec: 696347558
level: 20
name: joint_trajectory_controller
msg: Goal reached, success!
file: /home/helenlu/texture_sort/src/third_party/kinova/ros2_controllers/joint_trajectory_controller/src/joint_trajectory_controller.c...
function: update
line: 493
---
stamp:
  sec: 1778291740
  nanosec: 747512467
level: 20
name: move_group.moveit.moveit.ros.trajectory_execution_manager
msg: Completed trajectory execution with status SUCCEEDED ...
file: ./trajectory_execution_manager/src/trajectory_execution_manager.cpp
function: executeThread
line: 1354
---
stamp:
  sec: 1778291740
  nanosec: 753315587
level: 20
name: move_group.moveit.moveit.ros.move_group.move_action
msg: Solution was found and executed.
file: ./src/default_capabilities/move_action_capability.cpp
function: executeMoveCallback
line: 111
---
stamp:
  sec: 1778291740
  nanosec: 761411329
level: 20
name: grasp_node
msg: '[grasp 0] done'
file: /home/helenlu/texture_sort/install/manipulation/lib/python3.12/site-packages/manipulation/grasp_node.py
function: fb
line: 259
---
stamp:
  sec: 1778291740
  nanosec: 765448849
level: 20
name: task_manager_node
msg: '[task] classify_texture obj 0'
file: /home/helenlu/texture_sort/install/task_manager/lib/python3.12/site-packages/task_manager/task_manager_node.py
function: _log_state
line: 623
---
stamp:
  sec: 1778291740
  nanosec: 828162482
level: 20
name: tactile_node
msg: 'Query features: bv=91.1 (thresh=100.0), tc=0.660 (thresh=0.5)'
file: /home/helenlu/texture_sort/install/perception/lib/python3.12/site-packages/perception/tactile_node.py
function: handle_classify_texture
line: 88
---
stamp:
  sec: 1778291741
  nanosec: 315019531
level: 20
name: tactile_node
msg: Object 0 -> texture class 1.
file: /home/helenlu/texture_sort/install/perception/lib/python3.12/site-packages/perception/tactile_node.py
function: handle_classify_texture
line: 93
---
stamp:
  sec: 1778291741
  nanosec: 317108704
level: 20
name: task_manager_node
msg: obj 0 → texture class 1
file: /home/helenlu/texture_sort/install/task_manager/lib/python3.12/site-packages/task_manager/task_manager_node.py
function: _state_classify_texture
line: 403
---
stamp:
  sec: 1778291741
  nanosec: 318187546
level: 20
name: task_manager_node
msg: '[task] go_to_pre_grasp (obj 3)'
file: /home/helenlu/texture_sort/install/task_manager/lib/python3.12/site-packages/task_manager/task_manager_node.py
function: _log_state
line: 623
---
stamp:
  sec: 1778291741
  nanosec: 322968928
level: 20
name: grasp_node
msg: '[go_to_pre_grasp] loading_pre_grasp_pose'
file: /home/helenlu/texture_sort/install/manipulation/lib/python3.12/site-packages/manipulation/grasp_node.py
function: fb
line: 502
---
stamp:
  sec: 1778291741
  nanosec: 327894442
level: 20
name: grasp_node
msg: 'Moving to pre_grasp: joint_1=-0.2643, joint_2=0.1094, joint_3=0.2209, joint_4=1.5038, joint_5=-0.0231, joint_6=1.5097, joint_7=-...'
file: /home/helenlu/texture_sort/install/manipulation/lib/python3.12/site-packages/manipulation/grasp_node.py
function: _go_to_pre_grasp_callback
line: 524
---
stamp:
  sec: 1778291741
  nanosec: 331612802
level: 20
name: grasp_node
msg: '[go_to_pre_grasp] moving_to_pre_grasp'
file: /home/helenlu/texture_sort/install/manipulation/lib/python3.12/site-packages/manipulation/grasp_node.py
function: fb
line: 502
---
stamp:
  sec: 1778291741
  nanosec: 332774153
level: 30
name: controller_manager
msg: 'Overrun detected! The controller manager missed its desired rate of 1000 Hz. The loop took 3.655952 ms (missed cycles : 4).'
file: /home/helenlu/texture_sort/src/third_party/kinova/ros2_control/controller_manager/src/ros2_control_node.cpp
function: operator()
line: 176
---
stamp:
  sec: 1778291741
  nanosec: 333292543
level: 20
name: move_group.moveit.moveit.ros.move_group.move_action
msg: 'MoveGroupMoveAction: Received request'
file: ./src/default_capabilities/move_action_capability.cpp
function: operator()
line: 71
---
stamp:
  sec: 1778291741
  nanosec: 339686841
level: 30
name: move_group.moveit.moveit.ros.validate_workspace_bounds
msg: It looks like the planning volume was not specified. Using default values.
file: ./planning_request_adapter_plugins/src/validate_workspace_bounds.cpp
function: adapt
line: 84
---
stamp:
  sec: 1778291741
  nanosec: 339780329
level: 20
name: move_group
msg: Calling PlanningRequestAdapter 'CheckStartStateBounds'
file: ./planning_pipeline/src/planning_pipeline.cpp
function: generatePlan
line: 278
---
stamp:
  sec: 1778291741
  nanosec: 339978848
level: 20
name: move_group
msg: Calling PlanningRequestAdapter 'CheckStartStateCollision'
file: ./planning_pipeline/src/planning_pipeline.cpp
function: generatePlan
line: 278
---
stamp:
  sec: 1778291741
  nanosec: 340479764
level: 20
name: move_group.moveit.moveit.planners.ompl.model_based_planning_context
msg: Planner configuration 'manipulator' will use planner 'geometric::RRTConnect'. Additional configuration parameters will be set wh...
file: ./ompl_interface/src/model_based_planning_context.cpp
function: useConfig
line: 420
---
stamp:
  sec: 1778291741
  nanosec: 340600103
level: 20
name: move_group
msg: Calling Planner 'OMPL'
file: ./planning_pipeline/src/planning_pipeline.cpp
function: generatePlan
line: 318
---
stamp:
  sec: 1778291741
  nanosec: 354073203
level: 20
name: move_group
msg: Calling PlanningResponseAdapter 'AddTimeOptimalParameterization'
file: ./planning_pipeline/src/planning_pipeline.cpp
function: generatePlan
line: 339
---
stamp:
  sec: 1778291741
  nanosec: 355316694
level: 20
name: move_group
msg: Calling PlanningResponseAdapter 'ValidateSolution'
file: ./planning_pipeline/src/planning_pipeline.cpp
function: generatePlan
line: 339
---
stamp:
  sec: 1778291741
  nanosec: 355594887
level: 20
name: move_group
msg: Calling PlanningResponseAdapter 'DisplayMotionPath'
file: ./planning_pipeline/src/planning_pipeline.cpp
function: generatePlan
line: 339
---
stamp:
  sec: 1778291741
  nanosec: 355802052
level: 30
name: move_group.moveit.moveit.ros.planning_pipeline
msg: The planner plugin did not fill out the 'planner_id' field of the MotionPlanResponse. Setting it to the planner ID name of the M...
file: ./planning_pipeline/src/planning_pipeline.cpp
function: generatePlan
line: 364
---
stamp:
  sec: 1778291741
  nanosec: 361189613
level: 20
name: move_group.moveit.moveit.plugins.simple_controller_manager
msg: Returned 2 controllers in list
file: ./src/moveit_simple_controller_manager.cpp
function: getControllersList
line: 274
---
stamp:
  sec: 1778291741
  nanosec: 361272127
level: 20
name: move_group.moveit.moveit.plugins.simple_controller_manager
msg: Returned 2 controllers in list
file: ./src/moveit_simple_controller_manager.cpp
function: getControllersList
line: 274
---
stamp:
  sec: 1778291741
  nanosec: 361379034
level: 20
name: move_group.moveit.moveit.ros.trajectory_execution_manager
msg: Validating trajectory with allowed_start_tolerance 0.01
file: ./trajectory_execution_manager/src/trajectory_execution_manager.cpp
function: validate
line: 933
---
stamp:
  sec: 1778291741
  nanosec: 369285075
level: 20
name: move_group.moveit.moveit.ros.trajectory_execution_manager
msg: Starting trajectory execution ...
file: ./trajectory_execution_manager/src/trajectory_execution_manager.cpp
function: executeThread
line: 1325
---
stamp:
  sec: 1778291741
  nanosec: 369438623
level: 20
name: move_group.moveit.moveit.plugins.simple_controller_manager
msg: Returned 2 controllers in list
file: ./src/moveit_simple_controller_manager.cpp
function: getControllersList
line: 274
---
stamp:
  sec: 1778291741
  nanosec: 370975455
level: 20
name: move_group.moveit.moveit.plugins.simple_controller_manager
msg: Returned 2 controllers in list
file: ./src/moveit_simple_controller_manager.cpp
function: getControllersList
line: 274
---
stamp:
  sec: 1778291741
  nanosec: 375226226
level: 20
name: joint_trajectory_controller
msg: Received new action goal
file: /home/helenlu/texture_sort/src/third_party/kinova/ros2_controllers/joint_trajectory_controller/src/joint_trajectory_controller.c...
function: goal_received_callback
line: 1490
---
stamp:
  sec: 1778291741
  nanosec: 375333221
level: 20
name: joint_trajectory_controller
msg: Accepted new action goal
file: /home/helenlu/texture_sort/src/third_party/kinova/ros2_controllers/joint_trajectory_controller/src/joint_trajectory_controller.c...
function: goal_received_callback
line: 1505
---
stamp:
  sec: 1778291741
  nanosec: 481343494
level: 20
name: joint_trajectory_controller
msg: Goal reached, success!
file: /home/helenlu/texture_sort/src/third_party/kinova/ros2_controllers/joint_trajectory_controller/src/joint_trajectory_controller.c...
function: update
line: 493
---
stamp:
  sec: 1778291741
  nanosec: 528579441
level: 20
name: move_group.moveit.moveit.ros.trajectory_execution_manager
msg: Completed trajectory execution with status SUCCEEDED ...
file: ./trajectory_execution_manager/src/trajectory_execution_manager.cpp
function: executeThread
line: 1354
---
stamp:
  sec: 1778291741
  nanosec: 529413096
level: 20
name: move_group.moveit.moveit.ros.move_group.move_action
msg: Solution was found and executed.
file: ./src/default_capabilities/move_action_capability.cpp
function: executeMoveCallback
line: 111
---
stamp:
  sec: 1778291741
  nanosec: 535777654
level: 20
name: grasp_node
msg: '[go_to_pre_grasp] done'
file: /home/helenlu/texture_sort/install/manipulation/lib/python3.12/site-packages/manipulation/grasp_node.py
function: fb
line: 502
---
stamp:
  sec: 1778291741
  nanosec: 539276894
level: 20
name: task_manager_node
msg: '[task] stabilize_object_locations — waiting 1.5s for object groundings'
file: /home/helenlu/texture_sort/install/task_manager/lib/python3.12/site-packages/task_manager/task_manager_node.py
function: _log_state
line: 623
---
stamp:
  sec: 1778291741
  nanosec: 540038446
level: 20
name: task_manager_node
msg: Waiting 1.0s for arm to stabilize
file: /home/helenlu/texture_sort/install/task_manager/lib/python3.12/site-packages/task_manager/task_manager_node.py
function: _wait_for_arm_to_stabilize
line: 317
---
stamp:
  sec: 1778291741
  nanosec: 665072338
level: 30
name: controller_manager
msg: 'Overrun might occur, Total time : 1712.870 us (Expected < 1000.000 us) --> Read time : 27.451 us, Update time : 180.906 us, Writ...'
file: /home/helenlu/texture_sort/src/third_party/kinova/ros2_control/controller_manager/src/controller_manager.cpp
function: write
line: 3628
---
stamp:
  sec: 1778291742
  nanosec: 338213685
level: 30
name: controller_manager
msg: 'Overrun detected! The controller manager missed its desired rate of 1000 Hz. The loop took 1.095738 ms (missed cycles : 2).'
file: /home/helenlu/texture_sort/src/third_party/kinova/ros2_control/controller_manager/src/ros2_control_node.cpp
function: operator()
line: 176
---
stamp:
  sec: 1778291742
  nanosec: 669786074
level: 30
name: controller_manager
msg: 'Overrun might occur, Total time : 1590.005 us (Expected < 1000.000 us) --> Read time : 28.187 us, Update time : 184.209 us, Writ...'
file: /home/helenlu/texture_sort/src/third_party/kinova/ros2_control/controller_manager/src/controller_manager.cpp
function: write
line: 3628
---
stamp:
  sec: 1778291743
  nanosec: 339348826
level: 30
name: controller_manager
msg: 'Overrun detected! The controller manager missed its desired rate of 1000 Hz. The loop took 7.230366 ms (missed cycles : 8).'
file: /home/helenlu/texture_sort/src/third_party/kinova/ros2_control/controller_manager/src/ros2_control_node.cpp
function: operator()
line: 176
---
stamp:
  sec: 1778291743
  nanosec: 672500415
level: 30
name: controller_manager
msg: 'Overrun might occur, Total time : 1259.585 us (Expected < 1000.000 us) --> Read time : 20.027 us, Update time : 232.449 us, Writ...'
file: /home/helenlu/texture_sort/src/third_party/kinova/ros2_control/controller_manager/src/controller_manager.cpp
function: write
line: 3628
---
stamp:
  sec: 1778291744
  nanosec: 43250760
level: 20
name: task_manager_node
msg: 'Refreshed visible object groundings at pre_grasp: [0, 3, 4, 5]'
file: /home/helenlu/texture_sort/install/task_manager/lib/python3.12/site-packages/task_manager/task_manager_node.py
function: _stabilize_object_locations
line: 332
---
stamp:
  sec: 1778291744
  nanosec: 44176257
level: 20
name: task_manager_node
msg: '[task] grasp_then_reset obj 3'
file: /home/helenlu/texture_sort/install/task_manager/lib/python3.12/site-packages/task_manager/task_manager_node.py
function: _log_state
line: 623
---
stamp:
  sec: 1778291744
  nanosec: 51839902
level: 20
name: grasp_node
msg: '[grasp 3] resolving_target_pose'
file: /home/helenlu/texture_sort/install/manipulation/lib/python3.12/site-packages/manipulation/grasp_node.py
function: fb
line: 259
---
stamp:
  sec: 1778291744
  nanosec: 53660456
level: 20
name: grasp_node
msg: '[grasp 3] waiting 1.0s for arm to stabilize'
file: /home/helenlu/texture_sort/install/manipulation/lib/python3.12/site-packages/manipulation/grasp_node.py
function: _wait_for_groundings_refresh
line: 376
---
stamp:
  sec: 1778291744
  nanosec: 341108401
level: 30
name: controller_manager
msg: 'Overrun detected! The controller manager missed its desired rate of 1000 Hz. The loop took 2.988014 ms (missed cycles : 3).'
file: /home/helenlu/texture_sort/src/third_party/kinova/ros2_control/controller_manager/src/ros2_control_node.cpp
function: operator()
line: 176
---
stamp:
  sec: 1778291744
  nanosec: 680417631
level: 30
name: controller_manager
msg: 'Overrun might occur, Total time : 2219.565 us (Expected < 1000.000 us) --> Read time : 27.770 us, Update time : 142.099 us, Writ...'
file: /home/helenlu/texture_sort/src/third_party/kinova/ros2_control/controller_manager/src/controller_manager.cpp
function: write
line: 3628
---
stamp:
  sec: 1778291745
  nanosec: 55475934
level: 20
name: grasp_node
msg: '[grasp 3] waiting 1.5s for object groundings'
file: /home/helenlu/texture_sort/install/manipulation/lib/python3.12/site-packages/manipulation/grasp_node.py
function: _wait_for_groundings_refresh
line: 381
---
stamp:
  sec: 1778291745
  nanosec: 355743015
level: 30
name: controller_manager
msg: 'Overrun detected! The controller manager missed its desired rate of 1000 Hz. The loop took 5.623956 ms (missed cycles : 6).'
file: /home/helenlu/texture_sort/src/third_party/kinova/ros2_control/controller_manager/src/ros2_control_node.cpp
function: operator()
line: 176
---
stamp:
  sec: 1778291745
  nanosec: 714838155
level: 30
name: controller_manager
msg: 'Overrun might occur, Total time : 1631.049 us (Expected < 1000.000 us) --> Read time : 35.038 us, Update time : 477.119 us, Writ...'
file: /home/helenlu/texture_sort/src/third_party/kinova/ros2_control/controller_manager/src/controller_manager.cpp
function: write
line: 3628
---
stamp:
  sec: 1778291746
  nanosec: 364477738
level: 30
name: controller_manager
msg: 'Overrun detected! The controller manager missed its desired rate of 1000 Hz. The loop took 2.359514 ms (missed cycles : 3).'
file: /home/helenlu/texture_sort/src/third_party/kinova/ros2_control/controller_manager/src/ros2_control_node.cpp
function: operator()
line: 176
---
stamp:
  sec: 1778291746
  nanosec: 717778484
level: 30
name: controller_manager
msg: 'Overrun might occur, Total time : 1107.412 us (Expected < 1000.000 us) --> Read time : 69.510 us, Update time : 344.413 us, Writ...'
file: /home/helenlu/texture_sort/src/third_party/kinova/ros2_control/controller_manager/src/controller_manager.cpp
function: write
line: 3628
---
stamp:
  sec: 1778291747
  nanosec: 15619139
level: 20
name: grasp_node
msg: '[debug] tf camera_color_frame -> base_link: trans=(0.4186, -0.0063, 0.5253)  quat=(-0.6937, 0.7202, -0.0063, -0.0005)'
file: /home/helenlu/texture_sort/install/manipulation/lib/python3.12/site-packages/manipulation/grasp_node.py
function: _resolve_grasp_target
line: 420
---
stamp:
  sec: 1778291747
  nanosec: 18798346
level: 20
name: grasp_node
msg: '[debug] object in base_link (pre-offset): pos=(0.4417, -0.1588, 0.0315)  quat=(0.0113, 0.0136, -0.7553, 0.6551)'
file: /home/helenlu/texture_sort/install/manipulation/lib/python3.12/site-packages/manipulation/grasp_node.py
function: _resolve_grasp_target
line: 429
---
stamp:
  sec: 1778291747
  nanosec: 20789224
level: 20
name: grasp_node
msg: '[grasp 3] current end_effector_link pose in base_link: pos=(0.3623, -0.0042, 0.5218)  quat=(0.7202, 0.6937, -0.0005, 0.0063)'
file: /home/helenlu/texture_sort/install/manipulation/lib/python3.12/site-packages/manipulation/grasp_node.py
function: _run_grasp_sequence
line: 281
---
stamp:
  sec: 1778291747
  nanosec: 21810005
level: 20
name: grasp_node
msg: '[grasp 3] grasp_point target in base_link: pos=(0.4417, -0.1588, 0.0315)  quat=(0.7202, 0.6937, -0.0005, 0.0063)'
file: /home/helenlu/texture_sort/install/manipulation/lib/python3.12/site-packages/manipulation/grasp_node.py
function: _run_grasp_sequence
line: 286
---
stamp:
  sec: 1778291747
  nanosec: 22660916
level: 20
name: grasp_node
msg: '[grasp 3] grasp_point approach target in base_link: pos=(0.4417, -0.1588, 0.1515)'
file: /home/helenlu/texture_sort/install/manipulation/lib/python3.12/site-packages/manipulation/grasp_node.py
function: _run_grasp_sequence
line: 295
---
stamp:
  sec: 1778291747
  nanosec: 23677470
level: 20
name: grasp_node
msg: '[debug] commanded end_effector_link target after grasp_point offset: pos=(0.4416, -0.1325, 0.2813)  offset_in_base=(0.0001, -0.0...'
file: /home/helenlu/texture_sort/install/manipulation/lib/python3.12/site-packages/manipulation/grasp_node.py
function: _ee_target_for_grasp_point
line: 459
---
stamp:
  sec: 1778291747
  nanosec: 27092549
level: 20
name: grasp_node
msg: '[debug] commanded end_effector_link target after grasp_point offset: pos=(0.4416, -0.1325, 0.1613)  offset_in_base=(0.0001, -0.0...'
file: /home/helenlu/texture_sort/install/manipulation/lib/python3.12/site-packages/manipulation/grasp_node.py
function: _ee_target_for_grasp_point
line: 459
---
stamp:
  sec: 1778291747
  nanosec: 28203618
level: 20
name: grasp_node
msg: '[grasp 3] moving_to_approach'
file: /home/helenlu/texture_sort/install/manipulation/lib/python3.12/site-packages/manipulation/grasp_node.py
function: fb
line: 259
---
stamp:
  sec: 1778291747
  nanosec: 29729433
level: 20
name: move_group.moveit.moveit.ros.move_group.move_action
msg: 'MoveGroupMoveAction: Received request'
file: ./src/default_capabilities/move_action_capability.cpp
function: operator()
line: 71
---
stamp:
  sec: 1778291747
  nanosec: 33241031
level: 20
name: move_group
msg: Calling PlanningRequestAdapter 'ValidateWorkspaceBounds'
file: ./planning_pipeline/src/planning_pipeline.cpp
function: generatePlan
line: 278
---
stamp:
  sec: 1778291747
  nanosec: 33372209
level: 20
name: move_group
msg: Calling PlanningRequestAdapter 'CheckStartStateBounds'
file: ./planning_pipeline/src/planning_pipeline.cpp
function: generatePlan
line: 278
---
stamp:
  sec: 1778291747
  nanosec: 33631029
level: 20
name: move_group
msg: Calling PlanningRequestAdapter 'CheckStartStateCollision'
file: ./planning_pipeline/src/planning_pipeline.cpp
function: generatePlan
line: 278
---
stamp:
  sec: 1778291747
  nanosec: 34165721
level: 20
name: move_group.moveit.moveit.planners.ompl.model_based_planning_context
msg: Planner configuration 'manipulator' will use planner 'geometric::RRTConnect'. Additional configuration parameters will be set wh...
file: ./ompl_interface/src/model_based_planning_context.cpp
function: useConfig
line: 420
---
stamp:
  sec: 1778291747
  nanosec: 34299227
level: 20
name: move_group
msg: Calling Planner 'OMPL'
file: ./planning_pipeline/src/planning_pipeline.cpp
function: generatePlan
line: 318
---
stamp:
  sec: 1778291747
  nanosec: 53580095
level: 20
name: move_group
msg: Calling PlanningResponseAdapter 'AddTimeOptimalParameterization'
file: ./planning_pipeline/src/planning_pipeline.cpp
function: generatePlan
line: 339
---
stamp:
  sec: 1778291747
  nanosec: 57244433
level: 20
name: move_group
msg: Calling PlanningResponseAdapter 'ValidateSolution'
file: ./planning_pipeline/src/planning_pipeline.cpp
function: generatePlan
line: 339
---
stamp:
  sec: 1778291747
  nanosec: 58201669
level: 20
name: move_group
msg: Calling PlanningResponseAdapter 'DisplayMotionPath'
file: ./planning_pipeline/src/planning_pipeline.cpp
function: generatePlan
line: 339
---
stamp:
  sec: 1778291747
  nanosec: 58654938
level: 30
name: move_group.moveit.moveit.ros.planning_pipeline
msg: The planner plugin did not fill out the 'planner_id' field of the MotionPlanResponse. Setting it to the planner ID name of the M...
file: ./planning_pipeline/src/planning_pipeline.cpp
function: generatePlan
line: 364
---
stamp:
  sec: 1778291747
  nanosec: 59108678
level: 20
name: move_group.moveit.moveit.plugins.simple_controller_manager
msg: Returned 2 controllers in list
file: ./src/moveit_simple_controller_manager.cpp
function: getControllersList
line: 274
---
stamp:
  sec: 1778291747
  nanosec: 60314117
level: 20
name: move_group.moveit.moveit.ros.trajectory_execution_manager
msg: Starting trajectory execution ...
file: ./trajectory_execution_manager/src/trajectory_execution_manager.cpp
function: executeThread
line: 1325
---
stamp:
  sec: 1778291747
  nanosec: 60435916
level: 20
name: move_group.moveit.moveit.plugins.simple_controller_manager
msg: Returned 2 controllers in list
file: ./src/moveit_simple_controller_manager.cpp
function: getControllersList
line: 274
---
stamp:
  sec: 1778291747
  nanosec: 60506207
level: 20
name: move_group.moveit.moveit.plugins.simple_controller_manager
msg: Returned 2 controllers in list
file: ./src/moveit_simple_controller_manager.cpp
function: getControllersList
line: 274
---
stamp:
  sec: 1778291747
  nanosec: 61275190
level: 20
name: joint_trajectory_controller
msg: Received new action goal
file: /home/helenlu/texture_sort/src/third_party/kinova/ros2_controllers/joint_trajectory_controller/src/joint_trajectory_controller.c...
function: goal_received_callback
line: 1490
---
stamp:
  sec: 1778291747
  nanosec: 61379093
level: 20
name: joint_trajectory_controller
msg: Accepted new action goal
file: /home/helenlu/texture_sort/src/third_party/kinova/ros2_controllers/joint_trajectory_controller/src/joint_trajectory_controller.c...
function: goal_received_callback
line: 1505
---
stamp:
  sec: 1778291747
  nanosec: 372465201
level: 30
name: controller_manager
msg: 'Overrun detected! The controller manager missed its desired rate of 1000 Hz. The loop took 1.346633 ms (missed cycles : 2).'
file: /home/helenlu/texture_sort/src/third_party/kinova/ros2_control/controller_manager/src/ros2_control_node.cpp
function: operator()
line: 176
---
stamp:
  sec: 1778291747
  nanosec: 733934275
level: 30
name: controller_manager
msg: 'Overrun might occur, Total time : 1025.347 us (Expected < 1000.000 us) --> Read time : 76.429 us, Update time : 343.419 us, Writ...'
file: /home/helenlu/texture_sort/src/third_party/kinova/ros2_control/controller_manager/src/controller_manager.cpp
function: write
line: 3628
---
stamp:
  sec: 1778291748
  nanosec: 397121475
level: 30
name: controller_manager
msg: 'Overrun detected! The controller manager missed its desired rate of 1000 Hz. The loop took 2.003628 ms (missed cycles : 3).'
file: /home/helenlu/texture_sort/src/third_party/kinova/ros2_control/controller_manager/src/ros2_control_node.cpp
function: operator()
line: 176
---
stamp:
  sec: 1778291748
  nanosec: 736967556
level: 30
name: controller_manager
msg: 'Overrun might occur, Total time : 1689.214 us (Expected < 1000.000 us) --> Read time : 29.427 us, Update time : 232.575 us, Writ...'
file: /home/helenlu/texture_sort/src/third_party/kinova/ros2_control/controller_manager/src/controller_manager.cpp
function: write
line: 3628
---
stamp:
  sec: 1778291749
  nanosec: 237297151
level: 20
name: joint_trajectory_controller
msg: Goal reached, success!
file: /home/helenlu/texture_sort/src/third_party/kinova/ros2_controllers/joint_trajectory_controller/src/joint_trajectory_controller.c...
function: update
line: 493
---
stamp:
  sec: 1778291749
  nanosec: 265535420
level: 20
name: move_group.moveit.moveit.ros.trajectory_execution_manager
msg: Completed trajectory execution with status SUCCEEDED ...
file: ./trajectory_execution_manager/src/trajectory_execution_manager.cpp
function: executeThread
line: 1354
---
stamp:
  sec: 1778291749
  nanosec: 270543159
level: 20
name: move_group.moveit.moveit.ros.move_group.move_action
msg: Solution was found and executed.
file: ./src/default_capabilities/move_action_capability.cpp
function: executeMoveCallback
line: 111
---
stamp:
  sec: 1778291749
  nanosec: 277303714
level: 20
name: grasp_node
msg: '[grasp 3] lowering_to_object'
file: /home/helenlu/texture_sort/install/manipulation/lib/python3.12/site-packages/manipulation/grasp_node.py
function: fb
line: 259
---
stamp:
  sec: 1778291749
  nanosec: 279196792
level: 20
name: move_group.moveit.moveit.ros.move_group.move_action
msg: 'MoveGroupMoveAction: Received request'
file: ./src/default_capabilities/move_action_capability.cpp
function: operator()
line: 71
---
stamp:
  sec: 1778291749
  nanosec: 290912182
level: 20
name: move_group.moveit.moveit.ros.move_group.move_action
msg: executing..
file: ./src/default_capabilities/move_action_capability.cpp
function: executeMoveCallback
line: 88
---
stamp:
  sec: 1778291749
  nanosec: 293112813
level: 20
name: move_group
msg: Calling PlanningRequestAdapter 'ValidateWorkspaceBounds'
file: ./planning_pipeline/src/planning_pipeline.cpp
function: generatePlan
line: 278
---
stamp:
  sec: 1778291749
  nanosec: 293200346
level: 20
name: move_group
msg: Calling PlanningRequestAdapter 'CheckStartStateBounds'
file: ./planning_pipeline/src/planning_pipeline.cpp
function: generatePlan
line: 278
---
stamp:
  sec: 1778291749
  nanosec: 293294821
level: 20
name: move_group
msg: Calling PlanningRequestAdapter 'CheckStartStateCollision'
file: ./planning_pipeline/src/planning_pipeline.cpp
function: generatePlan
line: 278
---
stamp:
  sec: 1778291749
  nanosec: 293720293
level: 20
name: move_group.moveit.moveit.planners.ompl.model_based_planning_context
msg: Planner configuration 'manipulator' will use planner 'geometric::RRTConnect'. Additional configuration parameters will be set wh...
file: ./ompl_interface/src/model_based_planning_context.cpp
function: useConfig
line: 420
---
stamp:
  sec: 1778291749
  nanosec: 293836576
level: 20
name: move_group
msg: Calling Planner 'OMPL'
file: ./planning_pipeline/src/planning_pipeline.cpp
function: generatePlan
line: 318
---
stamp:
  sec: 1778291749
  nanosec: 315419438
level: 20
name: move_group
msg: Calling PlanningResponseAdapter 'AddTimeOptimalParameterization'
file: ./planning_pipeline/src/planning_pipeline.cpp
function: generatePlan
line: 339
---
stamp:
  sec: 1778291749
  nanosec: 319419056
level: 20
name: move_group
msg: Calling PlanningResponseAdapter 'ValidateSolution'
file: ./planning_pipeline/src/planning_pipeline.cpp
function: generatePlan
line: 339
---
stamp:
  sec: 1778291749
  nanosec: 320447127
level: 20
name: move_group
msg: Calling PlanningResponseAdapter 'DisplayMotionPath'
file: ./planning_pipeline/src/planning_pipeline.cpp
function: generatePlan
line: 339
---
stamp:
  sec: 1778291749
  nanosec: 321049770
level: 30
name: move_group.moveit.moveit.ros.planning_pipeline
msg: The planner plugin did not fill out the 'planner_id' field of the MotionPlanResponse. Setting it to the planner ID name of the M...
file: ./planning_pipeline/src/planning_pipeline.cpp
function: generatePlan
line: 364
---
stamp:
  sec: 1778291749
  nanosec: 321510633
level: 20
name: move_group.moveit.moveit.plugins.simple_controller_manager
msg: Returned 2 controllers in list
file: ./src/moveit_simple_controller_manager.cpp
function: getControllersList
line: 274
---
stamp:
  sec: 1778291749
  nanosec: 322660456
level: 20
name: move_group.moveit.moveit.ros.trajectory_execution_manager
msg: Starting trajectory execution ...
file: ./trajectory_execution_manager/src/trajectory_execution_manager.cpp
function: executeThread
line: 1325
---
stamp:
  sec: 1778291749
  nanosec: 322736985
level: 20
name: move_group.moveit.moveit.plugins.simple_controller_manager
msg: Returned 2 controllers in list
file: ./src/moveit_simple_controller_manager.cpp
function: getControllersList
line: 274
---
stamp:
  sec: 1778291749
  nanosec: 322790335
level: 20
name: move_group.moveit.moveit.plugins.simple_controller_manager
msg: Returned 2 controllers in list
file: ./src/moveit_simple_controller_manager.cpp
function: getControllersList
line: 274
---
stamp:
  sec: 1778291749
  nanosec: 323460709
level: 20
name: joint_trajectory_controller
msg: Received new action goal
file: /home/helenlu/texture_sort/src/third_party/kinova/ros2_controllers/joint_trajectory_controller/src/joint_trajectory_controller.c...
function: goal_received_callback
line: 1490
---
stamp:
  sec: 1778291749
  nanosec: 323546359
level: 20
name: joint_trajectory_controller
msg: Accepted new action goal
file: /home/helenlu/texture_sort/src/third_party/kinova/ros2_controllers/joint_trajectory_controller/src/joint_trajectory_controller.c...
function: goal_received_callback
line: 1505
---
stamp:
  sec: 1778291749
  nanosec: 402193475
level: 30
name: controller_manager
msg: 'Overrun detected! The controller manager missed its desired rate of 1000 Hz. The loop took 5.074063 ms (missed cycles : 6).'
file: /home/helenlu/texture_sort/src/third_party/kinova/ros2_control/controller_manager/src/ros2_control_node.cpp
function: operator()
line: 176
---
stamp:
  sec: 1778291749
  nanosec: 753473927
level: 30
name: controller_manager
msg: 'Overrun might occur, Total time : 1267.962 us (Expected < 1000.000 us) --> Read time : 28.676 us, Update time : 258.742 us, Writ...'
file: /home/helenlu/texture_sort/src/third_party/kinova/ros2_control/controller_manager/src/controller_manager.cpp
function: write
line: 3628
---
stamp:
  sec: 1778291750
  nanosec: 412259518
level: 30
name: controller_manager
msg: 'Overrun detected! The controller manager missed its desired rate of 1000 Hz. The loop took 1.137252 ms (missed cycles : 2).'
file: /home/helenlu/texture_sort/src/third_party/kinova/ros2_control/controller_manager/src/ros2_control_node.cpp
function: operator()
line: 176
---
stamp:
  sec: 1778291750
  nanosec: 757174694
level: 30
name: controller_manager
msg: 'Overrun might occur, Total time : 1984.807 us (Expected < 1000.000 us) --> Read time : 22.204 us, Update time : 151.645 us, Writ...'
file: /home/helenlu/texture_sort/src/third_party/kinova/ros2_control/controller_manager/src/controller_manager.cpp
function: write
line: 3628
---
stamp:
  sec: 1778291751
  nanosec: 412970971
level: 30
name: controller_manager
msg: 'Overrun detected! The controller manager missed its desired rate of 1000 Hz. The loop took 1.853183 ms (missed cycles : 2).'
file: /home/helenlu/texture_sort/src/third_party/kinova/ros2_control/controller_manager/src/ros2_control_node.cpp
function: operator()
line: 176
---
stamp:
  sec: 1778291751
  nanosec: 700316995
level: 20
name: joint_trajectory_controller
msg: Goal reached, success!
file: /home/helenlu/texture_sort/src/third_party/kinova/ros2_controllers/joint_trajectory_controller/src/joint_trajectory_controller.c...
function: update
line: 493
---
stamp:
  sec: 1778291751
  nanosec: 732614763
level: 20
name: move_group.moveit.moveit.ros.trajectory_execution_manager
msg: Completed trajectory execution with status SUCCEEDED ...
file: ./trajectory_execution_manager/src/trajectory_execution_manager.cpp
function: executeThread
line: 1354
---
stamp:
  sec: 1778291751
  nanosec: 733052069
level: 20
name: move_group.moveit.moveit.ros.move_group.move_action
msg: Solution was found and executed.
file: ./src/default_capabilities/move_action_capability.cpp
function: executeMoveCallback
line: 111
---
stamp:
  sec: 1778291751
  nanosec: 738431380
level: 20
name: grasp_node
msg: '[grasp 3] closing_gripper'
file: /home/helenlu/texture_sort/install/manipulation/lib/python3.12/site-packages/manipulation/grasp_node.py
function: fb
line: 259
---
stamp:
  sec: 1778291751
  nanosec: 739663555
level: 20
name: grasp_node
msg: Commanding gripper to position=0.405, max_effort=50.0
file: /home/helenlu/texture_sort/install/manipulation/lib/python3.12/site-packages/manipulation/grasp_node.py
function: _gripper_cmd
line: 684
---
stamp:
  sec: 1778291751
  nanosec: 741035013
level: 20
name: robotiq_gripper_controller
msg: Received & accepted new action goal
file: /home/helenlu/texture_sort/src/third_party/kinova/ros2_controllers/gripper_controllers/include/gripper_controllers/gripper_actio...
function: goal_callback
line: 87
---
stamp:
  sec: 1778291751
  nanosec: 769188159
level: 30
name: controller_manager
msg: 'Overrun might occur, Total time : 1001.864 us (Expected < 1000.000 us) --> Read time : 21.922 us, Update time : 556.532 us, Writ...'
file: /home/helenlu/texture_sort/src/third_party/kinova/ros2_control/controller_manager/src/controller_manager.cpp
function: write
line: 3628
---
stamp:
  sec: 1778291752
  nanosec: 56017551
level: 20
name: grasp_node
msg: 'Gripper result: position=0.398, effort=50.000, stalled=False, reached_goal=True'
file: /home/helenlu/texture_sort/install/manipulation/lib/python3.12/site-packages/manipulation/grasp_node.py
function: _gripper_cmd
line: 712
---
stamp:
  sec: 1778291752
  nanosec: 56993034
level: 20
name: grasp_node
msg: '[grasp 3] holding_for_gelsight'
file: /home/helenlu/texture_sort/install/manipulation/lib/python3.12/site-packages/manipulation/grasp_node.py
function: fb
line: 259
---
stamp:
  sec: 1778291752
  nanosec: 413475935
level: 30
name: controller_manager
msg: 'Overrun detected! The controller manager missed its desired rate of 1000 Hz. The loop took 2.357039 ms (missed cycles : 3).'
file: /home/helenlu/texture_sort/src/third_party/kinova/ros2_control/controller_manager/src/ros2_control_node.cpp
function: operator()
line: 176
---
stamp:
  sec: 1778291752
  nanosec: 773101537
level: 30
name: controller_manager
msg: 'Overrun might occur, Total time : 1709.817 us (Expected < 1000.000 us) --> Read time : 32.285 us, Update time : 237.941 us, Writ...'
file: /home/helenlu/texture_sort/src/third_party/kinova/ros2_control/controller_manager/src/controller_manager.cpp
function: write
line: 3628
---
stamp:
  sec: 1778291753
  nanosec: 433451151
level: 30
name: controller_manager
msg: 'Overrun detected! The controller manager missed its desired rate of 1000 Hz. The loop took 1.333330 ms (missed cycles : 2).'
file: /home/helenlu/texture_sort/src/third_party/kinova/ros2_control/controller_manager/src/ros2_control_node.cpp
function: operator()
line: 176
---
stamp:
  sec: 1778291753
  nanosec: 775453336
level: 30
name: controller_manager
msg: 'Overrun might occur, Total time : 1262.538 us (Expected < 1000.000 us) --> Read time : 57.634 us, Update time : 482.067 us, Writ...'
file: /home/helenlu/texture_sort/src/third_party/kinova/ros2_control/controller_manager/src/controller_manager.cpp
function: write
line: 3628
---
stamp:
  sec: 1778291754
  nanosec: 62818000
level: 20
name: tactile_node
msg: Captured tactile image for object 3.
file: /home/helenlu/texture_sort/install/perception/lib/python3.12/site-packages/perception/tactile_node.py
function: _handle_capture
line: 71
---
stamp:
  sec: 1778291754
  nanosec: 76670599
level: 20
name: grasp_node
msg: Captured tactile image for object 3.
file: /home/helenlu/texture_sort/install/manipulation/lib/python3.12/site-packages/manipulation/grasp_node.py
function: _capture_tactile_image
line: 370
---
stamp:
  sec: 1778291754
  nanosec: 81237918
level: 20
name: grasp_node
msg: '[grasp 3] opening_gripper'
file: /home/helenlu/texture_sort/install/manipulation/lib/python3.12/site-packages/manipulation/grasp_node.py
function: fb
line: 259
---
stamp:
  sec: 1778291754
  nanosec: 86295728
level: 20
name: grasp_node
msg: Commanding gripper to position=0.000, max_effort=50.0
file: /home/helenlu/texture_sort/install/manipulation/lib/python3.12/site-packages/manipulation/grasp_node.py
function: _gripper_cmd
line: 684
---
stamp:
  sec: 1778291754
  nanosec: 91883238
level: 20
name: robotiq_gripper_controller
msg: Received & accepted new action goal
file: /home/helenlu/texture_sort/src/third_party/kinova/ros2_controllers/gripper_controllers/include/gripper_controllers/gripper_actio...
function: goal_callback
line: 87
---
stamp:
  sec: 1778291754
  nanosec: 438109674
level: 30
name: controller_manager
msg: 'Overrun detected! The controller manager missed its desired rate of 1000 Hz. The loop took 1.991113 ms (missed cycles : 2).'
file: /home/helenlu/texture_sort/src/third_party/kinova/ros2_control/controller_manager/src/ros2_control_node.cpp
function: operator()
line: 176
---
stamp:
  sec: 1778291754
  nanosec: 448961174
level: 20
name: grasp_node
msg: 'Gripper result: position=0.007, effort=50.000, stalled=False, reached_goal=True'
file: /home/helenlu/texture_sort/install/manipulation/lib/python3.12/site-packages/manipulation/grasp_node.py
function: _gripper_cmd
line: 712
---
stamp:
  sec: 1778291754
  nanosec: 449943337
level: 20
name: grasp_node
msg: '[grasp 3] lifting'
file: /home/helenlu/texture_sort/install/manipulation/lib/python3.12/site-packages/manipulation/grasp_node.py
function: fb
line: 259
---
stamp:
  sec: 1778291754
  nanosec: 451851226
level: 20
name: move_group.moveit.moveit.ros.move_group.move_action
msg: 'MoveGroupMoveAction: Received request'
file: ./src/default_capabilities/move_action_capability.cpp
function: operator()
line: 71
---
stamp:
  sec: 1778291754
  nanosec: 453391914
level: 20
name: move_group.moveit.moveit.ros.move_group.move_action
msg: executing..
file: ./src/default_capabilities/move_action_capability.cpp
function: executeMoveCallback
line: 88
---
stamp:
  sec: 1778291754
  nanosec: 459756243
level: 20
name: move_group.moveit.moveit.ros.plan_execution
msg: Planning attempt 1 of at most 3
file: ./plan_execution/src/plan_execution.cpp
function: planAndExecuteHelper
line: 165
---
stamp:
  sec: 1778291754
  nanosec: 460226779
level: 20
name: move_group
msg: Calling PlanningRequestAdapter 'ResolveConstraintFrames'
file: ./planning_pipeline/src/planning_pipeline.cpp
function: generatePlan
line: 278
---
stamp:
  sec: 1778291754
  nanosec: 460379036
level: 20
name: move_group
msg: Calling PlanningRequestAdapter 'ValidateWorkspaceBounds'
file: ./planning_pipeline/src/planning_pipeline.cpp
function: generatePlan
line: 278
---
stamp:
  sec: 1778291754
  nanosec: 460502286
level: 20
name: move_group
msg: Calling PlanningRequestAdapter 'CheckStartStateBounds'
file: ./planning_pipeline/src/planning_pipeline.cpp
function: generatePlan
line: 278
---
stamp:
  sec: 1778291754
  nanosec: 460662929
level: 20
name: move_group
msg: Calling PlanningRequestAdapter 'CheckStartStateCollision'
file: ./planning_pipeline/src/planning_pipeline.cpp
function: generatePlan
line: 278
---
stamp:
  sec: 1778291754
  nanosec: 470637250
level: 20
name: move_group.moveit.moveit.planners.ompl.model_based_planning_context
msg: Planner configuration 'manipulator' will use planner 'geometric::RRTConnect'. Additional configuration parameters will be set wh...
file: ./ompl_interface/src/model_based_planning_context.cpp
function: useConfig
line: 420
---
stamp:
  sec: 1778291754
  nanosec: 470841186
level: 20
name: move_group
msg: Calling Planner 'OMPL'
file: ./planning_pipeline/src/planning_pipeline.cpp
function: generatePlan
line: 318
---
stamp:
  sec: 1778291754
  nanosec: 536421735
level: 20
name: move_group
msg: Calling PlanningResponseAdapter 'AddTimeOptimalParameterization'
file: ./planning_pipeline/src/planning_pipeline.cpp
function: generatePlan
line: 339
---
stamp:
  sec: 1778291754
  nanosec: 549981457
level: 20
name: move_group
msg: Calling PlanningResponseAdapter 'ValidateSolution'
file: ./planning_pipeline/src/planning_pipeline.cpp
function: generatePlan
line: 339
---
stamp:
  sec: 1778291754
  nanosec: 557595197
level: 20
name: move_group
msg: Calling PlanningResponseAdapter 'DisplayMotionPath'
file: ./planning_pipeline/src/planning_pipeline.cpp
function: generatePlan
line: 339
---
stamp:
  sec: 1778291754
  nanosec: 561969551
level: 30
name: move_group.moveit.moveit.ros.planning_pipeline
msg: The planner plugin did not fill out the 'planner_id' field of the MotionPlanResponse. Setting it to the planner ID name of the M...
file: ./planning_pipeline/src/planning_pipeline.cpp
function: generatePlan
line: 364
---
stamp:
  sec: 1778291754
  nanosec: 563460416
level: 20
name: move_group.moveit.moveit.plugins.simple_controller_manager
msg: Returned 2 controllers in list
file: ./src/moveit_simple_controller_manager.cpp
function: getControllersList
line: 274
---
stamp:
  sec: 1778291754
  nanosec: 564668083
level: 20
name: move_group.moveit.moveit.plugins.simple_controller_manager
msg: Returned 2 controllers in list
file: ./src/moveit_simple_controller_manager.cpp
function: getControllersList
line: 274
---
stamp:
  sec: 1778291754
  nanosec: 566610974
level: 20
name: move_group.moveit.moveit.ros.trajectory_execution_manager
msg: Validating trajectory with allowed_start_tolerance 0.01
file: ./trajectory_execution_manager/src/trajectory_execution_manager.cpp
function: validate
line: 933
---
stamp:
  sec: 1778291754
  nanosec: 570879040
level: 20
name: move_group.moveit.moveit.ros.trajectory_execution_manager
msg: Starting trajectory execution ...
file: ./trajectory_execution_manager/src/trajectory_execution_manager.cpp
function: executeThread
line: 1325
---
stamp:
  sec: 1778291754
  nanosec: 572384524
level: 20
name: move_group.moveit.moveit.plugins.simple_controller_manager
msg: Returned 2 controllers in list
file: ./src/moveit_simple_controller_manager.cpp
function: getControllersList
line: 274
---
stamp:
  sec: 1778291754
  nanosec: 572459226
level: 20
name: move_group.moveit.moveit.plugins.simple_controller_manager
msg: Returned 2 controllers in list
file: ./src/moveit_simple_controller_manager.cpp
function: getControllersList
line: 274
---
stamp:
  sec: 1778291754
  nanosec: 574397835
level: 20
name: joint_trajectory_controller
msg: Received new action goal
file: /home/helenlu/texture_sort/src/third_party/kinova/ros2_controllers/joint_trajectory_controller/src/joint_trajectory_controller.c...
function: goal_received_callback
line: 1490
---
stamp:
  sec: 1778291754
  nanosec: 574493787
level: 20
name: joint_trajectory_controller
msg: Accepted new action goal
file: /home/helenlu/texture_sort/src/third_party/kinova/ros2_controllers/joint_trajectory_controller/src/joint_trajectory_controller.c...
function: goal_received_callback
line: 1505
---
stamp:
  sec: 1778291754
  nanosec: 777426173
level: 30
name: controller_manager
msg: 'Overrun might occur, Total time : 2232.145 us (Expected < 1000.000 us) --> Read time : 34.236 us, Update time : 947.961 us, Writ...'
file: /home/helenlu/texture_sort/src/third_party/kinova/ros2_control/controller_manager/src/controller_manager.cpp
function: write
line: 3628
---
stamp:
  sec: 1778291755
  nanosec: 438441563
level: 30
name: controller_manager
msg: 'Overrun detected! The controller manager missed its desired rate of 1000 Hz. The loop took 1.323361 ms (missed cycles : 2).'
file: /home/helenlu/texture_sort/src/third_party/kinova/ros2_control/controller_manager/src/ros2_control_node.cpp
function: operator()
line: 176
---
stamp:
  sec: 1778291755
  nanosec: 777520481
level: 30
name: controller_manager
msg: 'Overrun might occur, Total time : 1326.559 us (Expected < 1000.000 us) --> Read time : 47.007 us, Update time : 589.704 us, Writ...'
file: /home/helenlu/texture_sort/src/third_party/kinova/ros2_control/controller_manager/src/controller_manager.cpp
function: write
line: 3628
---
stamp:
  sec: 1778291755
  nanosec: 886016801
level: 20
name: joint_trajectory_controller
msg: Goal reached, success!
file: /home/helenlu/texture_sort/src/third_party/kinova/ros2_controllers/joint_trajectory_controller/src/joint_trajectory_controller.c...
function: update
line: 493
---
stamp:
  sec: 1778291755
  nanosec: 891519680
level: 20
name: move_group.moveit.moveit.ros.trajectory_execution_manager
msg: Completed trajectory execution with status SUCCEEDED ...
file: ./trajectory_execution_manager/src/trajectory_execution_manager.cpp
function: executeThread
line: 1354
---
stamp:
  sec: 1778291755
  nanosec: 901057971
level: 20
name: move_group.moveit.moveit.ros.move_group.move_action
msg: Solution was found and executed.
file: ./src/default_capabilities/move_action_capability.cpp
function: executeMoveCallback
line: 111
---
stamp:
  sec: 1778291755
  nanosec: 924698472
level: 20
name: grasp_node
msg: '[grasp 3] returning_to_pre_grasp'
file: /home/helenlu/texture_sort/install/manipulation/lib/python3.12/site-packages/manipulation/grasp_node.py
function: fb
line: 259
---
stamp:
  sec: 1778291755
  nanosec: 941737409
level: 20
name: grasp_node
msg: 'Returning to pre_grasp from /home/helenlu/texture_sort/install/manipulation/share/manipulation/pre_grasp_high.json: joint_1=-0.2...'
file: /home/helenlu/texture_sort/install/manipulation/lib/python3.12/site-packages/manipulation/grasp_node.py
function: return_to_pre_grasp
line: 481
---
stamp:
  sec: 1778291755
  nanosec: 944047682
level: 20
name: move_group.moveit.moveit.ros.move_group.move_action
msg: 'MoveGroupMoveAction: Received request'
file: ./src/default_capabilities/move_action_capability.cpp
function: operator()
line: 71
---
stamp:
  sec: 1778291755
  nanosec: 945380343
level: 20
name: move_group.moveit.moveit.ros.move_group.move_action
msg: executing..
file: ./src/default_capabilities/move_action_capability.cpp
function: executeMoveCallback
line: 88
---
stamp:
  sec: 1778291755
  nanosec: 947835724
level: 30
name: move_group.moveit.moveit.ros.planning_scene_monitor
msg: Unable to transform object from frame 'external_camera_depth_frame' to planning frame'world' (Could not find a connection betwee...
file: ./planning_scene_monitor/src/planning_scene_monitor.cpp
function: getUpdatedFrameTransforms
line: 1574
---
stamp:
  sec: 1778291755
  nanosec: 949992189
level: 30
name: move_group.moveit.moveit.ros.planning_scene_monitor
msg: Unable to transform object from frame 'tag36h11:10' to planning frame'world' (Lookup would require extrapolation into the past. ...
file: ./planning_scene_monitor/src/planning_scene_monitor.cpp
function: getUpdatedFrameTransforms
line: 1574
---
stamp:
  sec: 1778291755
  nanosec: 951009075
level: 30
name: move_group.moveit.moveit.ros.validate_workspace_bounds
msg: It looks like the planning volume was not specified. Using default values.
file: ./planning_request_adapter_plugins/src/validate_workspace_bounds.cpp
function: adapt
line: 84
---
stamp:
  sec: 1778291755
  nanosec: 951137375
level: 20
name: move_group
msg: Calling PlanningRequestAdapter 'CheckStartStateBounds'
file: ./planning_pipeline/src/planning_pipeline.cpp
function: generatePlan
line: 278
---
stamp:
  sec: 1778291755
  nanosec: 951280014
level: 20
name: move_group
msg: Calling PlanningRequestAdapter 'CheckStartStateCollision'
file: ./planning_pipeline/src/planning_pipeline.cpp
function: generatePlan
line: 278
---
stamp:
  sec: 1778291755
  nanosec: 952061014
level: 20
name: move_group.moveit.moveit.planners.ompl.model_based_planning_context
msg: Planner configuration 'manipulator' will use planner 'geometric::RRTConnect'. Additional configuration parameters will be set wh...
file: ./ompl_interface/src/model_based_planning_context.cpp
function: useConfig
line: 420
---
stamp:
  sec: 1778291755
  nanosec: 952195498
level: 20
name: move_group
msg: Calling Planner 'OMPL'
file: ./planning_pipeline/src/planning_pipeline.cpp
function: generatePlan
line: 318
---
stamp:
  sec: 1778291755
  nanosec: 969739600
level: 20
name: move_group
msg: Calling PlanningResponseAdapter 'AddTimeOptimalParameterization'
file: ./planning_pipeline/src/planning_pipeline.cpp
function: generatePlan
line: 339
---
stamp:
  sec: 1778291755
  nanosec: 972197744
level: 20
name: move_group
msg: Calling PlanningResponseAdapter 'ValidateSolution'
file: ./planning_pipeline/src/planning_pipeline.cpp
function: generatePlan
line: 339
---
stamp:
  sec: 1778291755
  nanosec: 973042673
level: 20
name: move_group
msg: Calling PlanningResponseAdapter 'DisplayMotionPath'
file: ./planning_pipeline/src/planning_pipeline.cpp
function: generatePlan
line: 339
---
stamp:
  sec: 1778291755
  nanosec: 973588189
level: 30
name: move_group.moveit.moveit.ros.planning_pipeline
msg: The planner plugin did not fill out the 'planner_id' field of the MotionPlanResponse. Setting it to the planner ID name of the M...
file: ./planning_pipeline/src/planning_pipeline.cpp
function: generatePlan
line: 364
---
stamp:
  sec: 1778291755
  nanosec: 973973298
level: 20
name: move_group.moveit.moveit.plugins.simple_controller_manager
msg: Returned 2 controllers in list
file: ./src/moveit_simple_controller_manager.cpp
function: getControllersList
line: 274
---
stamp:
  sec: 1778291755
  nanosec: 974101987
level: 20
name: move_group.moveit.moveit.ros.trajectory_execution_manager
msg: Validating trajectory with allowed_start_tolerance 0.01
file: ./trajectory_execution_manager/src/trajectory_execution_manager.cpp
function: validate
line: 933
---
stamp:
  sec: 1778291755
  nanosec: 977066779
level: 20
name: move_group.moveit.moveit.ros.trajectory_execution_manager
msg: Starting trajectory execution ...
file: ./trajectory_execution_manager/src/trajectory_execution_manager.cpp
function: executeThread
line: 1325
---
stamp:
  sec: 1778291755
  nanosec: 977307049
level: 20
name: move_group.moveit.moveit.plugins.simple_controller_manager
msg: Returned 2 controllers in list
file: ./src/moveit_simple_controller_manager.cpp
function: getControllersList
line: 274
---
stamp:
  sec: 1778291755
  nanosec: 977404563
level: 20
name: move_group.moveit.moveit.plugins.simple_controller_manager
msg: Returned 2 controllers in list
file: ./src/moveit_simple_controller_manager.cpp
function: getControllersList
line: 274
---
stamp:
  sec: 1778291755
  nanosec: 978324594
level: 20
name: joint_trajectory_controller
msg: Received new action goal
file: /home/helenlu/texture_sort/src/third_party/kinova/ros2_controllers/joint_trajectory_controller/src/joint_trajectory_controller.c...
function: goal_received_callback
line: 1490
---
stamp:
  sec: 1778291755
  nanosec: 978432281
level: 20
name: joint_trajectory_controller
msg: Accepted new action goal
file: /home/helenlu/texture_sort/src/third_party/kinova/ros2_controllers/joint_trajectory_controller/src/joint_trajectory_controller.c...
function: goal_received_callback
line: 1505
---
stamp:
  sec: 1778291756
  nanosec: 442474139
level: 30
name: controller_manager
msg: 'Overrun detected! The controller manager missed its desired rate of 1000 Hz. The loop took 3.355166 ms (missed cycles : 4).'
file: /home/helenlu/texture_sort/src/third_party/kinova/ros2_control/controller_manager/src/ros2_control_node.cpp
function: operator()
line: 176
---
stamp:
  sec: 1778291756
  nanosec: 778848138
level: 30
name: controller_manager
msg: 'Overrun might occur, Total time : 1623.678 us (Expected < 1000.000 us) --> Read time : 155.290 us, Update time : 970.531 us, Wri...'
file: /home/helenlu/texture_sort/src/third_party/kinova/ros2_control/controller_manager/src/controller_manager.cpp
function: write
line: 3628
---
stamp:
  sec: 1778291757
  nanosec: 443376109
level: 30
name: controller_manager
msg: 'Overrun detected! The controller manager missed its desired rate of 1000 Hz. The loop took 1.257183 ms (missed cycles : 2).'
file: /home/helenlu/texture_sort/src/third_party/kinova/ros2_control/controller_manager/src/ros2_control_node.cpp
function: operator()
line: 176
---
stamp:
  sec: 1778291757
  nanosec: 729407858
level: 20
name: joint_trajectory_controller
msg: Goal reached, success!
file: /home/helenlu/texture_sort/src/third_party/kinova/ros2_controllers/joint_trajectory_controller/src/joint_trajectory_controller.c...
function: update
line: 493
---
stamp:
  sec: 1778291757
  nanosec: 781574217
level: 30
name: controller_manager
msg: 'Overrun might occur, Total time : 1378.926 us (Expected < 1000.000 us) --> Read time : 28.727 us, Update time : 696.989 us, Writ...'
file: /home/helenlu/texture_sort/src/third_party/kinova/ros2_control/controller_manager/src/controller_manager.cpp
function: write
line: 3628
---
stamp:
  sec: 1778291757
  nanosec: 785554198
level: 20
name: move_group.moveit.moveit.ros.trajectory_execution_manager
msg: Completed trajectory execution with status SUCCEEDED ...
file: ./trajectory_execution_manager/src/trajectory_execution_manager.cpp
function: executeThread
line: 1354
---
stamp:
  sec: 1778291757
  nanosec: 788997547
level: 20
name: move_group.moveit.moveit.ros.move_group.move_action
msg: Solution was found and executed.
file: ./src/default_capabilities/move_action_capability.cpp
function: executeMoveCallback
line: 111
---
stamp:
  sec: 1778291757
  nanosec: 800175117
level: 20
name: grasp_node
msg: '[grasp 3] done'
file: /home/helenlu/texture_sort/install/manipulation/lib/python3.12/site-packages/manipulation/grasp_node.py
function: fb
line: 259
---
stamp:
  sec: 1778291757
  nanosec: 803331822
level: 20
name: task_manager_node
msg: '[task] classify_texture obj 3'
file: /home/helenlu/texture_sort/install/task_manager/lib/python3.12/site-packages/task_manager/task_manager_node.py
function: _log_state
line: 623
---
stamp:
  sec: 1778291757
  nanosec: 866231060
level: 20
name: tactile_node
msg: 'Query features: bv=38.8 (thresh=100.0), tc=0.190 (thresh=0.5)'
file: /home/helenlu/texture_sort/install/perception/lib/python3.12/site-packages/perception/tactile_node.py
function: handle_classify_texture
line: 88
---
stamp:
  sec: 1778291758
  nanosec: 320141434
level: 20
name: tactile_node
msg: Object 3 -> texture class 3.
file: /home/helenlu/texture_sort/install/perception/lib/python3.12/site-packages/perception/tactile_node.py
function: handle_classify_texture
line: 93
---
stamp:
  sec: 1778291758
  nanosec: 324476616
level: 20
name: task_manager_node
msg: obj 3 → texture class 3
file: /home/helenlu/texture_sort/install/task_manager/lib/python3.12/site-packages/task_manager/task_manager_node.py
function: _state_classify_texture
line: 403
---
stamp:
  sec: 1778291758
  nanosec: 325579775
level: 20
name: task_manager_node
msg: '[task] go_to_pre_grasp (obj 4)'
file: /home/helenlu/texture_sort/install/task_manager/lib/python3.12/site-packages/task_manager/task_manager_node.py
function: _log_state
line: 623
---
stamp:
  sec: 1778291758
  nanosec: 340525155
level: 20
name: grasp_node
msg: '[go_to_pre_grasp] loading_pre_grasp_pose'
file: /home/helenlu/texture_sort/install/manipulation/lib/python3.12/site-packages/manipulation/grasp_node.py
function: fb
line: 502
---
stamp:
  sec: 1778291758
  nanosec: 349723559
level: 20
name: grasp_node
msg: 'Moving to pre_grasp: joint_1=-0.2643, joint_2=0.1094, joint_3=0.2209, joint_4=1.5038, joint_5=-0.0231, joint_6=1.5097, joint_7=-...'
file: /home/helenlu/texture_sort/install/manipulation/lib/python3.12/site-packages/manipulation/grasp_node.py
function: _go_to_pre_grasp_callback
line: 524
---
stamp:
  sec: 1778291758
  nanosec: 351257542
level: 20
name: grasp_node
msg: '[go_to_pre_grasp] moving_to_pre_grasp'
file: /home/helenlu/texture_sort/install/manipulation/lib/python3.12/site-packages/manipulation/grasp_node.py
function: fb
line: 502
---
stamp:
  sec: 1778291758
  nanosec: 352808915
level: 20
name: move_group.moveit.moveit.ros.move_group.move_action
msg: 'MoveGroupMoveAction: Received request'
file: ./src/default_capabilities/move_action_capability.cpp
function: operator()
line: 71
---
stamp:
  sec: 1778291758
  nanosec: 355026126
level: 30
name: move_group.moveit.moveit.ros.planning_scene_monitor
msg: Unable to transform object from frame 'tag36h11:10' to planning frame'world' (Lookup would require extrapolation into the past. ...
file: ./planning_scene_monitor/src/planning_scene_monitor.cpp
function: getUpdatedFrameTransforms
line: 1574
---
stamp:
  sec: 1778291758
  nanosec: 356125369
level: 20
name: move_group
msg: Calling PlanningRequestAdapter 'ResolveConstraintFrames'
file: ./planning_pipeline/src/planning_pipeline.cpp
function: generatePlan
line: 278
---
stamp:
  sec: 1778291758
  nanosec: 356285453
level: 30
name: move_group.moveit.moveit.ros.validate_workspace_bounds
msg: It looks like the planning volume was not specified. Using default values.
file: ./planning_request_adapter_plugins/src/validate_workspace_bounds.cpp
function: adapt
line: 84
---
stamp:
  sec: 1778291758
  nanosec: 356394982
level: 20
name: move_group
msg: Calling PlanningRequestAdapter 'CheckStartStateBounds'
file: ./planning_pipeline/src/planning_pipeline.cpp
function: generatePlan
line: 278
---
stamp:
  sec: 1778291758
  nanosec: 356694509
level: 20
name: move_group
msg: Calling PlanningRequestAdapter 'CheckStartStateCollision'
file: ./planning_pipeline/src/planning_pipeline.cpp
function: generatePlan
line: 278
---
stamp:
  sec: 1778291758
  nanosec: 357210573
level: 20
name: move_group.moveit.moveit.planners.ompl.model_based_planning_context
msg: Planner configuration 'manipulator' will use planner 'geometric::RRTConnect'. Additional configuration parameters will be set wh...
file: ./ompl_interface/src/model_based_planning_context.cpp
function: useConfig
line: 420
---
stamp:
  sec: 1778291758
  nanosec: 357357394
level: 20
name: move_group
msg: Calling Planner 'OMPL'
file: ./planning_pipeline/src/planning_pipeline.cpp
function: generatePlan
line: 318
---
stamp:
  sec: 1778291758
  nanosec: 374003153
level: 20
name: move_group
msg: Calling PlanningResponseAdapter 'DisplayMotionPath'
file: ./planning_pipeline/src/planning_pipeline.cpp
function: generatePlan
line: 339
---
stamp:
  sec: 1778291758
  nanosec: 374262724
level: 30
name: move_group.moveit.moveit.ros.planning_pipeline
msg: The planner plugin did not fill out the 'planner_id' field of the MotionPlanResponse. Setting it to the planner ID name of the M...
file: ./planning_pipeline/src/planning_pipeline.cpp
function: generatePlan
line: 364
---
stamp:
  sec: 1778291758
  nanosec: 377486195
level: 20
name: move_group.moveit.moveit.ros.trajectory_execution_manager
msg: Starting trajectory execution ...
file: ./trajectory_execution_manager/src/trajectory_execution_manager.cpp
function: executeThread
line: 1325
---
stamp:
  sec: 1778291758
  nanosec: 377617056
level: 20
name: move_group.moveit.moveit.plugins.simple_controller_manager
msg: Returned 2 controllers in list
file: ./src/moveit_simple_controller_manager.cpp
function: getControllersList
line: 274
---
stamp:
  sec: 1778291758
  nanosec: 377678366
level: 20
name: move_group.moveit.moveit.plugins.simple_controller_manager
msg: Returned 2 controllers in list
file: ./src/moveit_simple_controller_manager.cpp
function: getControllersList
line: 274
---
stamp:
  sec: 1778291758
  nanosec: 378747791
level: 20
name: joint_trajectory_controller
msg: Received new action goal
file: /home/helenlu/texture_sort/src/third_party/kinova/ros2_controllers/joint_trajectory_controller/src/joint_trajectory_controller.c...
function: goal_received_callback
line: 1490
---
stamp:
  sec: 1778291758
  nanosec: 378819670
level: 20
name: joint_trajectory_controller
msg: Accepted new action goal
file: /home/helenlu/texture_sort/src/third_party/kinova/ros2_controllers/joint_trajectory_controller/src/joint_trajectory_controller.c...
function: goal_received_callback
line: 1505
---
stamp:
  sec: 1778291758
  nanosec: 445125590
level: 30
name: controller_manager
msg: 'Overrun detected! The controller manager missed its desired rate of 1000 Hz. The loop took 1.006069 ms (missed cycles : 2).'
file: /home/helenlu/texture_sort/src/third_party/kinova/ros2_control/controller_manager/src/ros2_control_node.cpp
function: operator()
line: 176
---
stamp:
  sec: 1778291758
  nanosec: 522418582
level: 20
name: joint_trajectory_controller
msg: Goal reached, success!
file: /home/helenlu/texture_sort/src/third_party/kinova/ros2_controllers/joint_trajectory_controller/src/joint_trajectory_controller.c...
function: update
line: 493
---
stamp:
  sec: 1778291758
  nanosec: 538787553
level: 20
name: move_group.moveit.moveit.ros.trajectory_execution_manager
msg: Completed trajectory execution with status SUCCEEDED ...
file: ./trajectory_execution_manager/src/trajectory_execution_manager.cpp
function: executeThread
line: 1354
---
stamp:
  sec: 1778291758
  nanosec: 547687315
level: 20
name: move_group.moveit.moveit.ros.move_group.move_action
msg: Solution was found and executed.
file: ./src/default_capabilities/move_action_capability.cpp
function: executeMoveCallback
line: 111
---
stamp:
  sec: 1778291758
  nanosec: 557199012
level: 20
name: grasp_node
msg: '[go_to_pre_grasp] done'
file: /home/helenlu/texture_sort/install/manipulation/lib/python3.12/site-packages/manipulation/grasp_node.py
function: fb
line: 502
---
stamp:
  sec: 1778291758
  nanosec: 561984807
level: 20
name: task_manager_node
msg: '[task] stabilize_object_locations — waiting 1.5s for object groundings'
file: /home/helenlu/texture_sort/install/task_manager/lib/python3.12/site-packages/task_manager/task_manager_node.py
function: _log_state
line: 623
---
stamp:
  sec: 1778291758
  nanosec: 562696580
level: 20
name: task_manager_node
msg: Waiting 1.0s for arm to stabilize
file: /home/helenlu/texture_sort/install/task_manager/lib/python3.12/site-packages/task_manager/task_manager_node.py
function: _wait_for_arm_to_stabilize
line: 317
---
stamp:
  sec: 1778291758
  nanosec: 796414234
level: 30
name: controller_manager
msg: 'Overrun might occur, Total time : 2227.354 us (Expected < 1000.000 us) --> Read time : 21.688 us, Update time : 143.049 us, Writ...'
file: /home/helenlu/texture_sort/src/third_party/kinova/ros2_control/controller_manager/src/controller_manager.cpp
function: write
line: 3628
---
stamp:
  sec: 1778291759
  nanosec: 457607003
level: 30
name: controller_manager
msg: 'Overrun detected! The controller manager missed its desired rate of 1000 Hz. The loop took 3.488733 ms (missed cycles : 4).'
file: /home/helenlu/texture_sort/src/third_party/kinova/ros2_control/controller_manager/src/ros2_control_node.cpp
function: operator()
line: 176
---
stamp:
  sec: 1778291759
  nanosec: 812394718
level: 30
name: controller_manager
msg: 'Overrun might occur, Total time : 1207.955 us (Expected < 1000.000 us) --> Read time : 22.177 us, Update time : 136.606 us, Writ...'
file: /home/helenlu/texture_sort/src/third_party/kinova/ros2_control/controller_manager/src/controller_manager.cpp
function: write
line: 3628
---
stamp:
  sec: 1778291760
  nanosec: 465987367
level: 30
name: controller_manager
msg: 'Overrun detected! The controller manager missed its desired rate of 1000 Hz. The loop took 3.869437 ms (missed cycles : 4).'
file: /home/helenlu/texture_sort/src/third_party/kinova/ros2_control/controller_manager/src/ros2_control_node.cpp
function: operator()
line: 176
---
stamp:
  sec: 1778291760
  nanosec: 813217673
level: 30
name: controller_manager
msg: 'Overrun might occur, Total time : 1007.153 us (Expected < 1000.000 us) --> Read time : 61.047 us, Update time : 308.752 us, Writ...'
file: /home/helenlu/texture_sort/src/third_party/kinova/ros2_control/controller_manager/src/controller_manager.cpp
function: write
line: 3628
---
stamp:
  sec: 1778291761
  nanosec: 67082443
level: 20
name: task_manager_node
msg: 'Refreshed visible object groundings at pre_grasp: [0, 3, 4, 5]'
file: /home/helenlu/texture_sort/install/task_manager/lib/python3.12/site-packages/task_manager/task_manager_node.py
function: _stabilize_object_locations
line: 332
---
stamp:
  sec: 1778291761
  nanosec: 67962114
level: 20
name: task_manager_node
msg: '[task] grasp_then_reset obj 4'
file: /home/helenlu/texture_sort/install/task_manager/lib/python3.12/site-packages/task_manager/task_manager_node.py
function: _log_state
line: 623
---
stamp:
  sec: 1778291761
  nanosec: 80569404
level: 20
name: grasp_node
msg: '[grasp 4] resolving_target_pose'
file: /home/helenlu/texture_sort/install/manipulation/lib/python3.12/site-packages/manipulation/grasp_node.py
function: fb
line: 259
---
stamp:
  sec: 1778291761
  nanosec: 84826266
level: 20
name: grasp_node
msg: '[grasp 4] waiting 1.0s for arm to stabilize'
file: /home/helenlu/texture_sort/install/manipulation/lib/python3.12/site-packages/manipulation/grasp_node.py
function: _wait_for_groundings_refresh
line: 376
---
stamp:
  sec: 1778291761
  nanosec: 512720384
level: 30
name: controller_manager
msg: 'Overrun detected! The controller manager missed its desired rate of 1000 Hz. The loop took 1.601168 ms (missed cycles : 2).'
file: /home/helenlu/texture_sort/src/third_party/kinova/ros2_control/controller_manager/src/ros2_control_node.cpp
function: operator()
line: 176
---
stamp:
  sec: 1778291761
  nanosec: 813331673
level: 30
name: controller_manager
msg: 'Overrun might occur, Total time : 1093.635 us (Expected < 1000.000 us) --> Read time : 32.374 us, Update time : 291.068 us, Writ...'
file: /home/helenlu/texture_sort/src/third_party/kinova/ros2_control/controller_manager/src/controller_manager.cpp
function: write
line: 3628
---
stamp:
  sec: 1778291762
  nanosec: 90616587
level: 20
name: grasp_node
msg: '[grasp 4] waiting 1.5s for object groundings'
file: /home/helenlu/texture_sort/install/manipulation/lib/python3.12/site-packages/manipulation/grasp_node.py
function: _wait_for_groundings_refresh
line: 381
---
stamp:
  sec: 1778291762
  nanosec: 524528618
level: 30
name: controller_manager
msg: 'Overrun detected! The controller manager missed its desired rate of 1000 Hz. The loop took 2.408241 ms (missed cycles : 3).'
file: /home/helenlu/texture_sort/src/third_party/kinova/ros2_control/controller_manager/src/ros2_control_node.cpp
function: operator()
line: 176
---
stamp:
  sec: 1778291762
  nanosec: 815361819
level: 30
name: controller_manager
msg: 'Overrun might occur, Total time : 1166.490 us (Expected < 1000.000 us) --> Read time : 34.173 us, Update time : 363.975 us, Writ...'
file: /home/helenlu/texture_sort/src/third_party/kinova/ros2_control/controller_manager/src/controller_manager.cpp
function: write
line: 3628
---
stamp:
  sec: 1778291763
  nanosec: 539340965
level: 30
name: controller_manager
msg: 'Overrun detected! The controller manager missed its desired rate of 1000 Hz. The loop took 2.222423 ms (missed cycles : 3).'
file: /home/helenlu/texture_sort/src/third_party/kinova/ros2_control/controller_manager/src/ros2_control_node.cpp
function: operator()
line: 176
---
stamp:
  sec: 1778291763
  nanosec: 828429090
level: 30
name: controller_manager
msg: 'Overrun might occur, Total time : 1233.870 us (Expected < 1000.000 us) --> Read time : 19.318 us, Update time : 143.619 us, Writ...'
file: /home/helenlu/texture_sort/src/third_party/kinova/ros2_control/controller_manager/src/controller_manager.cpp
function: write
line: 3628
---
stamp:
  sec: 1778291764
  nanosec: 53844822
level: 20
name: grasp_node
msg: '[debug] tf camera_color_frame -> base_link: trans=(0.4204, -0.0005, 0.5313)  quat=(-0.6968, 0.7170, -0.0137, 0.0110)'
file: /home/helenlu/texture_sort/install/manipulation/lib/python3.12/site-packages/manipulation/grasp_node.py
function: _resolve_grasp_target
line: 420
---
stamp:
  sec: 1778291764
  nanosec: 55664362
level: 20
name: grasp_node
msg: '[debug] object in base_link (pre-offset): pos=(0.3339, 0.0123, 0.0261)  quat=(-0.0450, 0.1082, -0.1297, 0.9846)'
file: /home/helenlu/texture_sort/install/manipulation/lib/python3.12/site-packages/manipulation/grasp_node.py
function: _resolve_grasp_target
line: 429
---
stamp:
  sec: 1778291764
  nanosec: 63465240
level: 20
name: grasp_node
msg: '[grasp 4] current end_effector_link pose in base_link: pos=(0.3641, 0.0011, 0.5263)  quat=(0.7170, 0.6968, 0.0110, 0.0137)'
file: /home/helenlu/texture_sort/install/manipulation/lib/python3.12/site-packages/manipulation/grasp_node.py
function: _run_grasp_sequence
line: 281
---
stamp:
  sec: 1778291764
  nanosec: 64606887
level: 20
name: grasp_node
msg: '[grasp 4] grasp_point target in base_link: pos=(0.3339, 0.0123, 0.0261)  quat=(0.7170, 0.6968, 0.0110, 0.0137)'
file: /home/helenlu/texture_sort/install/manipulation/lib/python3.12/site-packages/manipulation/grasp_node.py
function: _run_grasp_sequence
line: 286
---
stamp:
  sec: 1778291764
  nanosec: 66447022
level: 20
name: grasp_node
msg: '[grasp 4] grasp_point approach target in base_link: pos=(0.3339, 0.0123, 0.1461)'
file: /home/helenlu/texture_sort/install/manipulation/lib/python3.12/site-packages/manipulation/grasp_node.py
function: _run_grasp_sequence
line: 295
---
stamp:
  sec: 1778291764
  nanosec: 73291743
level: 20
name: grasp_node
msg: '[debug] commanded end_effector_link target after grasp_point offset: pos=(0.3301, 0.0379, 0.2760)  offset_in_base=(0.0038, -0.02...'
file: /home/helenlu/texture_sort/install/manipulation/lib/python3.12/site-packages/manipulation/grasp_node.py
function: _ee_target_for_grasp_point
line: 459
---
stamp:
  sec: 1778291764
  nanosec: 79158696
level: 20
name: grasp_node
msg: '[debug] commanded end_effector_link target after grasp_point offset: pos=(0.3301, 0.0379, 0.1560)  offset_in_base=(0.0038, -0.02...'
file: /home/helenlu/texture_sort/install/manipulation/lib/python3.12/site-packages/manipulation/grasp_node.py
function: _ee_target_for_grasp_point
line: 459
---
stamp:
  sec: 1778291764
  nanosec: 80035786
level: 20
name: grasp_node
msg: '[grasp 4] moving_to_approach'
file: /home/helenlu/texture_sort/install/manipulation/lib/python3.12/site-packages/manipulation/grasp_node.py
function: fb
line: 259
---
stamp:
  sec: 1778291764
  nanosec: 92532473
level: 30
name: move_group.moveit.moveit.ros.planning_scene_monitor
msg: Unable to transform object from frame 'tag36h11:10' to planning frame'world' (Lookup would require extrapolation into the past. ...
file: ./planning_scene_monitor/src/planning_scene_monitor.cpp
function: getUpdatedFrameTransforms
line: 1574
---
stamp:
  sec: 1778291764
  nanosec: 94219032
level: 20
name: move_group
msg: Calling PlanningRequestAdapter 'ResolveConstraintFrames'
file: ./planning_pipeline/src/planning_pipeline.cpp
function: generatePlan
line: 278
---
stamp:
  sec: 1778291764
  nanosec: 94375516
level: 20
name: move_group
msg: Calling PlanningRequestAdapter 'ValidateWorkspaceBounds'
file: ./planning_pipeline/src/planning_pipeline.cpp
function: generatePlan
line: 278
---
stamp:
  sec: 1778291764
  nanosec: 94500556
level: 20
name: move_group
msg: Calling PlanningRequestAdapter 'CheckStartStateBounds'
file: ./planning_pipeline/src/planning_pipeline.cpp
function: generatePlan
line: 278
---
stamp:
  sec: 1778291764
  nanosec: 94641181
level: 20
name: move_group
msg: Calling PlanningRequestAdapter 'CheckStartStateCollision'
file: ./planning_pipeline/src/planning_pipeline.cpp
function: generatePlan
line: 278
---
stamp:
  sec: 1778291764
  nanosec: 95214172
level: 20
name: move_group.moveit.moveit.planners.ompl.model_based_planning_context
msg: Planner configuration 'manipulator' will use planner 'geometric::RRTConnect'. Additional configuration parameters will be set wh...
file: ./ompl_interface/src/model_based_planning_context.cpp
function: useConfig
line: 420
---
stamp:
  sec: 1778291764
  nanosec: 98765379
level: 20
name: move_group
msg: Calling Planner 'OMPL'
file: ./planning_pipeline/src/planning_pipeline.cpp
function: generatePlan
line: 318
---
stamp:
  sec: 1778291764
  nanosec: 109021209
level: 20
name: move_group
msg: Calling PlanningResponseAdapter 'AddTimeOptimalParameterization'
file: ./planning_pipeline/src/planning_pipeline.cpp
function: generatePlan
line: 339
---
stamp:
  sec: 1778291764
  nanosec: 114957635
level: 20
name: move_group
msg: Calling PlanningResponseAdapter 'ValidateSolution'
file: ./planning_pipeline/src/planning_pipeline.cpp
function: generatePlan
line: 339
---
stamp:
  sec: 1778291764
  nanosec: 118602032
level: 20
name: move_group
msg: Calling PlanningResponseAdapter 'DisplayMotionPath'
file: ./planning_pipeline/src/planning_pipeline.cpp
function: generatePlan
line: 339
---
stamp:
  sec: 1778291764
  nanosec: 119237619
level: 30
name: move_group.moveit.moveit.ros.planning_pipeline
msg: The planner plugin did not fill out the 'planner_id' field of the MotionPlanResponse. Setting it to the planner ID name of the M...
file: ./planning_pipeline/src/planning_pipeline.cpp
function: generatePlan
line: 364
---
stamp:
  sec: 1778291764
  nanosec: 123135775
level: 20
name: move_group.moveit.moveit.ros.trajectory_execution_manager
msg: Starting trajectory execution ...
file: ./trajectory_execution_manager/src/trajectory_execution_manager.cpp
function: executeThread
line: 1325
---
stamp:
  sec: 1778291764
  nanosec: 123248177
level: 20
name: move_group.moveit.moveit.plugins.simple_controller_manager
msg: Returned 2 controllers in list
file: ./src/moveit_simple_controller_manager.cpp
function: getControllersList
line: 274
---
stamp:
  sec: 1778291764
  nanosec: 123302169
level: 20
name: move_group.moveit.moveit.plugins.simple_controller_manager
msg: Returned 2 controllers in list
file: ./src/moveit_simple_controller_manager.cpp
function: getControllersList
line: 274
---
stamp:
  sec: 1778291764
  nanosec: 123894078
level: 20
name: joint_trajectory_controller
msg: Received new action goal
file: /home/helenlu/texture_sort/src/third_party/kinova/ros2_controllers/joint_trajectory_controller/src/joint_trajectory_controller.c...
function: goal_received_callback
line: 1490
---
stamp:
  sec: 1778291764
  nanosec: 123971399
level: 20
name: joint_trajectory_controller
msg: Accepted new action goal
file: /home/helenlu/texture_sort/src/third_party/kinova/ros2_controllers/joint_trajectory_controller/src/joint_trajectory_controller.c...
function: goal_received_callback
line: 1505
---
stamp:
  sec: 1778291764
  nanosec: 543407420
level: 30
name: controller_manager
msg: 'Overrun detected! The controller manager missed its desired rate of 1000 Hz. The loop took 2.288726 ms (missed cycles : 3).'
file: /home/helenlu/texture_sort/src/third_party/kinova/ros2_control/controller_manager/src/ros2_control_node.cpp
function: operator()
line: 176
---
stamp:
  sec: 1778291764
  nanosec: 840874811
level: 30
name: controller_manager
msg: 'Overrun might occur, Total time : 1925.824 us (Expected < 1000.000 us) --> Read time : 144.743 us, Update time : 762.662 us, Wri...'
file: /home/helenlu/texture_sort/src/third_party/kinova/ros2_control/controller_manager/src/controller_manager.cpp
function: write
line: 3628
---
stamp:
  sec: 1778291765
  nanosec: 548160576
level: 30
name: controller_manager
msg: 'Overrun detected! The controller manager missed its desired rate of 1000 Hz. The loop took 1.041647 ms (missed cycles : 2).'
file: /home/helenlu/texture_sort/src/third_party/kinova/ros2_control/controller_manager/src/ros2_control_node.cpp
function: operator()
line: 176
---
stamp:
  sec: 1778291765
  nanosec: 845788800
level: 30
name: controller_manager
msg: 'Overrun might occur, Total time : 5548.000 us (Expected < 1000.000 us) --> Read time : 468.791 us, Update time : 3980.324 us, Wr...'
file: /home/helenlu/texture_sort/src/third_party/kinova/ros2_control/controller_manager/src/controller_manager.cpp
function: write
line: 3628
---
stamp:
  sec: 1778291766
  nanosec: 549826894
level: 30
name: controller_manager
msg: 'Overrun detected! The controller manager missed its desired rate of 1000 Hz. The loop took 2.707681 ms (missed cycles : 3).'
file: /home/helenlu/texture_sort/src/third_party/kinova/ros2_control/controller_manager/src/ros2_control_node.cpp
function: operator()
line: 176
---
stamp:
  sec: 1778291766
  nanosec: 848545334
level: 30
name: controller_manager
msg: 'Overrun might occur, Total time : 3337.580 us (Expected < 1000.000 us) --> Read time : 35.169 us, Update time : 268.844 us, Writ...'
file: /home/helenlu/texture_sort/src/third_party/kinova/ros2_control/controller_manager/src/controller_manager.cpp
function: write
line: 3628
---
stamp:
  sec: 1778291766
  nanosec: 885310049
level: 20
name: joint_trajectory_controller
msg: Goal reached, success!
file: /home/helenlu/texture_sort/src/third_party/kinova/ros2_controllers/joint_trajectory_controller/src/joint_trajectory_controller.c...
function: update
line: 493
---
stamp:
  sec: 1778291766
  nanosec: 932369418
level: 20
name: move_group.moveit.moveit.ros.trajectory_execution_manager
msg: Completed trajectory execution with status SUCCEEDED ...
file: ./trajectory_execution_manager/src/trajectory_execution_manager.cpp
function: executeThread
line: 1354
---
stamp:
  sec: 1778291766
  nanosec: 934260122
level: 20
name: move_group.moveit.moveit.ros.move_group.move_action
msg: Solution was found and executed.
file: ./src/default_capabilities/move_action_capability.cpp
function: executeMoveCallback
line: 111
---
stamp:
  sec: 1778291767
  nanosec: 44383244
level: 20
name: grasp_node
msg: '[grasp 4] lowering_to_object'
file: /home/helenlu/texture_sort/install/manipulation/lib/python3.12/site-packages/manipulation/grasp_node.py
function: fb
line: 259
---
stamp:
  sec: 1778291767
  nanosec: 49238243
level: 20
name: move_group.moveit.moveit.ros.move_group.move_action
msg: 'MoveGroupMoveAction: Received request'
file: ./src/default_capabilities/move_action_capability.cpp
function: operator()
line: 71
---
stamp:
  sec: 1778291767
  nanosec: 49603488
level: 20
name: move_group.moveit.moveit.ros.move_group.move_action
msg: executing..
file: ./src/default_capabilities/move_action_capability.cpp
function: executeMoveCallback
line: 88
---
stamp:
  sec: 1778291767
  nanosec: 53069479
level: 20
name: move_group
msg: Calling PlanningRequestAdapter 'ResolveConstraintFrames'
file: ./planning_pipeline/src/planning_pipeline.cpp
function: generatePlan
line: 278
---
stamp:
  sec: 1778291767
  nanosec: 53156807
level: 20
name: move_group
msg: Calling PlanningRequestAdapter 'ValidateWorkspaceBounds'
file: ./planning_pipeline/src/planning_pipeline.cpp
function: generatePlan
line: 278
---
stamp:
  sec: 1778291767
  nanosec: 53247146
level: 20
name: move_group
msg: Calling PlanningRequestAdapter 'CheckStartStateBounds'
file: ./planning_pipeline/src/planning_pipeline.cpp
function: generatePlan
line: 278
---
stamp:
  sec: 1778291767
  nanosec: 53338740
level: 20
name: move_group
msg: Calling PlanningRequestAdapter 'CheckStartStateCollision'
file: ./planning_pipeline/src/planning_pipeline.cpp
function: generatePlan
line: 278
---
stamp:
  sec: 1778291767
  nanosec: 53740594
level: 20
name: move_group.moveit.moveit.planners.ompl.model_based_planning_context
msg: Planner configuration 'manipulator' will use planner 'geometric::RRTConnect'. Additional configuration parameters will be set wh...
file: ./ompl_interface/src/model_based_planning_context.cpp
function: useConfig
line: 420
---
stamp:
  sec: 1778291767
  nanosec: 58001475
level: 20
name: move_group
msg: Calling Planner 'OMPL'
file: ./planning_pipeline/src/planning_pipeline.cpp
function: generatePlan
line: 318
---
stamp:
  sec: 1778291767
  nanosec: 82504800
level: 20
name: move_group
msg: Calling PlanningResponseAdapter 'AddTimeOptimalParameterization'
file: ./planning_pipeline/src/planning_pipeline.cpp
function: generatePlan
line: 339
---
stamp:
  sec: 1778291767
  nanosec: 90210585
level: 20
name: move_group
msg: Calling PlanningResponseAdapter 'ValidateSolution'
file: ./planning_pipeline/src/planning_pipeline.cpp
function: generatePlan
line: 339
---
stamp:
  sec: 1778291767
  nanosec: 94485550
level: 20
name: move_group
msg: Calling PlanningResponseAdapter 'DisplayMotionPath'
file: ./planning_pipeline/src/planning_pipeline.cpp
function: generatePlan
line: 339
---
stamp:
  sec: 1778291767
  nanosec: 96546536
level: 30
name: move_group.moveit.moveit.ros.planning_pipeline
msg: The planner plugin did not fill out the 'planner_id' field of the MotionPlanResponse. Setting it to the planner ID name of the M...
file: ./planning_pipeline/src/planning_pipeline.cpp
function: generatePlan
line: 364
---
stamp:
  sec: 1778291767
  nanosec: 97580848
level: 20
name: move_group.moveit.moveit.ros.trajectory_execution_manager
msg: Starting trajectory execution ...
file: ./trajectory_execution_manager/src/trajectory_execution_manager.cpp
function: executeThread
line: 1325
---
stamp:
  sec: 1778291767
  nanosec: 97661742
level: 20
name: move_group.moveit.moveit.plugins.simple_controller_manager
msg: Returned 2 controllers in list
file: ./src/moveit_simple_controller_manager.cpp
function: getControllersList
line: 274
---
stamp:
  sec: 1778291767
  nanosec: 97709758
level: 20
name: move_group.moveit.moveit.plugins.simple_controller_manager
msg: Returned 2 controllers in list
file: ./src/moveit_simple_controller_manager.cpp
function: getControllersList
line: 274
---
stamp:
  sec: 1778291767
  nanosec: 98331728
level: 20
name: joint_trajectory_controller
msg: Received new action goal
file: /home/helenlu/texture_sort/src/third_party/kinova/ros2_controllers/joint_trajectory_controller/src/joint_trajectory_controller.c...
function: goal_received_callback
line: 1490
---
stamp:
  sec: 1778291767
  nanosec: 98702040
level: 20
name: joint_trajectory_controller
msg: Accepted new action goal
file: /home/helenlu/texture_sort/src/third_party/kinova/ros2_controllers/joint_trajectory_controller/src/joint_trajectory_controller.c...
function: goal_received_callback
line: 1505
---
stamp:
  sec: 1778291767
  nanosec: 559174213
level: 30
name: controller_manager
msg: 'Overrun detected! The controller manager missed its desired rate of 1000 Hz. The loop took 2.055412 ms (missed cycles : 3).'
file: /home/helenlu/texture_sort/src/third_party/kinova/ros2_control/controller_manager/src/ros2_control_node.cpp
function: operator()
line: 176
---
stamp:
  sec: 1778291767
  nanosec: 852962896
level: 30
name: controller_manager
msg: 'Overrun might occur, Total time : 2706.493 us (Expected < 1000.000 us) --> Read time : 43.415 us, Update time : 427.555 us, Writ...'
file: /home/helenlu/texture_sort/src/third_party/kinova/ros2_control/controller_manager/src/controller_manager.cpp
function: write
line: 3628
---
stamp:
  sec: 1778291768
  nanosec: 567502105
level: 30
name: controller_manager
msg: 'Overrun detected! The controller manager missed its desired rate of 1000 Hz. The loop took 1.382794 ms (missed cycles : 2).'
file: /home/helenlu/texture_sort/src/third_party/kinova/ros2_control/controller_manager/src/ros2_control_node.cpp
function: operator()
line: 176
---
stamp:
  sec: 1778291768
  nanosec: 859035213
level: 30
name: controller_manager
msg: 'Overrun might occur, Total time : 6796.740 us (Expected < 1000.000 us) --> Read time : 49.231 us, Update time : 527.147 us, Writ...'
file: /home/helenlu/texture_sort/src/third_party/kinova/ros2_control/controller_manager/src/controller_manager.cpp
function: write
line: 3628
---
stamp:
  sec: 1778291769
  nanosec: 580911821
level: 30
name: controller_manager
msg: 'Overrun detected! The controller manager missed its desired rate of 1000 Hz. The loop took 1.793302 ms (missed cycles : 2).'
file: /home/helenlu/texture_sort/src/third_party/kinova/ros2_control/controller_manager/src/ros2_control_node.cpp
function: operator()
line: 176
---
stamp:
  sec: 1778291769
  nanosec: 867290815
level: 30
name: controller_manager
msg: 'Overrun might occur, Total time : 1083.237 us (Expected < 1000.000 us) --> Read time : 32.636 us, Update time : 543.472 us, Writ...'
file: /home/helenlu/texture_sort/src/third_party/kinova/ros2_control/controller_manager/src/controller_manager.cpp
function: write
line: 3628
---
stamp:
  sec: 1778291770
  nanosec: 59296213
level: 20
name: joint_trajectory_controller
msg: Goal reached, success!
file: /home/helenlu/texture_sort/src/third_party/kinova/ros2_controllers/joint_trajectory_controller/src/joint_trajectory_controller.c...
function: update
line: 493
---
stamp:
  sec: 1778291770
  nanosec: 103453501
level: 20
name: move_group.moveit.moveit.ros.trajectory_execution_manager
msg: Completed trajectory execution with status SUCCEEDED ...
file: ./trajectory_execution_manager/src/trajectory_execution_manager.cpp
function: executeThread
line: 1354
---
stamp:
  sec: 1778291770
  nanosec: 107740466
level: 20
name: move_group.moveit.moveit.ros.move_group.move_action
msg: Solution was found and executed.
file: ./src/default_capabilities/move_action_capability.cpp
function: executeMoveCallback
line: 111
---
stamp:
  sec: 1778291770
  nanosec: 121755558
level: 20
name: grasp_node
msg: '[grasp 4] closing_gripper'
file: /home/helenlu/texture_sort/install/manipulation/lib/python3.12/site-packages/manipulation/grasp_node.py
function: fb
line: 259
---
stamp:
  sec: 1778291770
  nanosec: 126118860
level: 20
name: grasp_node
msg: Commanding gripper to position=0.405, max_effort=50.0
file: /home/helenlu/texture_sort/install/manipulation/lib/python3.12/site-packages/manipulation/grasp_node.py
function: _gripper_cmd
line: 684
---
stamp:
  sec: 1778291770
  nanosec: 126674911
level: 20
name: robotiq_gripper_controller
msg: Received & accepted new action goal
file: /home/helenlu/texture_sort/src/third_party/kinova/ros2_controllers/gripper_controllers/include/gripper_controllers/gripper_actio...
function: goal_callback
line: 87
---
stamp:
  sec: 1778291770
  nanosec: 438971928
level: 20
name: grasp_node
msg: 'Gripper result: position=0.398, effort=50.000, stalled=False, reached_goal=True'
file: /home/helenlu/texture_sort/install/manipulation/lib/python3.12/site-packages/manipulation/grasp_node.py
function: _gripper_cmd
line: 712
---
stamp:
  sec: 1778291770
  nanosec: 439793749
level: 20
name: grasp_node
msg: '[grasp 4] holding_for_gelsight'
file: /home/helenlu/texture_sort/install/manipulation/lib/python3.12/site-packages/manipulation/grasp_node.py
function: fb
line: 259
---
stamp:
  sec: 1778291770
  nanosec: 580942284
level: 30
name: controller_manager
msg: 'Overrun detected! The controller manager missed its desired rate of 1000 Hz. The loop took 1.823742 ms (missed cycles : 2).'
file: /home/helenlu/texture_sort/src/third_party/kinova/ros2_control/controller_manager/src/ros2_control_node.cpp
function: operator()
line: 176
---
stamp:
  sec: 1778291770
  nanosec: 867952225
level: 30
name: controller_manager
msg: 'Overrun might occur, Total time : 1759.224 us (Expected < 1000.000 us) --> Read time : 32.732 us, Update time : 195.734 us, Writ...'
file: /home/helenlu/texture_sort/src/third_party/kinova/ros2_control/controller_manager/src/controller_manager.cpp
function: write
line: 3628
---
stamp:
  sec: 1778291771
  nanosec: 581353406
level: 30
name: controller_manager
msg: 'Overrun detected! The controller manager missed its desired rate of 1000 Hz. The loop took 1.235609 ms (missed cycles : 2).'
file: /home/helenlu/texture_sort/src/third_party/kinova/ros2_control/controller_manager/src/ros2_control_node.cpp
function: operator()
line: 176
---
stamp:
  sec: 1778291771
  nanosec: 878081348
level: 30
name: controller_manager
msg: 'Overrun might occur, Total time : 2885.761 us (Expected < 1000.000 us) --> Read time : 34.300 us, Update time : 220.584 us, Writ...'
file: /home/helenlu/texture_sort/src/third_party/kinova/ros2_control/controller_manager/src/controller_manager.cpp
function: write
line: 3628
---
stamp:
  sec: 1778291772
  nanosec: 441484027
level: 20
name: tactile_node
msg: Captured tactile image for object 4.
file: /home/helenlu/texture_sort/install/perception/lib/python3.12/site-packages/perception/tactile_node.py
function: _handle_capture
line: 71
---
stamp:
  sec: 1778291772
  nanosec: 446835789
level: 20
name: grasp_node
msg: Captured tactile image for object 4.
file: /home/helenlu/texture_sort/install/manipulation/lib/python3.12/site-packages/manipulation/grasp_node.py
function: _capture_tactile_image
line: 370
---
stamp:
  sec: 1778291772
  nanosec: 450618589
level: 20
name: grasp_node
msg: '[grasp 4] opening_gripper'
file: /home/helenlu/texture_sort/install/manipulation/lib/python3.12/site-packages/manipulation/grasp_node.py
function: fb
line: 259
---
stamp:
  sec: 1778291772
  nanosec: 458821930
level: 20
name: grasp_node
msg: Commanding gripper to position=0.000, max_effort=50.0
file: /home/helenlu/texture_sort/install/manipulation/lib/python3.12/site-packages/manipulation/grasp_node.py
function: _gripper_cmd
line: 684
---
stamp:
  sec: 1778291772
  nanosec: 459187278
level: 20
name: robotiq_gripper_controller
msg: Received & accepted new action goal
file: /home/helenlu/texture_sort/src/third_party/kinova/ros2_controllers/gripper_controllers/include/gripper_controllers/gripper_actio...
function: goal_callback
line: 87
---
stamp:
  sec: 1778291772
  nanosec: 583990038
level: 30
name: controller_manager
msg: 'Overrun detected! The controller manager missed its desired rate of 1000 Hz. The loop took 1.871952 ms (missed cycles : 2).'
file: /home/helenlu/texture_sort/src/third_party/kinova/ros2_control/controller_manager/src/ros2_control_node.cpp
function: operator()
line: 176
---
stamp:
  sec: 1778291772
  nanosec: 816007964
level: 20
name: grasp_node
msg: 'Gripper result: position=0.007, effort=50.000, stalled=False, reached_goal=True'
file: /home/helenlu/texture_sort/install/manipulation/lib/python3.12/site-packages/manipulation/grasp_node.py
function: _gripper_cmd
line: 712
---
stamp:
  sec: 1778291772
  nanosec: 817012882
level: 20
name: grasp_node
msg: '[grasp 4] lifting'
file: /home/helenlu/texture_sort/install/manipulation/lib/python3.12/site-packages/manipulation/grasp_node.py
function: fb
line: 259
---
stamp:
  sec: 1778291772
  nanosec: 821605181
level: 20
name: move_group.moveit.moveit.ros.move_group.move_action
msg: 'MoveGroupMoveAction: Received request'
file: ./src/default_capabilities/move_action_capability.cpp
function: operator()
line: 71
---
stamp:
  sec: 1778291772
  nanosec: 822172278
level: 20
name: move_group.moveit.moveit.ros.move_group.move_action
msg: executing..
file: ./src/default_capabilities/move_action_capability.cpp
function: executeMoveCallback
line: 88
---
stamp:
  sec: 1778291772
  nanosec: 825258788
level: 30
name: move_group.moveit.moveit.ros.move_group.capability
msg: Execution of motions should always start at the robot's current state. Ignoring the state supplied as difference in the planning...
file: ./src/move_group_capability.cpp
function: clearSceneRobotState
line: 129
---
stamp:
  sec: 1778291772
  nanosec: 826494668
level: 20
name: move_group
msg: Calling PlanningRequestAdapter 'ValidateWorkspaceBounds'
file: ./planning_pipeline/src/planning_pipeline.cpp
function: generatePlan
line: 278
---
stamp:
  sec: 1778291772
  nanosec: 827413224
level: 20
name: move_group
msg: Calling PlanningRequestAdapter 'CheckStartStateBounds'
file: ./planning_pipeline/src/planning_pipeline.cpp
function: generatePlan
line: 278
---
stamp:
  sec: 1778291772
  nanosec: 827582328
level: 20
name: move_group
msg: Calling PlanningRequestAdapter 'CheckStartStateCollision'
file: ./planning_pipeline/src/planning_pipeline.cpp
function: generatePlan
line: 278
---
stamp:
  sec: 1778291772
  nanosec: 828190616
level: 20
name: move_group.moveit.moveit.planners.ompl.model_based_planning_context
msg: Planner configuration 'manipulator' will use planner 'geometric::RRTConnect'. Additional configuration parameters will be set wh...
file: ./ompl_interface/src/model_based_planning_context.cpp
function: useConfig
line: 420
---
stamp:
  sec: 1778291772
  nanosec: 828307666
level: 20
name: move_group
msg: Calling Planner 'OMPL'
file: ./planning_pipeline/src/planning_pipeline.cpp
function: generatePlan
line: 318
---
stamp:
  sec: 1778291772
  nanosec: 846175308
level: 20
name: move_group
msg: Calling PlanningResponseAdapter 'AddTimeOptimalParameterization'
file: ./planning_pipeline/src/planning_pipeline.cpp
function: generatePlan
line: 339
---
stamp:
  sec: 1778291772
  nanosec: 854286799
level: 20
name: move_group
msg: Calling PlanningResponseAdapter 'ValidateSolution'
file: ./planning_pipeline/src/planning_pipeline.cpp
function: generatePlan
line: 339
---
stamp:
  sec: 1778291772
  nanosec: 860260030
level: 20
name: move_group
msg: Calling PlanningResponseAdapter 'DisplayMotionPath'
file: ./planning_pipeline/src/planning_pipeline.cpp
function: generatePlan
line: 339
---
stamp:
  sec: 1778291772
  nanosec: 861360467
level: 20
name: move_group.moveit.moveit.plugins.simple_controller_manager
msg: Returned 2 controllers in list
file: ./src/moveit_simple_controller_manager.cpp
function: getControllersList
line: 274
---
stamp:
  sec: 1778291772
  nanosec: 861498108
level: 20
name: move_group.moveit.moveit.ros.trajectory_execution_manager
msg: Validating trajectory with allowed_start_tolerance 0.01
file: ./trajectory_execution_manager/src/trajectory_execution_manager.cpp
function: validate
line: 933
---
stamp:
  sec: 1778291772
  nanosec: 863805872
level: 20
name: move_group.moveit.moveit.ros.trajectory_execution_manager
msg: Starting trajectory execution ...
file: ./trajectory_execution_manager/src/trajectory_execution_manager.cpp
function: executeThread
line: 1325
---
stamp:
  sec: 1778291772
  nanosec: 863963481
level: 20
name: move_group.moveit.moveit.plugins.simple_controller_manager
msg: Returned 2 controllers in list
file: ./src/moveit_simple_controller_manager.cpp
function: getControllersList
line: 274
---
stamp:
  sec: 1778291772
  nanosec: 864045659
level: 20
name: move_group.moveit.moveit.plugins.simple_controller_manager
msg: Returned 2 controllers in list
file: ./src/moveit_simple_controller_manager.cpp
function: getControllersList
line: 274
---
stamp:
  sec: 1778291772
  nanosec: 879103735
level: 30
name: controller_manager
msg: 'Overrun might occur, Total time : 2907.372 us (Expected < 1000.000 us) --> Read time : 207.749 us, Update time : 931.753 us, Wri...'
file: /home/helenlu/texture_sort/src/third_party/kinova/ros2_control/controller_manager/src/controller_manager.cpp
function: write
line: 3628
---
stamp:
  sec: 1778291772
  nanosec: 905123594
level: 20
name: joint_trajectory_controller
msg: Received new action goal
file: /home/helenlu/texture_sort/src/third_party/kinova/ros2_controllers/joint_trajectory_controller/src/joint_trajectory_controller.c...
function: goal_received_callback
line: 1490
---
stamp:
  sec: 1778291772
  nanosec: 905674250
level: 20
name: joint_trajectory_controller
msg: Accepted new action goal
file: /home/helenlu/texture_sort/src/third_party/kinova/ros2_controllers/joint_trajectory_controller/src/joint_trajectory_controller.c...
function: goal_received_callback
line: 1505
---
stamp:
  sec: 1778291773
  nanosec: 586211285
level: 30
name: controller_manager
msg: 'Overrun detected! The controller manager missed its desired rate of 1000 Hz. The loop took 1.092090 ms (missed cycles : 2).'
file: /home/helenlu/texture_sort/src/third_party/kinova/ros2_control/controller_manager/src/ros2_control_node.cpp
function: operator()
line: 176
---
stamp:
  sec: 1778291773
  nanosec: 892422324
level: 30
name: controller_manager
msg: 'Overrun might occur, Total time : 1230.365 us (Expected < 1000.000 us) --> Read time : 89.904 us, Update time : 642.748 us, Writ...'
file: /home/helenlu/texture_sort/src/third_party/kinova/ros2_control/controller_manager/src/controller_manager.cpp
function: write
line: 3628
---
stamp:
  sec: 1778291774
  nanosec: 560309464
level: 20
name: joint_trajectory_controller
msg: Goal reached, success!
file: /home/helenlu/texture_sort/src/third_party/kinova/ros2_controllers/joint_trajectory_controller/src/joint_trajectory_controller.c...
function: update
line: 493
---
stamp:
  sec: 1778291774
  nanosec: 587205669
level: 30
name: controller_manager
msg: 'Overrun detected! The controller manager missed its desired rate of 1000 Hz. The loop took 2.087358 ms (missed cycles : 3).'
file: /home/helenlu/texture_sort/src/third_party/kinova/ros2_control/controller_manager/src/ros2_control_node.cpp
function: operator()
line: 176
---
stamp:
  sec: 1778291774
  nanosec: 611470864
level: 20
name: move_group.moveit.moveit.ros.trajectory_execution_manager
msg: Completed trajectory execution with status SUCCEEDED ...
file: ./trajectory_execution_manager/src/trajectory_execution_manager.cpp
function: executeThread
line: 1354
---
stamp:
  sec: 1778291774
  nanosec: 613948954
level: 20
name: move_group.moveit.moveit.ros.move_group.move_action
msg: Solution was found and executed.
file: ./src/default_capabilities/move_action_capability.cpp
function: executeMoveCallback
line: 111
---
stamp:
  sec: 1778291774
  nanosec: 630065802
level: 20
name: grasp_node
msg: '[grasp 4] returning_to_pre_grasp'
file: /home/helenlu/texture_sort/install/manipulation/lib/python3.12/site-packages/manipulation/grasp_node.py
function: fb
line: 259
---
stamp:
  sec: 1778291774
  nanosec: 636275855
level: 20
name: grasp_node
msg: 'Returning to pre_grasp from /home/helenlu/texture_sort/install/manipulation/share/manipulation/pre_grasp_high.json: joint_1=-0.2...'
file: /home/helenlu/texture_sort/install/manipulation/lib/python3.12/site-packages/manipulation/grasp_node.py
function: return_to_pre_grasp
line: 481
---
stamp:
  sec: 1778291774
  nanosec: 637953101
level: 20
name: move_group.moveit.moveit.ros.move_group.move_action
msg: 'MoveGroupMoveAction: Received request'
file: ./src/default_capabilities/move_action_capability.cpp
function: operator()
line: 71
---
stamp:
  sec: 1778291774
  nanosec: 639908045
level: 20
name: move_group.moveit.moveit.ros.move_group.move_action
msg: executing..
file: ./src/default_capabilities/move_action_capability.cpp
function: executeMoveCallback
line: 88
---
stamp:
  sec: 1778291774
  nanosec: 642607882
level: 30
name: move_group.moveit.moveit.ros.planning_scene_monitor
msg: Unable to transform object from frame 'external_camera_depth_frame' to planning frame'world' (Could not find a connection betwee...
file: ./planning_scene_monitor/src/planning_scene_monitor.cpp
function: getUpdatedFrameTransforms
line: 1574
---
stamp:
  sec: 1778291774
  nanosec: 644768277
level: 30
name: move_group.moveit.moveit.ros.validate_workspace_bounds
msg: It looks like the planning volume was not specified. Using default values.
file: ./planning_request_adapter_plugins/src/validate_workspace_bounds.cpp
function: adapt
line: 84
---
stamp:
  sec: 1778291774
  nanosec: 644924821
level: 20
name: move_group
msg: Calling PlanningRequestAdapter 'CheckStartStateBounds'
file: ./planning_pipeline/src/planning_pipeline.cpp
function: generatePlan
line: 278
---
stamp:
  sec: 1778291774
  nanosec: 645086614
level: 20
name: move_group
msg: Calling PlanningRequestAdapter 'CheckStartStateCollision'
file: ./planning_pipeline/src/planning_pipeline.cpp
function: generatePlan
line: 278
---
stamp:
  sec: 1778291774
  nanosec: 645819651
level: 20
name: move_group.moveit.moveit.planners.ompl.model_based_planning_context
msg: Planner configuration 'manipulator' will use planner 'geometric::RRTConnect'. Additional configuration parameters will be set wh...
file: ./ompl_interface/src/model_based_planning_context.cpp
function: useConfig
line: 420
---
stamp:
  sec: 1778291774
  nanosec: 646062971
level: 20
name: move_group
msg: Calling Planner 'OMPL'
file: ./planning_pipeline/src/planning_pipeline.cpp
function: generatePlan
line: 318
---
stamp:
  sec: 1778291774
  nanosec: 668032536
level: 20
name: move_group
msg: Calling PlanningResponseAdapter 'AddTimeOptimalParameterization'
file: ./planning_pipeline/src/planning_pipeline.cpp
function: generatePlan
line: 339
---
stamp:
  sec: 1778291774
  nanosec: 671296842
level: 20
name: move_group
msg: Calling PlanningResponseAdapter 'ValidateSolution'
file: ./planning_pipeline/src/planning_pipeline.cpp
function: generatePlan
line: 339
---
stamp:
  sec: 1778291774
  nanosec: 672783343
level: 20
name: move_group
msg: Calling PlanningResponseAdapter 'DisplayMotionPath'
file: ./planning_pipeline/src/planning_pipeline.cpp
function: generatePlan
line: 339
---
stamp:
  sec: 1778291774
  nanosec: 673382013
level: 30
name: move_group.moveit.moveit.ros.planning_pipeline
msg: The planner plugin did not fill out the 'planner_id' field of the MotionPlanResponse. Setting it to the planner ID name of the M...
file: ./planning_pipeline/src/planning_pipeline.cpp
function: generatePlan
line: 364
---
stamp:
  sec: 1778291774
  nanosec: 673966586
level: 20
name: move_group.moveit.moveit.plugins.simple_controller_manager
msg: Returned 2 controllers in list
file: ./src/moveit_simple_controller_manager.cpp
function: getControllersList
line: 274
---
stamp:
  sec: 1778291774
  nanosec: 674272471
level: 20
name: move_group.moveit.moveit.plugins.simple_controller_manager
msg: Returned 2 controllers in list
file: ./src/moveit_simple_controller_manager.cpp
function: getControllersList
line: 274
---
stamp:
  sec: 1778291774
  nanosec: 674403186
level: 20
name: move_group.moveit.moveit.ros.trajectory_execution_manager
msg: Validating trajectory with allowed_start_tolerance 0.01
file: ./trajectory_execution_manager/src/trajectory_execution_manager.cpp
function: validate
line: 933
---
stamp:
  sec: 1778291774
  nanosec: 676063994
level: 20
name: move_group.moveit.moveit.ros.trajectory_execution_manager
msg: Starting trajectory execution ...
file: ./trajectory_execution_manager/src/trajectory_execution_manager.cpp
function: executeThread
line: 1325
---
stamp:
  sec: 1778291774
  nanosec: 676178188
level: 20
name: move_group.moveit.moveit.plugins.simple_controller_manager
msg: Returned 2 controllers in list
file: ./src/moveit_simple_controller_manager.cpp
function: getControllersList
line: 274
---
stamp:
  sec: 1778291774
  nanosec: 676224563
level: 20
name: move_group.moveit.moveit.plugins.simple_controller_manager
msg: Returned 2 controllers in list
file: ./src/moveit_simple_controller_manager.cpp
function: getControllersList
line: 274
---
stamp:
  sec: 1778291774
  nanosec: 678072295
level: 20
name: joint_trajectory_controller
msg: Received new action goal
file: /home/helenlu/texture_sort/src/third_party/kinova/ros2_controllers/joint_trajectory_controller/src/joint_trajectory_controller.c...
function: goal_received_callback
line: 1490
---
stamp:
  sec: 1778291774
  nanosec: 678255057
level: 20
name: joint_trajectory_controller
msg: Accepted new action goal
file: /home/helenlu/texture_sort/src/third_party/kinova/ros2_controllers/joint_trajectory_controller/src/joint_trajectory_controller.c...
function: goal_received_callback
line: 1505
---
stamp:
  sec: 1778291774
  nanosec: 913616753
level: 30
name: controller_manager
msg: 'Overrun might occur, Total time : 1436.201 us (Expected < 1000.000 us) --> Read time : 24.523 us, Update time : 218.704 us, Writ...'
file: /home/helenlu/texture_sort/src/third_party/kinova/ros2_control/controller_manager/src/controller_manager.cpp
function: write
line: 3628
---
stamp:
  sec: 1778291775
  nanosec: 587640516
level: 30
name: controller_manager
msg: 'Overrun detected! The controller manager missed its desired rate of 1000 Hz. The loop took 1.520779 ms (missed cycles : 2).'
file: /home/helenlu/texture_sort/src/third_party/kinova/ros2_control/controller_manager/src/ros2_control_node.cpp
function: operator()
line: 176
---
stamp:
  sec: 1778291775
  nanosec: 920685923
level: 30
name: controller_manager
msg: 'Overrun might occur, Total time : 4454.283 us (Expected < 1000.000 us) --> Read time : 123.034 us, Update time : 3828.159 us, Wr...'
file: /home/helenlu/texture_sort/src/third_party/kinova/ros2_control/controller_manager/src/controller_manager.cpp
function: write
line: 3628
---
stamp:
  sec: 1778291776
  nanosec: 588055041
level: 30
name: controller_manager
msg: 'Overrun detected! The controller manager missed its desired rate of 1000 Hz. The loop took 1.937038 ms (missed cycles : 2).'
file: /home/helenlu/texture_sort/src/third_party/kinova/ros2_control/controller_manager/src/ros2_control_node.cpp
function: operator()
line: 176
---
stamp:
  sec: 1778291776
  nanosec: 885305766
level: 20
name: joint_trajectory_controller
msg: Goal reached, success!
file: /home/helenlu/texture_sort/src/third_party/kinova/ros2_controllers/joint_trajectory_controller/src/joint_trajectory_controller.c...
function: update
line: 493
---
stamp:
  sec: 1778291776
  nanosec: 929186046
level: 30
name: controller_manager
msg: 'Overrun might occur, Total time : 1976.240 us (Expected < 1000.000 us) --> Read time : 34.081 us, Update time : 257.445 us, Writ...'
file: /home/helenlu/texture_sort/src/third_party/kinova/ros2_control/controller_manager/src/controller_manager.cpp
function: write
line: 3628
---
stamp:
  sec: 1778291776
  nanosec: 938019225
level: 20
name: move_group.moveit.moveit.ros.trajectory_execution_manager
msg: Completed trajectory execution with status SUCCEEDED ...
file: ./trajectory_execution_manager/src/trajectory_execution_manager.cpp
function: executeThread
line: 1354
---
stamp:
  sec: 1778291776
  nanosec: 946504349
level: 20
name: move_group.moveit.moveit.ros.move_group.move_action
msg: Solution was found and executed.
file: ./src/default_capabilities/move_action_capability.cpp
function: executeMoveCallback
line: 111
---
stamp:
  sec: 1778291776
  nanosec: 952740076
level: 20
name: grasp_node
msg: '[grasp 4] done'
file: /home/helenlu/texture_sort/install/manipulation/lib/python3.12/site-packages/manipulation/grasp_node.py
function: fb
line: 259
---
stamp:
  sec: 1778291776
  nanosec: 963056140
level: 20
name: task_manager_node
msg: '[task] classify_texture obj 4'
file: /home/helenlu/texture_sort/install/task_manager/lib/python3.12/site-packages/task_manager/task_manager_node.py
function: _log_state
line: 623
---
stamp:
  sec: 1778291777
  nanosec: 29824056
level: 20
name: tactile_node
msg: 'Query features: bv=4.2 (thresh=100.0), tc=0.000 (thresh=0.5)'
file: /home/helenlu/texture_sort/install/perception/lib/python3.12/site-packages/perception/tactile_node.py
function: handle_classify_texture
line: 88
---
stamp:
  sec: 1778291777
  nanosec: 153891995
level: 20
name: tactile_node
msg: Object 4 -> texture class 2.
file: /home/helenlu/texture_sort/install/perception/lib/python3.12/site-packages/perception/tactile_node.py
function: handle_classify_texture
line: 93
---
stamp:
  sec: 1778291777
  nanosec: 155293374
level: 20
name: task_manager_node
msg: obj 4 → texture class 2
file: /home/helenlu/texture_sort/install/task_manager/lib/python3.12/site-packages/task_manager/task_manager_node.py
function: _state_classify_texture
line: 403
---
stamp:
  sec: 1778291777
  nanosec: 156168885
level: 20
name: task_manager_node
msg: '[task] go_to_pre_grasp (obj 5)'
file: /home/helenlu/texture_sort/install/task_manager/lib/python3.12/site-packages/task_manager/task_manager_node.py
function: _log_state
line: 623
---
stamp:
  sec: 1778291777
  nanosec: 163922684
level: 20
name: grasp_node
msg: '[go_to_pre_grasp] loading_pre_grasp_pose'
file: /home/helenlu/texture_sort/install/manipulation/lib/python3.12/site-packages/manipulation/grasp_node.py
function: fb
line: 502
---
stamp:
  sec: 1778291777
  nanosec: 171858304
level: 20
name: grasp_node
msg: 'Moving to pre_grasp: joint_1=-0.2643, joint_2=0.1094, joint_3=0.2209, joint_4=1.5038, joint_5=-0.0231, joint_6=1.5097, joint_7=-...'
file: /home/helenlu/texture_sort/install/manipulation/lib/python3.12/site-packages/manipulation/grasp_node.py
function: _go_to_pre_grasp_callback
line: 524
---
stamp:
  sec: 1778291777
  nanosec: 172713143
level: 20
name: grasp_node
msg: '[go_to_pre_grasp] moving_to_pre_grasp'
file: /home/helenlu/texture_sort/install/manipulation/lib/python3.12/site-packages/manipulation/grasp_node.py
function: fb
line: 502
---
stamp:
  sec: 1778291777
  nanosec: 179241266
level: 20
name: move_group.moveit.moveit.ros.move_group.move_action
msg: 'MoveGroupMoveAction: Received request'
file: ./src/default_capabilities/move_action_capability.cpp
function: operator()
line: 71
---
stamp:
  sec: 1778291777
  nanosec: 190315763
level: 30
name: move_group.moveit.moveit.ros.validate_workspace_bounds
msg: It looks like the planning volume was not specified. Using default values.
file: ./planning_request_adapter_plugins/src/validate_workspace_bounds.cpp
function: adapt
line: 84
---
stamp:
  sec: 1778291777
  nanosec: 190397673
level: 20
name: move_group
msg: Calling PlanningRequestAdapter 'CheckStartStateBounds'
file: ./planning_pipeline/src/planning_pipeline.cpp
function: generatePlan
line: 278
---
stamp:
  sec: 1778291777
  nanosec: 190482473
level: 20
name: move_group
msg: Calling PlanningRequestAdapter 'CheckStartStateCollision'
file: ./planning_pipeline/src/planning_pipeline.cpp
function: generatePlan
line: 278
---
stamp:
  sec: 1778291777
  nanosec: 190873656
level: 20
name: move_group.moveit.moveit.planners.ompl.model_based_planning_context
msg: Planner configuration 'manipulator' will use planner 'geometric::RRTConnect'. Additional configuration parameters will be set wh...
file: ./ompl_interface/src/model_based_planning_context.cpp
function: useConfig
line: 420
---
stamp:
  sec: 1778291777
  nanosec: 191029539
level: 20
name: move_group
msg: Calling Planner 'OMPL'
file: ./planning_pipeline/src/planning_pipeline.cpp
function: generatePlan
line: 318
---
stamp:
  sec: 1778291777
  nanosec: 208176084
level: 20
name: move_group
msg: Calling PlanningResponseAdapter 'AddTimeOptimalParameterization'
file: ./planning_pipeline/src/planning_pipeline.cpp
function: generatePlan
line: 339
---
stamp:
  sec: 1778291777
  nanosec: 209135503
level: 20
name: move_group.moveit.moveit.plugins.simple_controller_manager
msg: Returned 2 controllers in list
file: ./src/moveit_simple_controller_manager.cpp
function: getControllersList
line: 274
---
stamp:
  sec: 1778291777
  nanosec: 210748008
level: 20
name: move_group.moveit.moveit.ros.trajectory_execution_manager
msg: Starting trajectory execution ...
file: ./trajectory_execution_manager/src/trajectory_execution_manager.cpp
function: executeThread
line: 1325
---
stamp:
  sec: 1778291777
  nanosec: 210993856
level: 20
name: move_group.moveit.moveit.plugins.simple_controller_manager
msg: Returned 2 controllers in list
file: ./src/moveit_simple_controller_manager.cpp
function: getControllersList
line: 274
---
stamp:
  sec: 1778291777
  nanosec: 211204724
level: 20
name: move_group.moveit.moveit.plugins.simple_controller_manager
msg: Returned 2 controllers in list
file: ./src/moveit_simple_controller_manager.cpp
function: getControllersList
line: 274
---
stamp:
  sec: 1778291777
  nanosec: 211844123
level: 20
name: joint_trajectory_controller
msg: Received new action goal
file: /home/helenlu/texture_sort/src/third_party/kinova/ros2_controllers/joint_trajectory_controller/src/joint_trajectory_controller.c...
function: goal_received_callback
line: 1490
---
stamp:
  sec: 1778291777
  nanosec: 211975783
level: 20
name: joint_trajectory_controller
msg: Accepted new action goal
file: /home/helenlu/texture_sort/src/third_party/kinova/ros2_controllers/joint_trajectory_controller/src/joint_trajectory_controller.c...
function: goal_received_callback
line: 1505
---
stamp:
  sec: 1778291777
  nanosec: 306335161
level: 20
name: joint_trajectory_controller
msg: Goal reached, success!
file: /home/helenlu/texture_sort/src/third_party/kinova/ros2_controllers/joint_trajectory_controller/src/joint_trajectory_controller.c...
function: update
line: 493
---
stamp:
  sec: 1778291777
  nanosec: 323873344
level: 20
name: move_group.moveit.moveit.ros.trajectory_execution_manager
msg: Completed trajectory execution with status SUCCEEDED ...
file: ./trajectory_execution_manager/src/trajectory_execution_manager.cpp
function: executeThread
line: 1354
---
stamp:
  sec: 1778291777
  nanosec: 330931281
level: 20
name: move_group.moveit.moveit.ros.move_group.move_action
msg: Solution was found and executed.
file: ./src/default_capabilities/move_action_capability.cpp
function: executeMoveCallback
line: 111
---
stamp:
  sec: 1778291777
  nanosec: 334821776
level: 20
name: grasp_node
msg: '[go_to_pre_grasp] done'
file: /home/helenlu/texture_sort/install/manipulation/lib/python3.12/site-packages/manipulation/grasp_node.py
function: fb
line: 502
---
stamp:
  sec: 1778291777
  nanosec: 338008983
level: 20
name: task_manager_node
msg: '[task] stabilize_object_locations — waiting 1.5s for object groundings'
file: /home/helenlu/texture_sort/install/task_manager/lib/python3.12/site-packages/task_manager/task_manager_node.py
function: _log_state
line: 623
---
stamp:
  sec: 1778291777
  nanosec: 338713414
level: 20
name: task_manager_node
msg: Waiting 1.0s for arm to stabilize
file: /home/helenlu/texture_sort/install/task_manager/lib/python3.12/site-packages/task_manager/task_manager_node.py
function: _wait_for_arm_to_stabilize
line: 317
---
stamp:
  sec: 1778291777
  nanosec: 588160689
level: 30
name: controller_manager
msg: 'Overrun detected! The controller manager missed its desired rate of 1000 Hz. The loop took 1.041274 ms (missed cycles : 2).'
file: /home/helenlu/texture_sort/src/third_party/kinova/ros2_control/controller_manager/src/ros2_control_node.cpp
function: operator()
line: 176
---
stamp:
  sec: 1778291777
  nanosec: 942743867
level: 30
name: controller_manager
msg: 'Overrun might occur, Total time : 1424.069 us (Expected < 1000.000 us) --> Read time : 28.290 us, Update time : 957.056 us, Writ...'
file: /home/helenlu/texture_sort/src/third_party/kinova/ros2_control/controller_manager/src/controller_manager.cpp
function: write
line: 3628
---
stamp:
  sec: 1778291778
  nanosec: 596246717
level: 30
name: controller_manager
msg: 'Overrun detected! The controller manager missed its desired rate of 1000 Hz. The loop took 1.128753 ms (missed cycles : 2).'
file: /home/helenlu/texture_sort/src/third_party/kinova/ros2_control/controller_manager/src/ros2_control_node.cpp
function: operator()
line: 176
---
stamp:
  sec: 1778291778
  nanosec: 954985645
level: 30
name: controller_manager
msg: 'Overrun might occur, Total time : 2793.648 us (Expected < 1000.000 us) --> Read time : 35.050 us, Update time : 228.605 us, Writ...'
file: /home/helenlu/texture_sort/src/third_party/kinova/ros2_control/controller_manager/src/controller_manager.cpp
function: write
line: 3628
---
stamp:
  sec: 1778291779
  nanosec: 600399133
level: 30
name: controller_manager
msg: 'Overrun detected! The controller manager missed its desired rate of 1000 Hz. The loop took 1.280847 ms (missed cycles : 2).'
file: /home/helenlu/texture_sort/src/third_party/kinova/ros2_control/controller_manager/src/ros2_control_node.cpp
function: operator()
line: 176
---
stamp:
  sec: 1778291779
  nanosec: 841886334
level: 30
name: task_manager_node
msg: No object groundings visible after pre_grasp stabilization.
file: /home/helenlu/texture_sort/install/task_manager/lib/python3.12/site-packages/task_manager/task_manager_node.py
function: _stabilize_object_locations
line: 334
---
stamp:
  sec: 1778291779
  nanosec: 843085773
level: 20
name: task_manager_node
msg: '[task] grasp_then_reset obj 5'
file: /home/helenlu/texture_sort/install/task_manager/lib/python3.12/site-packages/task_manager/task_manager_node.py
function: _log_state
line: 623
---
stamp:
  sec: 1778291779
  nanosec: 852487079
level: 20
name: grasp_node
msg: '[grasp 5] resolving_target_pose'
file: /home/helenlu/texture_sort/install/manipulation/lib/python3.12/site-packages/manipulation/grasp_node.py
function: fb
line: 259
---
stamp:
  sec: 1778291779
  nanosec: 857668950
level: 20
name: grasp_node
msg: '[grasp 5] waiting 1.0s for arm to stabilize'
file: /home/helenlu/texture_sort/install/manipulation/lib/python3.12/site-packages/manipulation/grasp_node.py
function: _wait_for_groundings_refresh
line: 376
---
stamp:
  sec: 1778291779
  nanosec: 956980664
level: 30
name: controller_manager
msg: 'Overrun might occur, Total time : 2780.164 us (Expected < 1000.000 us) --> Read time : 65.183 us, Update time : 304.370 us, Writ...'
file: /home/helenlu/texture_sort/src/third_party/kinova/ros2_control/controller_manager/src/controller_manager.cpp
function: write
line: 3628
---
stamp:
  sec: 1778291780
  nanosec: 608012797
level: 30
name: controller_manager
msg: 'Overrun detected! The controller manager missed its desired rate of 1000 Hz. The loop took 6.892551 ms (missed cycles : 7).'
file: /home/helenlu/texture_sort/src/third_party/kinova/ros2_control/controller_manager/src/ros2_control_node.cpp
function: operator()
line: 176
---
stamp:
  sec: 1778291780
  nanosec: 864905560
level: 20
name: grasp_node
msg: '[grasp 5] waiting 1.5s for object groundings'
file: /home/helenlu/texture_sort/install/manipulation/lib/python3.12/site-packages/manipulation/grasp_node.py
function: _wait_for_groundings_refresh
line: 381
---
stamp:
  sec: 1778291780
  nanosec: 968240586
level: 30
name: controller_manager
msg: 'Overrun might occur, Total time : 3025.553 us (Expected < 1000.000 us) --> Read time : 23.118 us, Update time : 587.210 us, Writ...'
file: /home/helenlu/texture_sort/src/third_party/kinova/ros2_control/controller_manager/src/controller_manager.cpp
function: write
line: 3628
---
stamp:
  sec: 1778291781
  nanosec: 611630744
level: 30
name: controller_manager
msg: 'Overrun detected! The controller manager missed its desired rate of 1000 Hz. The loop took 1.511413 ms (missed cycles : 2).'
file: /home/helenlu/texture_sort/src/third_party/kinova/ros2_control/controller_manager/src/ros2_control_node.cpp
function: operator()
line: 176
---
stamp:
  sec: 1778291781
  nanosec: 988532170
level: 30
name: controller_manager
msg: 'Overrun might occur, Total time : 1427.578 us (Expected < 1000.000 us) --> Read time : 143.105 us, Update time : 488.864 us, Wri...'
file: /home/helenlu/texture_sort/src/third_party/kinova/ros2_control/controller_manager/src/controller_manager.cpp
function: write
line: 3628
---
stamp:
  sec: 1778291782
  nanosec: 613321488
level: 30
name: controller_manager
msg: 'Overrun detected! The controller manager missed its desired rate of 1000 Hz. The loop took 2.202167 ms (missed cycles : 3).'
file: /home/helenlu/texture_sort/src/third_party/kinova/ros2_control/controller_manager/src/ros2_control_node.cpp
function: operator()
line: 176
---
stamp:
  sec: 1778291782
  nanosec: 780060304
level: 20
name: grasp_node
msg: '[debug] tf camera_color_frame -> base_link: trans=(0.4243, -0.0011, 0.5283)  quat=(-0.6951, 0.7188, -0.0106, 0.0100)'
file: /home/helenlu/texture_sort/install/manipulation/lib/python3.12/site-packages/manipulation/grasp_node.py
function: _resolve_grasp_target
line: 420
---
stamp:
  sec: 1778291782
  nanosec: 781760672
level: 20
name: grasp_node
msg: '[debug] object in base_link (pre-offset): pos=(0.3189, -0.1548, 0.0322)  quat=(-0.0289, -0.0044, 0.6848, 0.7281)'
file: /home/helenlu/texture_sort/install/manipulation/lib/python3.12/site-packages/manipulation/grasp_node.py
function: _resolve_grasp_target
line: 429
---
stamp:
  sec: 1778291782
  nanosec: 784485858
level: 20
name: grasp_node
msg: '[grasp 5] current end_effector_link pose in base_link: pos=(0.3680, 0.0008, 0.5237)  quat=(0.7188, 0.6951, 0.0100, 0.0106)'
file: /home/helenlu/texture_sort/install/manipulation/lib/python3.12/site-packages/manipulation/grasp_node.py
function: _run_grasp_sequence
line: 281
---
stamp:
  sec: 1778291782
  nanosec: 785642486
level: 20
name: grasp_node
msg: '[grasp 5] grasp_point target in base_link: pos=(0.3189, -0.1548, 0.0322)  quat=(0.7188, 0.6951, 0.0100, 0.0106)'
file: /home/helenlu/texture_sort/install/manipulation/lib/python3.12/site-packages/manipulation/grasp_node.py
function: _run_grasp_sequence
line: 286
---
stamp:
  sec: 1778291782
  nanosec: 789436073
level: 20
name: grasp_node
msg: '[grasp 5] grasp_point approach target in base_link: pos=(0.3189, -0.1548, 0.1522)'
file: /home/helenlu/texture_sort/install/manipulation/lib/python3.12/site-packages/manipulation/grasp_node.py
function: _run_grasp_sequence
line: 295
---
stamp:
  sec: 1778291782
  nanosec: 795936367
level: 20
name: grasp_node
msg: '[debug] commanded end_effector_link target after grasp_point offset: pos=(0.3160, -0.1296, 0.2821)  offset_in_base=(0.0030, -0.0...'
file: /home/helenlu/texture_sort/install/manipulation/lib/python3.12/site-packages/manipulation/grasp_node.py
function: _ee_target_for_grasp_point
line: 459
---
stamp:
  sec: 1778291782
  nanosec: 797820326
level: 20
name: grasp_node
msg: '[debug] commanded end_effector_link target after grasp_point offset: pos=(0.3160, -0.1296, 0.1621)  offset_in_base=(0.0030, -0.0...'
file: /home/helenlu/texture_sort/install/manipulation/lib/python3.12/site-packages/manipulation/grasp_node.py
function: _ee_target_for_grasp_point
line: 459
---
stamp:
  sec: 1778291782
  nanosec: 798673717
level: 20
name: grasp_node
msg: '[grasp 5] moving_to_approach'
file: /home/helenlu/texture_sort/install/manipulation/lib/python3.12/site-packages/manipulation/grasp_node.py
function: fb
line: 259
---
stamp:
  sec: 1778291782
  nanosec: 800300503
level: 20
name: move_group.moveit.moveit.ros.move_group.move_action
msg: 'MoveGroupMoveAction: Received request'
file: ./src/default_capabilities/move_action_capability.cpp
function: operator()
line: 71
---
stamp:
  sec: 1778291782
  nanosec: 802404471
level: 30
name: move_group.moveit.moveit.ros.planning_scene_monitor
msg: Unable to transform object from frame 'tag36h11:10' to planning frame'world' (Lookup would require extrapolation into the past. ...
file: ./planning_scene_monitor/src/planning_scene_monitor.cpp
function: getUpdatedFrameTransforms
line: 1574
---
stamp:
  sec: 1778291782
  nanosec: 803179718
level: 20
name: move_group
msg: Calling PlanningRequestAdapter 'ValidateWorkspaceBounds'
file: ./planning_pipeline/src/planning_pipeline.cpp
function: generatePlan
line: 278
---
stamp:
  sec: 1778291782
  nanosec: 803306010
level: 20
name: move_group
msg: Calling PlanningRequestAdapter 'CheckStartStateBounds'
file: ./planning_pipeline/src/planning_pipeline.cpp
function: generatePlan
line: 278
---
stamp:
  sec: 1778291782
  nanosec: 803552385
level: 20
name: move_group
msg: Calling PlanningRequestAdapter 'CheckStartStateCollision'
file: ./planning_pipeline/src/planning_pipeline.cpp
function: generatePlan
line: 278
---
stamp:
  sec: 1778291782
  nanosec: 804000966
level: 20
name: move_group.moveit.moveit.planners.ompl.model_based_planning_context
msg: Planner configuration 'manipulator' will use planner 'geometric::RRTConnect'. Additional configuration parameters will be set wh...
file: ./ompl_interface/src/model_based_planning_context.cpp
function: useConfig
line: 420
---
stamp:
  sec: 1778291782
  nanosec: 804098225
level: 20
name: move_group
msg: Calling Planner 'OMPL'
file: ./planning_pipeline/src/planning_pipeline.cpp
function: generatePlan
line: 318
---
stamp:
  sec: 1778291782
  nanosec: 825440403
level: 20
name: move_group
msg: Calling PlanningResponseAdapter 'AddTimeOptimalParameterization'
file: ./planning_pipeline/src/planning_pipeline.cpp
function: generatePlan
line: 339
---
stamp:
  sec: 1778291782
  nanosec: 828821015
level: 20
name: move_group
msg: Calling PlanningResponseAdapter 'DisplayMotionPath'
file: ./planning_pipeline/src/planning_pipeline.cpp
function: generatePlan
line: 339
---
stamp:
  sec: 1778291782
  nanosec: 829750849
level: 20
name: move_group.moveit.moveit.plugins.simple_controller_manager
msg: Returned 2 controllers in list
file: ./src/moveit_simple_controller_manager.cpp
function: getControllersList
line: 274
---
stamp:
  sec: 1778291782
  nanosec: 831877257
level: 20
name: move_group.moveit.moveit.ros.trajectory_execution_manager
msg: Starting trajectory execution ...
file: ./trajectory_execution_manager/src/trajectory_execution_manager.cpp
function: executeThread
line: 1325
---
stamp:
  sec: 1778291782
  nanosec: 831981025
level: 20
name: move_group.moveit.moveit.plugins.simple_controller_manager
msg: Returned 2 controllers in list
file: ./src/moveit_simple_controller_manager.cpp
function: getControllersList
line: 274
---
stamp:
  sec: 1778291782
  nanosec: 832045529
level: 20
name: move_group.moveit.moveit.plugins.simple_controller_manager
msg: Returned 2 controllers in list
file: ./src/moveit_simple_controller_manager.cpp
function: getControllersList
line: 274
---
stamp:
  sec: 1778291782
  nanosec: 832665688
level: 20
name: joint_trajectory_controller
msg: Received new action goal
file: /home/helenlu/texture_sort/src/third_party/kinova/ros2_controllers/joint_trajectory_controller/src/joint_trajectory_controller.c...
function: goal_received_callback
line: 1490
---
stamp:
  sec: 1778291782
  nanosec: 832748868
level: 20
name: joint_trajectory_controller
msg: Accepted new action goal
file: /home/helenlu/texture_sort/src/third_party/kinova/ros2_controllers/joint_trajectory_controller/src/joint_trajectory_controller.c...
function: goal_received_callback
line: 1505
---
stamp:
  sec: 1778291782
  nanosec: 990754433
level: 30
name: controller_manager
msg: 'Overrun might occur, Total time : 1541.970 us (Expected < 1000.000 us) --> Read time : 30.853 us, Update time : 237.298 us, Writ...'
file: /home/helenlu/texture_sort/src/third_party/kinova/ros2_control/controller_manager/src/controller_manager.cpp
function: write
line: 3628
---
stamp:
  sec: 1778291783
  nanosec: 615072412
level: 30
name: controller_manager
msg: 'Overrun detected! The controller manager missed its desired rate of 1000 Hz. The loop took 3.953583 ms (missed cycles : 4).'
file: /home/helenlu/texture_sort/src/third_party/kinova/ros2_control/controller_manager/src/ros2_control_node.cpp
function: operator()
line: 176
---
stamp:
  sec: 1778291783
  nanosec: 993982569
level: 30
name: controller_manager
msg: 'Overrun might occur, Total time : 3787.039 us (Expected < 1000.000 us) --> Read time : 27.750 us, Update time : 826.575 us, Writ...'
file: /home/helenlu/texture_sort/src/third_party/kinova/ros2_control/controller_manager/src/controller_manager.cpp
function: write
line: 3628
---
stamp:
  sec: 1778291784
  nanosec: 616588440
level: 30
name: controller_manager
msg: 'Overrun detected! The controller manager missed its desired rate of 1000 Hz. The loop took 1.467628 ms (missed cycles : 2).'
file: /home/helenlu/texture_sort/src/third_party/kinova/ros2_control/controller_manager/src/ros2_control_node.cpp
function: operator()
line: 176
---
stamp:
  sec: 1778291785
  nanosec: 4203248
level: 30
name: controller_manager
msg: 'Overrun might occur, Total time : 5014.078 us (Expected < 1000.000 us) --> Read time : 18.020 us, Update time : 137.220 us, Writ...'
file: /home/helenlu/texture_sort/src/third_party/kinova/ros2_control/controller_manager/src/controller_manager.cpp
function: write
line: 3628
---
stamp:
  sec: 1778291785
  nanosec: 10659701
level: 20
name: joint_trajectory_controller
msg: Goal reached, success!
file: /home/helenlu/texture_sort/src/third_party/kinova/ros2_controllers/joint_trajectory_controller/src/joint_trajectory_controller.c...
function: update
line: 493
---
stamp:
  sec: 1778291785
  nanosec: 39712304
level: 20
name: move_group.moveit.moveit.ros.trajectory_execution_manager
msg: Completed trajectory execution with status SUCCEEDED ...
file: ./trajectory_execution_manager/src/trajectory_execution_manager.cpp
function: executeThread
line: 1354
---
stamp:
  sec: 1778291785
  nanosec: 42073623
level: 20
name: move_group.moveit.moveit.ros.move_group.move_action
msg: Solution was found and executed.
file: ./src/default_capabilities/move_action_capability.cpp
function: executeMoveCallback
line: 111
---
stamp:
  sec: 1778291785
  nanosec: 49977817
level: 20
name: grasp_node
msg: '[grasp 5] lowering_to_object'
file: /home/helenlu/texture_sort/install/manipulation/lib/python3.12/site-packages/manipulation/grasp_node.py
function: fb
line: 259
---
stamp:
  sec: 1778291785
  nanosec: 51648638
level: 20
name: move_group.moveit.moveit.ros.move_group.move_action
msg: 'MoveGroupMoveAction: Received request'
file: ./src/default_capabilities/move_action_capability.cpp
function: operator()
line: 71
---
stamp:
  sec: 1778291785
  nanosec: 52976204
level: 20
name: move_group.moveit.moveit.ros.move_group.move_action
msg: executing..
file: ./src/default_capabilities/move_action_capability.cpp
function: executeMoveCallback
line: 88
---
stamp:
  sec: 1778291785
  nanosec: 54626935
level: 20
name: move_group.moveit.moveit.ros.plan_execution
msg: Planning attempt 1 of at most 3
file: ./plan_execution/src/plan_execution.cpp
function: planAndExecuteHelper
line: 165
---
stamp:
  sec: 1778291785
  nanosec: 55411895
level: 20
name: move_group
msg: Calling PlanningRequestAdapter 'ValidateWorkspaceBounds'
file: ./planning_pipeline/src/planning_pipeline.cpp
function: generatePlan
line: 278
---
stamp:
  sec: 1778291785
  nanosec: 55497349
level: 20
name: move_group
msg: Calling PlanningRequestAdapter 'CheckStartStateBounds'
file: ./planning_pipeline/src/planning_pipeline.cpp
function: generatePlan
line: 278
---
stamp:
  sec: 1778291785
  nanosec: 55632762
level: 20
name: move_group
msg: Calling PlanningRequestAdapter 'CheckStartStateCollision'
file: ./planning_pipeline/src/planning_pipeline.cpp
function: generatePlan
line: 278
---
stamp:
  sec: 1778291785
  nanosec: 56402955
level: 20
name: move_group.moveit.moveit.planners.ompl.model_based_planning_context
msg: Planner configuration 'manipulator' will use planner 'geometric::RRTConnect'. Additional configuration parameters will be set wh...
file: ./ompl_interface/src/model_based_planning_context.cpp
function: useConfig
line: 420
---
stamp:
  sec: 1778291785
  nanosec: 56494940
level: 20
name: move_group
msg: Calling Planner 'OMPL'
file: ./planning_pipeline/src/planning_pipeline.cpp
function: generatePlan
line: 318
---
stamp:
  sec: 1778291785
  nanosec: 89709985
level: 20
name: move_group
msg: Calling PlanningResponseAdapter 'AddTimeOptimalParameterization'
file: ./planning_pipeline/src/planning_pipeline.cpp
function: generatePlan
line: 339
---
stamp:
  sec: 1778291785
  nanosec: 95724439
level: 20
name: move_group
msg: Calling PlanningResponseAdapter 'ValidateSolution'
file: ./planning_pipeline/src/planning_pipeline.cpp
function: generatePlan
line: 339
---
stamp:
  sec: 1778291785
  nanosec: 97310689
level: 20
name: move_group
msg: Calling PlanningResponseAdapter 'DisplayMotionPath'
file: ./planning_pipeline/src/planning_pipeline.cpp
function: generatePlan
line: 339
---
stamp:
  sec: 1778291785
  nanosec: 98004612
level: 30
name: move_group.moveit.moveit.ros.planning_pipeline
msg: The planner plugin did not fill out the 'planner_id' field of the MotionPlanResponse. Setting it to the planner ID name of the M...
file: ./planning_pipeline/src/planning_pipeline.cpp
function: generatePlan
line: 364
---
stamp:
  sec: 1778291785
  nanosec: 98585112
level: 20
name: move_group.moveit.moveit.plugins.simple_controller_manager
msg: Returned 2 controllers in list
file: ./src/moveit_simple_controller_manager.cpp
function: getControllersList
line: 274
---
stamp:
  sec: 1778291785
  nanosec: 98682887
level: 20
name: move_group.moveit.moveit.plugins.simple_controller_manager
msg: Returned 2 controllers in list
file: ./src/moveit_simple_controller_manager.cpp
function: getControllersList
line: 274
---
stamp:
  sec: 1778291785
  nanosec: 100881802
level: 20
name: move_group.moveit.moveit.ros.trajectory_execution_manager
msg: Starting trajectory execution ...
file: ./trajectory_execution_manager/src/trajectory_execution_manager.cpp
function: executeThread
line: 1325
---
stamp:
  sec: 1778291785
  nanosec: 100979989
level: 20
name: move_group.moveit.moveit.plugins.simple_controller_manager
msg: Returned 2 controllers in list
file: ./src/moveit_simple_controller_manager.cpp
function: getControllersList
line: 274
---
stamp:
  sec: 1778291785
  nanosec: 101037569
level: 20
name: move_group.moveit.moveit.plugins.simple_controller_manager
msg: Returned 2 controllers in list
file: ./src/moveit_simple_controller_manager.cpp
function: getControllersList
line: 274
---
stamp:
  sec: 1778291785
  nanosec: 101870764
level: 20
name: joint_trajectory_controller
msg: Received new action goal
file: /home/helenlu/texture_sort/src/third_party/kinova/ros2_controllers/joint_trajectory_controller/src/joint_trajectory_controller.c...
function: goal_received_callback
line: 1490
---
stamp:
  sec: 1778291785
  nanosec: 101972324
level: 20
name: joint_trajectory_controller
msg: Accepted new action goal
file: /home/helenlu/texture_sort/src/third_party/kinova/ros2_controllers/joint_trajectory_controller/src/joint_trajectory_controller.c...
function: goal_received_callback
line: 1505
---
stamp:
  sec: 1778291785
  nanosec: 623329872
level: 30
name: controller_manager
msg: 'Overrun detected! The controller manager missed its desired rate of 1000 Hz. The loop took 2.210672 ms (missed cycles : 3).'
file: /home/helenlu/texture_sort/src/third_party/kinova/ros2_control/controller_manager/src/ros2_control_node.cpp
function: operator()
line: 176
---
stamp:
  sec: 1778291786
  nanosec: 4832367
level: 30
name: controller_manager
msg: 'Overrun might occur, Total time : 1641.683 us (Expected < 1000.000 us) --> Read time : 23.762 us, Update time : 193.965 us, Writ...'
file: /home/helenlu/texture_sort/src/third_party/kinova/ros2_control/controller_manager/src/controller_manager.cpp
function: write
line: 3628
---
stamp:
  sec: 1778291786
  nanosec: 625374583
level: 30
name: controller_manager
msg: 'Overrun detected! The controller manager missed its desired rate of 1000 Hz. The loop took 3.255930 ms (missed cycles : 4).'
file: /home/helenlu/texture_sort/src/third_party/kinova/ros2_control/controller_manager/src/ros2_control_node.cpp
function: operator()
line: 176
---
stamp:
  sec: 1778291787
  nanosec: 7442841
level: 30
name: controller_manager
msg: 'Overrun might occur, Total time : 1245.499 us (Expected < 1000.000 us) --> Read time : 36.200 us, Update time : 253.440 us, Writ...'
file: /home/helenlu/texture_sort/src/third_party/kinova/ros2_control/controller_manager/src/controller_manager.cpp
function: write
line: 3628
---
stamp:
  sec: 1778291787
  nanosec: 631699928
level: 30
name: controller_manager
msg: 'Overrun detected! The controller manager missed its desired rate of 1000 Hz. The loop took 1.581135 ms (missed cycles : 2).'
file: /home/helenlu/texture_sort/src/third_party/kinova/ros2_control/controller_manager/src/ros2_control_node.cpp
function: operator()
line: 176
---
stamp:
  sec: 1778291788
  nanosec: 7943091
level: 30
name: controller_manager
msg: 'Overrun might occur, Total time : 3717.206 us (Expected < 1000.000 us) --> Read time : 52.017 us, Update time : 1111.516 us, Wri...'
file: /home/helenlu/texture_sort/src/third_party/kinova/ros2_control/controller_manager/src/controller_manager.cpp
function: write
line: 3628
---
stamp:
  sec: 1778291788
  nanosec: 633112562
level: 30
name: controller_manager
msg: 'Overrun detected! The controller manager missed its desired rate of 1000 Hz. The loop took 2.993152 ms (missed cycles : 3).'
file: /home/helenlu/texture_sort/src/third_party/kinova/ros2_control/controller_manager/src/ros2_control_node.cpp
function: operator()
line: 176
---
stamp:
  sec: 1778291789
  nanosec: 31466124
level: 30
name: controller_manager
msg: 'Overrun might occur, Total time : 1249.742 us (Expected < 1000.000 us) --> Read time : 25.943 us, Update time : 310.097 us, Writ...'
file: /home/helenlu/texture_sort/src/third_party/kinova/ros2_control/controller_manager/src/controller_manager.cpp
function: write
line: 3628
---
stamp:
  sec: 1778291789
  nanosec: 140345356
level: 20
name: joint_trajectory_controller
msg: Goal reached, success!
file: /home/helenlu/texture_sort/src/third_party/kinova/ros2_controllers/joint_trajectory_controller/src/joint_trajectory_controller.c...
function: update
line: 493
---
stamp:
  sec: 1778291789
  nanosec: 155441974
level: 20
name: move_group.moveit.moveit.ros.trajectory_execution_manager
msg: Completed trajectory execution with status SUCCEEDED ...
file: ./trajectory_execution_manager/src/trajectory_execution_manager.cpp
function: executeThread
line: 1354
---
stamp:
  sec: 1778291789
  nanosec: 160004191
level: 20
name: move_group.moveit.moveit.ros.move_group.move_action
msg: Solution was found and executed.
file: ./src/default_capabilities/move_action_capability.cpp
function: executeMoveCallback
line: 111
---
stamp:
  sec: 1778291789
  nanosec: 171667378
level: 20
name: grasp_node
msg: '[grasp 5] closing_gripper'
file: /home/helenlu/texture_sort/install/manipulation/lib/python3.12/site-packages/manipulation/grasp_node.py
function: fb
line: 259
---
stamp:
  sec: 1778291789
  nanosec: 177770214
level: 20
name: grasp_node
msg: Commanding gripper to position=0.405, max_effort=50.0
file: /home/helenlu/texture_sort/install/manipulation/lib/python3.12/site-packages/manipulation/grasp_node.py
function: _gripper_cmd
line: 684
---
stamp:
  sec: 1778291789
  nanosec: 178122867
level: 20
name: robotiq_gripper_controller
msg: Received & accepted new action goal
file: /home/helenlu/texture_sort/src/third_party/kinova/ros2_controllers/gripper_controllers/include/gripper_controllers/gripper_actio...
function: goal_callback
line: 87
---
stamp:
  sec: 1778291789
  nanosec: 485196744
level: 20
name: grasp_node
msg: 'Gripper result: position=0.398, effort=50.000, stalled=False, reached_goal=True'
file: /home/helenlu/texture_sort/install/manipulation/lib/python3.12/site-packages/manipulation/grasp_node.py
function: _gripper_cmd
line: 712
---
stamp:
  sec: 1778291789
  nanosec: 485983602
level: 20
name: grasp_node
msg: '[grasp 5] holding_for_gelsight'
file: /home/helenlu/texture_sort/install/manipulation/lib/python3.12/site-packages/manipulation/grasp_node.py
function: fb
line: 259
---
stamp:
  sec: 1778291789
  nanosec: 633201155
level: 30
name: controller_manager
msg: 'Overrun detected! The controller manager missed its desired rate of 1000 Hz. The loop took 1.083042 ms (missed cycles : 2).'
file: /home/helenlu/texture_sort/src/third_party/kinova/ros2_control/controller_manager/src/ros2_control_node.cpp
function: operator()
line: 176
---
stamp:
  sec: 1778291790
  nanosec: 43345429
level: 30
name: controller_manager
msg: 'Overrun might occur, Total time : 1145.649 us (Expected < 1000.000 us) --> Read time : 29.447 us, Update time : 187.440 us, Writ...'
file: /home/helenlu/texture_sort/src/third_party/kinova/ros2_control/controller_manager/src/controller_manager.cpp
function: write
line: 3628
---
stamp:
  sec: 1778291790
  nanosec: 635101317
level: 30
name: controller_manager
msg: 'Overrun detected! The controller manager missed its desired rate of 1000 Hz. The loop took 1.982529 ms (missed cycles : 2).'
file: /home/helenlu/texture_sort/src/third_party/kinova/ros2_control/controller_manager/src/ros2_control_node.cpp
function: operator()
line: 176
---
stamp:
  sec: 1778291791
  nanosec: 59272232
level: 30
name: controller_manager
msg: 'Overrun might occur, Total time : 1070.570 us (Expected < 1000.000 us) --> Read time : 80.667 us, Update time : 274.574 us, Writ...'
file: /home/helenlu/texture_sort/src/third_party/kinova/ros2_control/controller_manager/src/controller_manager.cpp
function: write
line: 3628
---
stamp:
  sec: 1778291791
  nanosec: 487748740
level: 20
name: tactile_node
msg: Captured tactile image for object 5.
file: /home/helenlu/texture_sort/install/perception/lib/python3.12/site-packages/perception/tactile_node.py
function: _handle_capture
line: 71
---
stamp:
  sec: 1778291791
  nanosec: 493064144
level: 20
name: grasp_node
msg: Captured tactile image for object 5.
file: /home/helenlu/texture_sort/install/manipulation/lib/python3.12/site-packages/manipulation/grasp_node.py
function: _capture_tactile_image
line: 370
---
stamp:
  sec: 1778291791
  nanosec: 494073629
level: 20
name: grasp_node
msg: '[grasp 5] opening_gripper'
file: /home/helenlu/texture_sort/install/manipulation/lib/python3.12/site-packages/manipulation/grasp_node.py
function: fb
line: 259
---
stamp:
  sec: 1778291791
  nanosec: 499881983
level: 20
name: grasp_node
msg: Commanding gripper to position=0.000, max_effort=50.0
file: /home/helenlu/texture_sort/install/manipulation/lib/python3.12/site-packages/manipulation/grasp_node.py
function: _gripper_cmd
line: 684
---
stamp:
  sec: 1778291791
  nanosec: 500321463
level: 20
name: robotiq_gripper_controller
msg: Received & accepted new action goal
file: /home/helenlu/texture_sort/src/third_party/kinova/ros2_controllers/gripper_controllers/include/gripper_controllers/gripper_actio...
function: goal_callback
line: 87
---
stamp:
  sec: 1778291791
  nanosec: 636368308
level: 30
name: controller_manager
msg: 'Overrun detected! The controller manager missed its desired rate of 1000 Hz. The loop took 2.249898 ms (missed cycles : 3).'
file: /home/helenlu/texture_sort/src/third_party/kinova/ros2_control/controller_manager/src/ros2_control_node.cpp
function: operator()
line: 176
---
stamp:
  sec: 1778291791
  nanosec: 859719708
level: 20
name: grasp_node
msg: 'Gripper result: position=0.007, effort=50.000, stalled=False, reached_goal=True'
file: /home/helenlu/texture_sort/install/manipulation/lib/python3.12/site-packages/manipulation/grasp_node.py
function: _gripper_cmd
line: 712
---
stamp:
  sec: 1778291791
  nanosec: 865038128
level: 20
name: grasp_node
msg: '[grasp 5] lifting'
file: /home/helenlu/texture_sort/install/manipulation/lib/python3.12/site-packages/manipulation/grasp_node.py
function: fb
line: 259
---
stamp:
  sec: 1778291791
  nanosec: 867169317
level: 20
name: move_group.moveit.moveit.ros.move_group.move_action
msg: 'MoveGroupMoveAction: Received request'
file: ./src/default_capabilities/move_action_capability.cpp
function: operator()
line: 71
---
stamp:
  sec: 1778291791
  nanosec: 868692970
level: 20
name: move_group.moveit.moveit.ros.move_group.move_action
msg: executing..
file: ./src/default_capabilities/move_action_capability.cpp
function: executeMoveCallback
line: 88
---
stamp:
  sec: 1778291791
  nanosec: 873217643
level: 30
name: move_group.moveit.moveit.ros.move_group.capability
msg: Execution of motions should always start at the robot's current state. Ignoring the state supplied as difference in the planning...
file: ./src/move_group_capability.cpp
function: clearSceneRobotState
line: 129
---
stamp:
  sec: 1778291791
  nanosec: 873738285
level: 20
name: move_group
msg: Calling PlanningRequestAdapter 'ValidateWorkspaceBounds'
file: ./planning_pipeline/src/planning_pipeline.cpp
function: generatePlan
line: 278
---
stamp:
  sec: 1778291791
  nanosec: 873879513
level: 20
name: move_group
msg: Calling PlanningRequestAdapter 'CheckStartStateBounds'
file: ./planning_pipeline/src/planning_pipeline.cpp
function: generatePlan
line: 278
---
stamp:
  sec: 1778291791
  nanosec: 874022642
level: 20
name: move_group
msg: Calling PlanningRequestAdapter 'CheckStartStateCollision'
file: ./planning_pipeline/src/planning_pipeline.cpp
function: generatePlan
line: 278
---
stamp:
  sec: 1778291791
  nanosec: 874582115
level: 20
name: move_group.moveit.moveit.planners.ompl.model_based_planning_context
msg: Planner configuration 'manipulator' will use planner 'geometric::RRTConnect'. Additional configuration parameters will be set wh...
file: ./ompl_interface/src/model_based_planning_context.cpp
function: useConfig
line: 420
---
stamp:
  sec: 1778291791
  nanosec: 874667947
level: 20
name: move_group
msg: Calling Planner 'OMPL'
file: ./planning_pipeline/src/planning_pipeline.cpp
function: generatePlan
line: 318
---
stamp:
  sec: 1778291791
  nanosec: 894949309
level: 20
name: move_group
msg: Calling PlanningResponseAdapter 'AddTimeOptimalParameterization'
file: ./planning_pipeline/src/planning_pipeline.cpp
function: generatePlan
line: 339
---
stamp:
  sec: 1778291791
  nanosec: 896708063
level: 20
name: move_group
msg: Calling PlanningResponseAdapter 'ValidateSolution'
file: ./planning_pipeline/src/planning_pipeline.cpp
function: generatePlan
line: 339
---
stamp:
  sec: 1778291791
  nanosec: 897273529
level: 20
name: move_group
msg: Calling PlanningResponseAdapter 'DisplayMotionPath'
file: ./planning_pipeline/src/planning_pipeline.cpp
function: generatePlan
line: 339
---
stamp:
  sec: 1778291791
  nanosec: 898411160
level: 30
name: move_group.moveit.moveit.ros.planning_pipeline
msg: The planner plugin did not fill out the 'planner_id' field of the MotionPlanResponse. Setting it to the planner ID name of the M...
file: ./planning_pipeline/src/planning_pipeline.cpp
function: generatePlan
line: 364
---
stamp:
  sec: 1778291791
  nanosec: 905241419
level: 20
name: move_group.moveit.moveit.ros.trajectory_execution_manager
msg: Starting trajectory execution ...
file: ./trajectory_execution_manager/src/trajectory_execution_manager.cpp
function: executeThread
line: 1325
---
stamp:
  sec: 1778291791
  nanosec: 905376279
level: 20
name: move_group.moveit.moveit.plugins.simple_controller_manager
msg: Returned 2 controllers in list
file: ./src/moveit_simple_controller_manager.cpp
function: getControllersList
line: 274
---
stamp:
  sec: 1778291791
  nanosec: 905459759
level: 20
name: move_group.moveit.moveit.plugins.simple_controller_manager
msg: Returned 2 controllers in list
file: ./src/moveit_simple_controller_manager.cpp
function: getControllersList
line: 274
---
stamp:
  sec: 1778291791
  nanosec: 910705039
level: 20
name: joint_trajectory_controller
msg: Received new action goal
file: /home/helenlu/texture_sort/src/third_party/kinova/ros2_controllers/joint_trajectory_controller/src/joint_trajectory_controller.c...
function: goal_received_callback
line: 1490
---
stamp:
  sec: 1778291791
  nanosec: 910823006
level: 20
name: joint_trajectory_controller
msg: Accepted new action goal
file: /home/helenlu/texture_sort/src/third_party/kinova/ros2_controllers/joint_trajectory_controller/src/joint_trajectory_controller.c...
function: goal_received_callback
line: 1505
---
stamp:
  sec: 1778291792
  nanosec: 70092978
level: 30
name: controller_manager
msg: 'Overrun might occur, Total time : 1385.115 us (Expected < 1000.000 us) --> Read time : 50.198 us, Update time : 902.182 us, Writ...'
file: /home/helenlu/texture_sort/src/third_party/kinova/ros2_control/controller_manager/src/controller_manager.cpp
function: write
line: 3628
---
stamp:
  sec: 1778291792
  nanosec: 642139766
level: 30
name: controller_manager
msg: 'Overrun detected! The controller manager missed its desired rate of 1000 Hz. The loop took 2.021998 ms (missed cycles : 3).'
file: /home/helenlu/texture_sort/src/third_party/kinova/ros2_control/controller_manager/src/ros2_control_node.cpp
function: operator()
line: 176
---
stamp:
  sec: 1778291793
  nanosec: 78548785
level: 30
name: controller_manager
msg: 'Overrun might occur, Total time : 1335.770 us (Expected < 1000.000 us) --> Read time : 45.492 us, Update time : 551.084 us, Writ...'
file: /home/helenlu/texture_sort/src/third_party/kinova/ros2_control/controller_manager/src/controller_manager.cpp
function: write
line: 3628
---
stamp:
  sec: 1778291793
  nanosec: 261649708
level: 20
name: joint_trajectory_controller
msg: Goal reached, success!
file: /home/helenlu/texture_sort/src/third_party/kinova/ros2_controllers/joint_trajectory_controller/src/joint_trajectory_controller.c...
function: update
line: 493
---
stamp:
  sec: 1778291793
  nanosec: 268558424
level: 20
name: move_group.moveit.moveit.ros.trajectory_execution_manager
msg: Completed trajectory execution with status SUCCEEDED ...
file: ./trajectory_execution_manager/src/trajectory_execution_manager.cpp
function: executeThread
line: 1354
---
stamp:
  sec: 1778291793
  nanosec: 276381906
level: 20
name: move_group.moveit.moveit.ros.move_group.move_action
msg: Solution was found and executed.
file: ./src/default_capabilities/move_action_capability.cpp
function: executeMoveCallback
line: 111
---
stamp:
  sec: 1778291793
  nanosec: 283290592
level: 20
name: grasp_node
msg: '[grasp 5] returning_to_pre_grasp'
file: /home/helenlu/texture_sort/install/manipulation/lib/python3.12/site-packages/manipulation/grasp_node.py
function: fb
line: 259
---
stamp:
  sec: 1778291793
  nanosec: 288930655
level: 20
name: grasp_node
msg: 'Returning to pre_grasp from /home/helenlu/texture_sort/install/manipulation/share/manipulation/pre_grasp_high.json: joint_1=-0.2...'
file: /home/helenlu/texture_sort/install/manipulation/lib/python3.12/site-packages/manipulation/grasp_node.py
function: return_to_pre_grasp
line: 481
---
stamp:
  sec: 1778291793
  nanosec: 290557553
level: 20
name: move_group.moveit.moveit.ros.move_group.move_action
msg: 'MoveGroupMoveAction: Received request'
file: ./src/default_capabilities/move_action_capability.cpp
function: operator()
line: 71
---
stamp:
  sec: 1778291793
  nanosec: 294307013
level: 20
name: move_group.moveit.moveit.ros.move_group.move_action
msg: executing..
file: ./src/default_capabilities/move_action_capability.cpp
function: executeMoveCallback
line: 88
---
stamp:
  sec: 1778291793
  nanosec: 304167686
level: 30
name: move_group.moveit.moveit.ros.planning_scene_monitor
msg: Unable to transform object from frame 'external_camera_color_frame' to planning frame'world' (Could not find a connection betwee...
file: ./planning_scene_monitor/src/planning_scene_monitor.cpp
function: getUpdatedFrameTransforms
line: 1574
---
stamp:
  sec: 1778291793
  nanosec: 304996433
level: 30
name: move_group.moveit.moveit.ros.move_group.capability
msg: Execution of motions should always start at the robot's current state. Ignoring the state supplied as start state in the motion ...
file: ./src/move_group_capability.cpp
function: clearRequestStartState
line: 117
---
stamp:
  sec: 1778291793
  nanosec: 306687987
level: 30
name: move_group.moveit.moveit.ros.validate_workspace_bounds
msg: It looks like the planning volume was not specified. Using default values.
file: ./planning_request_adapter_plugins/src/validate_workspace_bounds.cpp
function: adapt
line: 84
---
stamp:
  sec: 1778291793
  nanosec: 306840852
level: 20
name: move_group
msg: Calling PlanningRequestAdapter 'CheckStartStateBounds'
file: ./planning_pipeline/src/planning_pipeline.cpp
function: generatePlan
line: 278
---
stamp:
  sec: 1778291793
  nanosec: 308013676
level: 20
name: move_group
msg: Calling PlanningRequestAdapter 'CheckStartStateCollision'
file: ./planning_pipeline/src/planning_pipeline.cpp
function: generatePlan
line: 278
---
stamp:
  sec: 1778291793
  nanosec: 308565887
level: 20
name: move_group.moveit.moveit.planners.ompl.model_based_planning_context
msg: Planner configuration 'manipulator' will use planner 'geometric::RRTConnect'. Additional configuration parameters will be set wh...
file: ./ompl_interface/src/model_based_planning_context.cpp
function: useConfig
line: 420
---
stamp:
  sec: 1778291793
  nanosec: 308775931
level: 20
name: move_group
msg: Calling Planner 'OMPL'
file: ./planning_pipeline/src/planning_pipeline.cpp
function: generatePlan
line: 318
---
stamp:
  sec: 1778291793
  nanosec: 340007270
level: 20
name: move_group
msg: Calling PlanningResponseAdapter 'AddTimeOptimalParameterization'
file: ./planning_pipeline/src/planning_pipeline.cpp
function: generatePlan
line: 339
---
stamp:
  sec: 1778291793
  nanosec: 354591510
level: 20
name: move_group
msg: Calling PlanningResponseAdapter 'ValidateSolution'
file: ./planning_pipeline/src/planning_pipeline.cpp
function: generatePlan
line: 339
---
stamp:
  sec: 1778291793
  nanosec: 359352629
level: 20
name: move_group
msg: Calling PlanningResponseAdapter 'DisplayMotionPath'
file: ./planning_pipeline/src/planning_pipeline.cpp
function: generatePlan
line: 339
---
stamp:
  sec: 1778291793
  nanosec: 364396103
level: 20
name: move_group.moveit.moveit.plugins.simple_controller_manager
msg: Returned 2 controllers in list
file: ./src/moveit_simple_controller_manager.cpp
function: getControllersList
line: 274
---
stamp:
  sec: 1778291793
  nanosec: 365812917
level: 20
name: move_group.moveit.moveit.ros.trajectory_execution_manager
msg: Starting trajectory execution ...
file: ./trajectory_execution_manager/src/trajectory_execution_manager.cpp
function: executeThread
line: 1325
---
stamp:
  sec: 1778291793
  nanosec: 365921019
level: 20
name: move_group.moveit.moveit.plugins.simple_controller_manager
msg: Returned 2 controllers in list
file: ./src/moveit_simple_controller_manager.cpp
function: getControllersList
line: 274
---
stamp:
  sec: 1778291793
  nanosec: 366000910
level: 20
name: move_group.moveit.moveit.plugins.simple_controller_manager
msg: Returned 2 controllers in list
file: ./src/moveit_simple_controller_manager.cpp
function: getControllersList
line: 274
---
stamp:
  sec: 1778291793
  nanosec: 367110543
level: 20
name: joint_trajectory_controller
msg: Received new action goal
file: /home/helenlu/texture_sort/src/third_party/kinova/ros2_controllers/joint_trajectory_controller/src/joint_trajectory_controller.c...
function: goal_received_callback
line: 1490
---
stamp:
  sec: 1778291793
  nanosec: 367355958
level: 20
name: joint_trajectory_controller
msg: Accepted new action goal
file: /home/helenlu/texture_sort/src/third_party/kinova/ros2_controllers/joint_trajectory_controller/src/joint_trajectory_controller.c...
function: goal_received_callback
line: 1505
---
stamp:
  sec: 1778291793
  nanosec: 650638020
level: 30
name: controller_manager
msg: 'Overrun detected! The controller manager missed its desired rate of 1000 Hz. The loop took 1.519873 ms (missed cycles : 2).'
file: /home/helenlu/texture_sort/src/third_party/kinova/ros2_control/controller_manager/src/ros2_control_node.cpp
function: operator()
line: 176
---
stamp:
  sec: 1778291794
  nanosec: 86235615
level: 30
name: controller_manager
msg: 'Overrun might occur, Total time : 3092.290 us (Expected < 1000.000 us) --> Read time : 23.746 us, Update time : 186.915 us, Writ...'
file: /home/helenlu/texture_sort/src/third_party/kinova/ros2_control/controller_manager/src/controller_manager.cpp
function: write
line: 3628
---
stamp:
  sec: 1778291794
  nanosec: 663673715
level: 30
name: controller_manager
msg: 'Overrun detected! The controller manager missed its desired rate of 1000 Hz. The loop took 2.555831 ms (missed cycles : 3).'
file: /home/helenlu/texture_sort/src/third_party/kinova/ros2_control/controller_manager/src/ros2_control_node.cpp
function: operator()
line: 176
---
stamp:
  sec: 1778291795
  nanosec: 95559766
level: 30
name: controller_manager
msg: 'Overrun might occur, Total time : 2322.996 us (Expected < 1000.000 us) --> Read time : 23.349 us, Update time : 1494.590 us, Wri...'
file: /home/helenlu/texture_sort/src/third_party/kinova/ros2_control/controller_manager/src/controller_manager.cpp
function: write
line: 3628
---
stamp:
  sec: 1778291795
  nanosec: 665444113
level: 30
name: controller_manager
msg: 'Overrun detected! The controller manager missed its desired rate of 1000 Hz. The loop took 2.325711 ms (missed cycles : 3).'
file: /home/helenlu/texture_sort/src/third_party/kinova/ros2_control/controller_manager/src/ros2_control_node.cpp
function: operator()
line: 176
---
stamp:
  sec: 1778291795
  nanosec: 723263276
level: 20
name: joint_trajectory_controller
msg: Goal reached, success!
file: /home/helenlu/texture_sort/src/third_party/kinova/ros2_controllers/joint_trajectory_controller/src/joint_trajectory_controller.c...
function: update
line: 493
---
stamp:
  sec: 1778291795
  nanosec: 776162461
level: 20
name: move_group.moveit.moveit.ros.trajectory_execution_manager
msg: Completed trajectory execution with status SUCCEEDED ...
file: ./trajectory_execution_manager/src/trajectory_execution_manager.cpp
function: executeThread
line: 1354
---
stamp:
  sec: 1778291795
  nanosec: 785970828
level: 20
name: move_group.moveit.moveit.ros.move_group.move_action
msg: Solution was found and executed.
file: ./src/default_capabilities/move_action_capability.cpp
function: executeMoveCallback
line: 111
---
stamp:
  sec: 1778291795
  nanosec: 794775002
level: 20
name: grasp_node
msg: '[grasp 5] done'
file: /home/helenlu/texture_sort/install/manipulation/lib/python3.12/site-packages/manipulation/grasp_node.py
function: fb
line: 259
---
stamp:
  sec: 1778291795
  nanosec: 799376265
level: 20
name: task_manager_node
msg: '[task] classify_texture obj 5'
file: /home/helenlu/texture_sort/install/task_manager/lib/python3.12/site-packages/task_manager/task_manager_node.py
function: _log_state
line: 623
---
stamp:
  sec: 1778291795
  nanosec: 880633988
level: 20
name: tactile_node
msg: 'Query features: bv=33.7 (thresh=100.0), tc=0.277 (thresh=0.5)'
file: /home/helenlu/texture_sort/install/perception/lib/python3.12/site-packages/perception/tactile_node.py
function: handle_classify_texture
line: 88
---
stamp:
  sec: 1778291796
  nanosec: 98200520
level: 30
name: controller_manager
msg: 'Overrun might occur, Total time : 2505.911 us (Expected < 1000.000 us) --> Read time : 54.620 us, Update time : 259.928 us, Writ...'
file: /home/helenlu/texture_sort/src/third_party/kinova/ros2_control/controller_manager/src/controller_manager.cpp
function: write
line: 3628
---
stamp:
  sec: 1778291796
  nanosec: 139079203
level: 20
name: tactile_node
msg: Object 5 -> texture class 1.
file: /home/helenlu/texture_sort/install/perception/lib/python3.12/site-packages/perception/tactile_node.py
function: handle_classify_texture
line: 93
---
stamp:
  sec: 1778291796
  nanosec: 142770211
level: 20
name: task_manager_node
msg: obj 5 → texture class 1
file: /home/helenlu/texture_sort/install/task_manager/lib/python3.12/site-packages/task_manager/task_manager_node.py
function: _state_classify_texture
line: 403
---
stamp:
  sec: 1778291796
  nanosec: 143606096
level: 20
name: task_manager_node
msg: '[task] verify_classifications'
file: /home/helenlu/texture_sort/install/task_manager/lib/python3.12/site-packages/task_manager/task_manager_node.py
function: _log_state
line: 623
---
stamp:
  sec: 1778291796
  nanosec: 144236889
level: 20
name: task_manager_node
msg: '  obj 0: texture_class=1'
file: /home/helenlu/texture_sort/install/task_manager/lib/python3.12/site-packages/task_manager/task_manager_node.py
function: _verify_classifications
line: 421
---
stamp:
  sec: 1778291796
  nanosec: 144755882
level: 20
name: task_manager_node
msg: '  obj 3: texture_class=3'
file: /home/helenlu/texture_sort/install/task_manager/lib/python3.12/site-packages/task_manager/task_manager_node.py
function: _verify_classifications
line: 421
---
stamp:
  sec: 1778291796
  nanosec: 149228898
level: 20
name: task_manager_node
msg: '  obj 4: texture_class=2'
file: /home/helenlu/texture_sort/install/task_manager/lib/python3.12/site-packages/task_manager/task_manager_node.py
function: _verify_classifications
line: 421
---
stamp:
  sec: 1778291796
  nanosec: 151044621
level: 20
name: task_manager_node
msg: '  obj 5: texture_class=1'
file: /home/helenlu/texture_sort/install/task_manager/lib/python3.12/site-packages/task_manager/task_manager_node.py
function: _verify_classifications
line: 421
---
stamp:
  sec: 1778291796
  nanosec: 152608092
level: 20
name: task_manager_node
msg: 'All objects classified: obj 0 → class 1, obj 3 → class 3, obj 4 → class 2, obj 5 → class 1'
file: /home/helenlu/texture_sort/install/task_manager/lib/python3.12/site-packages/task_manager/task_manager_node.py
function: _verify_classifications
line: 431
---
stamp:
  sec: 1778291796
  nanosec: 155678012
level: 20
name: task_manager_node
msg: '[task] setup_batches'
file: /home/helenlu/texture_sort/install/task_manager/lib/python3.12/site-packages/task_manager/task_manager_node.py
function: _log_state
line: 623
---
stamp:
  sec: 1778291796
  nanosec: 156217679
level: 20
name: task_manager_node
msg: 'Delivery batch class 3: [3]'
file: /home/helenlu/texture_sort/install/task_manager/lib/python3.12/site-packages/task_manager/task_manager_node.py
function: _setup_batches
line: 445
---
stamp:
  sec: 1778291796
  nanosec: 156770507
level: 20
name: task_manager_node
msg: 'Delivery batch class 1: [0, 5]'
file: /home/helenlu/texture_sort/install/task_manager/lib/python3.12/site-packages/task_manager/task_manager_node.py
function: _setup_batches
line: 445
---
stamp:
  sec: 1778291796
  nanosec: 159229355
level: 20
name: task_manager_node
msg: '[task] start_batch class 3: [3]'
file: /home/helenlu/texture_sort/install/task_manager/lib/python3.12/site-packages/task_manager/task_manager_node.py
function: _log_state
line: 623
---
stamp:
  sec: 1778291796
  nanosec: 160631203
level: 20
name: task_manager_node
msg: '[task] go_to_pre_grasp (obj 3)'
file: /home/helenlu/texture_sort/install/task_manager/lib/python3.12/site-packages/task_manager/task_manager_node.py
function: _log_state
line: 623
---
stamp:
  sec: 1778291796
  nanosec: 171581944
level: 20
name: grasp_node
msg: '[go_to_pre_grasp] loading_pre_grasp_pose'
file: /home/helenlu/texture_sort/install/manipulation/lib/python3.12/site-packages/manipulation/grasp_node.py
function: fb
line: 502
---
stamp:
  sec: 1778291796
  nanosec: 186354263
level: 20
name: grasp_node
msg: 'Moving to pre_grasp: joint_1=-0.2643, joint_2=0.1094, joint_3=0.2209, joint_4=1.5038, joint_5=-0.0231, joint_6=1.5097, joint_7=-...'
file: /home/helenlu/texture_sort/install/manipulation/lib/python3.12/site-packages/manipulation/grasp_node.py
function: _go_to_pre_grasp_callback
line: 524
---
stamp:
  sec: 1778291796
  nanosec: 189991390
level: 20
name: grasp_node
msg: '[go_to_pre_grasp] moving_to_pre_grasp'
file: /home/helenlu/texture_sort/install/manipulation/lib/python3.12/site-packages/manipulation/grasp_node.py
function: fb
line: 502
---
stamp:
  sec: 1778291796
  nanosec: 191446394
level: 20
name: move_group.moveit.moveit.ros.move_group.move_action
msg: 'MoveGroupMoveAction: Received request'
file: ./src/default_capabilities/move_action_capability.cpp
function: operator()
line: 71
---
stamp:
  sec: 1778291796
  nanosec: 192210016
level: 20
name: move_group.moveit.moveit.ros.move_group.move_action
msg: executing..
file: ./src/default_capabilities/move_action_capability.cpp
function: executeMoveCallback
line: 88
---
stamp:
  sec: 1778291796
  nanosec: 196095209
level: 20
name: move_group
msg: Calling PlanningRequestAdapter 'ResolveConstraintFrames'
file: ./planning_pipeline/src/planning_pipeline.cpp
function: generatePlan
line: 278
---
stamp:
  sec: 1778291796
  nanosec: 196260189
level: 30
name: move_group.moveit.moveit.ros.validate_workspace_bounds
msg: It looks like the planning volume was not specified. Using default values.
file: ./planning_request_adapter_plugins/src/validate_workspace_bounds.cpp
function: adapt
line: 84
---
stamp:
  sec: 1778291796
  nanosec: 196374275
level: 20
name: move_group
msg: Calling PlanningRequestAdapter 'CheckStartStateBounds'
file: ./planning_pipeline/src/planning_pipeline.cpp
function: generatePlan
line: 278
---
stamp:
  sec: 1778291796
  nanosec: 196470942
level: 20
name: move_group
msg: Calling PlanningRequestAdapter 'CheckStartStateCollision'
file: ./planning_pipeline/src/planning_pipeline.cpp
function: generatePlan
line: 278
---
stamp:
  sec: 1778291796
  nanosec: 197372444
level: 20
name: move_group.moveit.moveit.planners.ompl.model_based_planning_context
msg: Planner configuration 'manipulator' will use planner 'geometric::RRTConnect'. Additional configuration parameters will be set wh...
file: ./ompl_interface/src/model_based_planning_context.cpp
function: useConfig
line: 420
---
stamp:
  sec: 1778291796
  nanosec: 197650745
level: 20
name: move_group
msg: Calling Planner 'OMPL'
file: ./planning_pipeline/src/planning_pipeline.cpp
function: generatePlan
line: 318
---
stamp:
  sec: 1778291796
  nanosec: 211119230
level: 20
name: move_group
msg: Calling PlanningResponseAdapter 'AddTimeOptimalParameterization'
file: ./planning_pipeline/src/planning_pipeline.cpp
function: generatePlan
line: 339
---
stamp:
  sec: 1778291796
  nanosec: 212112392
level: 20
name: move_group.moveit.moveit.plugins.simple_controller_manager
msg: Returned 2 controllers in list
file: ./src/moveit_simple_controller_manager.cpp
function: getControllersList
line: 274
---
stamp:
  sec: 1778291796
  nanosec: 212549185
level: 20
name: move_group.moveit.moveit.ros.trajectory_execution_manager
msg: Starting trajectory execution ...
file: ./trajectory_execution_manager/src/trajectory_execution_manager.cpp
function: executeThread
line: 1325
---
stamp:
  sec: 1778291796
  nanosec: 212611538
level: 20
name: move_group.moveit.moveit.plugins.simple_controller_manager
msg: Returned 2 controllers in list
file: ./src/moveit_simple_controller_manager.cpp
function: getControllersList
line: 274
---
stamp:
  sec: 1778291796
  nanosec: 212654672
level: 20
name: move_group.moveit.moveit.plugins.simple_controller_manager
msg: Returned 2 controllers in list
file: ./src/moveit_simple_controller_manager.cpp
function: getControllersList
line: 274
---
stamp:
  sec: 1778291796
  nanosec: 213116164
level: 20
name: joint_trajectory_controller
msg: Received new action goal
file: /home/helenlu/texture_sort/src/third_party/kinova/ros2_controllers/joint_trajectory_controller/src/joint_trajectory_controller.c...
function: goal_received_callback
line: 1490
---
stamp:
  sec: 1778291796
  nanosec: 213194066
level: 20
name: joint_trajectory_controller
msg: Accepted new action goal
file: /home/helenlu/texture_sort/src/third_party/kinova/ros2_controllers/joint_trajectory_controller/src/joint_trajectory_controller.c...
function: goal_received_callback
line: 1505
---
stamp:
  sec: 1778291796
  nanosec: 343335548
level: 20
name: joint_trajectory_controller
msg: Goal reached, success!
file: /home/helenlu/texture_sort/src/third_party/kinova/ros2_controllers/joint_trajectory_controller/src/joint_trajectory_controller.c...
function: update
line: 493
---
stamp:
  sec: 1778291796
  nanosec: 370473761
level: 20
name: move_group.moveit.moveit.ros.trajectory_execution_manager
msg: Completed trajectory execution with status SUCCEEDED ...
file: ./trajectory_execution_manager/src/trajectory_execution_manager.cpp
function: executeThread
line: 1354
---
stamp:
  sec: 1778291796
  nanosec: 372683579
level: 20
name: move_group.moveit.moveit.ros.move_group.move_action
msg: Solution was found and executed.
file: ./src/default_capabilities/move_action_capability.cpp
function: executeMoveCallback
line: 111
---
stamp:
  sec: 1778291796
  nanosec: 377055754
level: 20
name: grasp_node
msg: '[go_to_pre_grasp] done'
file: /home/helenlu/texture_sort/install/manipulation/lib/python3.12/site-packages/manipulation/grasp_node.py
function: fb
line: 502
---
stamp:
  sec: 1778291796
  nanosec: 382051062
level: 20
name: task_manager_node
msg: '[task] stabilize_object_locations — waiting 1.5s for object groundings'
file: /home/helenlu/texture_sort/install/task_manager/lib/python3.12/site-packages/task_manager/task_manager_node.py
function: _log_state
line: 623
---
stamp:
  sec: 1778291796
  nanosec: 386430575
level: 20
name: task_manager_node
msg: Waiting 1.0s for arm to stabilize
file: /home/helenlu/texture_sort/install/task_manager/lib/python3.12/site-packages/task_manager/task_manager_node.py
function: _wait_for_arm_to_stabilize
line: 317
---
stamp:
  sec: 1778291796
  nanosec: 668335281
level: 30
name: controller_manager
msg: 'Overrun detected! The controller manager missed its desired rate of 1000 Hz. The loop took 3.216655 ms (missed cycles : 4).'
file: /home/helenlu/texture_sort/src/third_party/kinova/ros2_control/controller_manager/src/ros2_control_node.cpp
function: operator()
line: 176
---
stamp:
  sec: 1778291797
  nanosec: 106364333
level: 30
name: controller_manager
msg: 'Overrun might occur, Total time : 1175.438 us (Expected < 1000.000 us) --> Read time : 22.483 us, Update time : 154.306 us, Writ...'
file: /home/helenlu/texture_sort/src/third_party/kinova/ros2_control/controller_manager/src/controller_manager.cpp
function: write
line: 3628
---
stamp:
  sec: 1778291797
  nanosec: 672313091
level: 30
name: controller_manager
msg: 'Overrun detected! The controller manager missed its desired rate of 1000 Hz. The loop took 2.194403 ms (missed cycles : 3).'
file: /home/helenlu/texture_sort/src/third_party/kinova/ros2_control/controller_manager/src/ros2_control_node.cpp
function: operator()
line: 176
---
stamp:
  sec: 1778291798
  nanosec: 111071660
level: 30
name: controller_manager
msg: 'Overrun might occur, Total time : 3852.403 us (Expected < 1000.000 us) --> Read time : 25.023 us, Update time : 1210.441 us, Wri...'
file: /home/helenlu/texture_sort/src/third_party/kinova/ros2_control/controller_manager/src/controller_manager.cpp
function: write
line: 3628
---
stamp:
  sec: 1778291798
  nanosec: 675192385
level: 30
name: controller_manager
msg: 'Overrun detected! The controller manager missed its desired rate of 1000 Hz. The loop took 5.073588 ms (missed cycles : 6).'
file: /home/helenlu/texture_sort/src/third_party/kinova/ros2_control/controller_manager/src/ros2_control_node.cpp
function: operator()
line: 176
---
stamp:
  sec: 1778291798
  nanosec: 890764650
level: 20
name: task_manager_node
msg: 'Refreshed visible object groundings at pre_grasp: [0, 3, 4, 5]'
file: /home/helenlu/texture_sort/install/task_manager/lib/python3.12/site-packages/task_manager/task_manager_node.py
function: _stabilize_object_locations
line: 332
---
stamp:
  sec: 1778291798
  nanosec: 891690542
level: 20
name: task_manager_node
msg: '[task] pickup obj 3'
file: /home/helenlu/texture_sort/install/task_manager/lib/python3.12/site-packages/task_manager/task_manager_node.py
function: _log_state
line: 623
---
stamp:
  sec: 1778291798
  nanosec: 899017852
level: 20
name: grasp_node
msg: '[grasp 3] resolving_target_pose'
file: /home/helenlu/texture_sort/install/manipulation/lib/python3.12/site-packages/manipulation/grasp_node.py
function: fb
line: 259
---
stamp:
  sec: 1778291798
  nanosec: 899744070
level: 20
name: grasp_node
msg: '[grasp 3] waiting 1.0s for arm to stabilize'
file: /home/helenlu/texture_sort/install/manipulation/lib/python3.12/site-packages/manipulation/grasp_node.py
function: _wait_for_groundings_refresh
line: 376
---
stamp:
  sec: 1778291799
  nanosec: 116312721
level: 30
name: controller_manager
msg: 'Overrun might occur, Total time : 3110.157 us (Expected < 1000.000 us) --> Read time : 21.296 us, Update time : 167.523 us, Writ...'
file: /home/helenlu/texture_sort/src/third_party/kinova/ros2_control/controller_manager/src/controller_manager.cpp
function: write
line: 3628
---
stamp:
  sec: 1778291799
  nanosec: 677179610
level: 30
name: controller_manager
msg: 'Overrun detected! The controller manager missed its desired rate of 1000 Hz. The loop took 2.061956 ms (missed cycles : 3).'
file: /home/helenlu/texture_sort/src/third_party/kinova/ros2_control/controller_manager/src/ros2_control_node.cpp
function: operator()
line: 176
---
stamp:
  sec: 1778291799
  nanosec: 905271382
level: 20
name: grasp_node
msg: '[grasp 3] waiting 1.5s for object groundings'
file: /home/helenlu/texture_sort/install/manipulation/lib/python3.12/site-packages/manipulation/grasp_node.py
function: _wait_for_groundings_refresh
line: 381
---
stamp:
  sec: 1778291800
  nanosec: 117961319
level: 30
name: controller_manager
msg: 'Overrun might occur, Total time : 1221.373 us (Expected < 1000.000 us) --> Read time : 98.035 us, Update time : 595.577 us, Writ...'
file: /home/helenlu/texture_sort/src/third_party/kinova/ros2_control/controller_manager/src/controller_manager.cpp
function: write
line: 3628
---
stamp:
  sec: 1778291800
  nanosec: 678200797
level: 30
name: controller_manager
msg: 'Overrun detected! The controller manager missed its desired rate of 1000 Hz. The loop took 1.080883 ms (missed cycles : 2).'
file: /home/helenlu/texture_sort/src/third_party/kinova/ros2_control/controller_manager/src/ros2_control_node.cpp
function: operator()
line: 176
---
stamp:
  sec: 1778291801
  nanosec: 134241902
level: 30
name: controller_manager
msg: 'Overrun might occur, Total time : 1044.524 us (Expected < 1000.000 us) --> Read time : 37.482 us, Update time : 216.531 us, Writ...'
file: /home/helenlu/texture_sort/src/third_party/kinova/ros2_control/controller_manager/src/controller_manager.cpp
function: write
line: 3628
---
stamp:
  sec: 1778291801
  nanosec: 682173349
level: 30
name: controller_manager
msg: 'Overrun detected! The controller manager missed its desired rate of 1000 Hz. The loop took 1.054462 ms (missed cycles : 2).'
file: /home/helenlu/texture_sort/src/third_party/kinova/ros2_control/controller_manager/src/ros2_control_node.cpp
function: operator()
line: 176
---
stamp:
  sec: 1778291801
  nanosec: 810584424
level: 20
name: grasp_node
msg: '[debug] tf camera_color_frame -> base_link: trans=(0.4218, 0.0007, 0.5253)  quat=(-0.6946, 0.7193, -0.0048, 0.0084)'
file: /home/helenlu/texture_sort/install/manipulation/lib/python3.12/site-packages/manipulation/grasp_node.py
function: _resolve_grasp_target
line: 420
---
stamp:
  sec: 1778291801
  nanosec: 817806695
level: 20
name: grasp_node
msg: '[debug] object in base_link (pre-offset): pos=(0.4413, -0.1639, 0.0364)  quat=(0.0055, 0.0116, -0.7700, 0.6379)'
file: /home/helenlu/texture_sort/install/manipulation/lib/python3.12/site-packages/manipulation/grasp_node.py
function: _resolve_grasp_target
line: 429
---
stamp:
  sec: 1778291801
  nanosec: 819148598
level: 20
name: grasp_node
msg: '[grasp 3] current end_effector_link pose in base_link: pos=(0.3655, 0.0027, 0.5212)  quat=(0.7193, 0.6946, 0.0084, 0.0048)'
file: /home/helenlu/texture_sort/install/manipulation/lib/python3.12/site-packages/manipulation/grasp_node.py
function: _run_grasp_sequence
line: 281
---
stamp:
  sec: 1778291801
  nanosec: 820159144
level: 20
name: grasp_node
msg: '[grasp 3] grasp_point target in base_link: pos=(0.4413, -0.1639, 0.0364)  quat=(0.7193, 0.6946, 0.0084, 0.0048)'
file: /home/helenlu/texture_sort/install/manipulation/lib/python3.12/site-packages/manipulation/grasp_node.py
function: _run_grasp_sequence
line: 286
---
stamp:
  sec: 1778291801
  nanosec: 827924858
level: 20
name: grasp_node
msg: '[grasp 3] grasp_point approach target in base_link: pos=(0.4413, -0.1639, 0.1564)'
file: /home/helenlu/texture_sort/install/manipulation/lib/python3.12/site-packages/manipulation/grasp_node.py
function: _run_grasp_sequence
line: 295
---
stamp:
  sec: 1778291801
  nanosec: 837883901
level: 20
name: grasp_node
msg: '[debug] commanded end_effector_link target after grasp_point offset: pos=(0.4397, -0.1396, 0.2865)  offset_in_base=(0.0016, -0.0...'
file: /home/helenlu/texture_sort/install/manipulation/lib/python3.12/site-packages/manipulation/grasp_node.py
function: _ee_target_for_grasp_point
line: 459
---
stamp:
  sec: 1778291801
  nanosec: 838909692
level: 20
name: grasp_node
msg: '[debug] commanded end_effector_link target after grasp_point offset: pos=(0.4397, -0.1396, 0.1665)  offset_in_base=(0.0016, -0.0...'
file: /home/helenlu/texture_sort/install/manipulation/lib/python3.12/site-packages/manipulation/grasp_node.py
function: _ee_target_for_grasp_point
line: 459
---
stamp:
  sec: 1778291801
  nanosec: 839474923
level: 20
name: grasp_node
msg: '[grasp 3] moving_to_approach'
file: /home/helenlu/texture_sort/install/manipulation/lib/python3.12/site-packages/manipulation/grasp_node.py
function: fb
line: 259
---
stamp:
  sec: 1778291801
  nanosec: 842629772
level: 20
name: move_group.moveit.moveit.ros.move_group.move_action
msg: 'MoveGroupMoveAction: Received request'
file: ./src/default_capabilities/move_action_capability.cpp
function: operator()
line: 71
---
stamp:
  sec: 1778291801
  nanosec: 843319287
level: 20
name: move_group.moveit.moveit.ros.move_group.move_action
msg: executing..
file: ./src/default_capabilities/move_action_capability.cpp
function: executeMoveCallback
line: 88
---
stamp:
  sec: 1778291801
  nanosec: 849269767
level: 30
name: move_group.moveit.moveit.ros.planning_scene_monitor
msg: Unable to transform object from frame 'external_camera_depth_frame' to planning frame'world' (Could not find a connection betwee...
file: ./planning_scene_monitor/src/planning_scene_monitor.cpp
function: getUpdatedFrameTransforms
line: 1574
---
stamp:
  sec: 1778291801
  nanosec: 849380723
level: 30
name: move_group.moveit.moveit.ros.planning_scene_monitor
msg: Unable to transform object from frame 'external_camera_link' to planning frame'world' (Could not find a connection between 'worl...
file: ./planning_scene_monitor/src/planning_scene_monitor.cpp
function: getUpdatedFrameTransforms
line: 1574
---
stamp:
  sec: 1778291801
  nanosec: 849442338
level: 30
name: move_group.moveit.moveit.ros.planning_scene_monitor
msg: Unable to transform object from frame 'external_camera_depth_optical_frame' to planning frame'world' (Could not find a connectio...
file: ./planning_scene_monitor/src/planning_scene_monitor.cpp
function: getUpdatedFrameTransforms
line: 1574
---
stamp:
  sec: 1778291801
  nanosec: 849856199
level: 20
name: move_group.moveit.moveit.ros.plan_execution
msg: Planning attempt 1 of at most 3
file: ./plan_execution/src/plan_execution.cpp
function: planAndExecuteHelper
line: 165
---
stamp:
  sec: 1778291801
  nanosec: 850325531
level: 20
name: move_group
msg: Calling PlanningRequestAdapter 'ResolveConstraintFrames'
file: ./planning_pipeline/src/planning_pipeline.cpp
function: generatePlan
line: 278
---
stamp:
  sec: 1778291801
  nanosec: 850472581
level: 20
name: move_group
msg: Calling PlanningRequestAdapter 'ValidateWorkspaceBounds'
file: ./planning_pipeline/src/planning_pipeline.cpp
function: generatePlan
line: 278
---
stamp:
  sec: 1778291801
  nanosec: 850599521
level: 20
name: move_group
msg: Calling PlanningRequestAdapter 'CheckStartStateBounds'
file: ./planning_pipeline/src/planning_pipeline.cpp
function: generatePlan
line: 278
---
stamp:
  sec: 1778291801
  nanosec: 850747045
level: 20
name: move_group
msg: Calling PlanningRequestAdapter 'CheckStartStateCollision'
file: ./planning_pipeline/src/planning_pipeline.cpp
function: generatePlan
line: 278
---
stamp:
  sec: 1778291801
  nanosec: 856353877
level: 20
name: move_group.moveit.moveit.planners.ompl.model_based_planning_context
msg: Planner configuration 'manipulator' will use planner 'geometric::RRTConnect'. Additional configuration parameters will be set wh...
file: ./ompl_interface/src/model_based_planning_context.cpp
function: useConfig
line: 420
---
stamp:
  sec: 1778291801
  nanosec: 856634490
level: 20
name: move_group
msg: Calling Planner 'OMPL'
file: ./planning_pipeline/src/planning_pipeline.cpp
function: generatePlan
line: 318
---
stamp:
  sec: 1778291801
  nanosec: 876417314
level: 20
name: move_group
msg: Calling PlanningResponseAdapter 'AddTimeOptimalParameterization'
file: ./planning_pipeline/src/planning_pipeline.cpp
function: generatePlan
line: 339
---
stamp:
  sec: 1778291801
  nanosec: 879647944
level: 20
name: move_group
msg: Calling PlanningResponseAdapter 'ValidateSolution'
file: ./planning_pipeline/src/planning_pipeline.cpp
function: generatePlan
line: 339
---
stamp:
  sec: 1778291801
  nanosec: 880522808
level: 20
name: move_group
msg: Calling PlanningResponseAdapter 'DisplayMotionPath'
file: ./planning_pipeline/src/planning_pipeline.cpp
function: generatePlan
line: 339
---
stamp:
  sec: 1778291801
  nanosec: 881004925
level: 30
name: move_group.moveit.moveit.ros.planning_pipeline
msg: The planner plugin did not fill out the 'planner_id' field of the MotionPlanResponse. Setting it to the planner ID name of the M...
file: ./planning_pipeline/src/planning_pipeline.cpp
function: generatePlan
line: 364
---
stamp:
  sec: 1778291801
  nanosec: 881476888
level: 20
name: move_group.moveit.moveit.plugins.simple_controller_manager
msg: Returned 2 controllers in list
file: ./src/moveit_simple_controller_manager.cpp
function: getControllersList
line: 274
---
stamp:
  sec: 1778291801
  nanosec: 881545070
level: 20
name: move_group.moveit.moveit.plugins.simple_controller_manager
msg: Returned 2 controllers in list
file: ./src/moveit_simple_controller_manager.cpp
function: getControllersList
line: 274
---
stamp:
  sec: 1778291801
  nanosec: 883703400
level: 20
name: move_group.moveit.moveit.ros.trajectory_execution_manager
msg: Starting trajectory execution ...
file: ./trajectory_execution_manager/src/trajectory_execution_manager.cpp
function: executeThread
line: 1325
---
stamp:
  sec: 1778291801
  nanosec: 883812951
level: 20
name: move_group.moveit.moveit.plugins.simple_controller_manager
msg: Returned 2 controllers in list
file: ./src/moveit_simple_controller_manager.cpp
function: getControllersList
line: 274
---
stamp:
  sec: 1778291801
  nanosec: 883889301
level: 20
name: move_group.moveit.moveit.plugins.simple_controller_manager
msg: Returned 2 controllers in list
file: ./src/moveit_simple_controller_manager.cpp
function: getControllersList
line: 274
---
stamp:
  sec: 1778291801
  nanosec: 884801056
level: 20
name: joint_trajectory_controller
msg: Received new action goal
file: /home/helenlu/texture_sort/src/third_party/kinova/ros2_controllers/joint_trajectory_controller/src/joint_trajectory_controller.c...
function: goal_received_callback
line: 1490
---
stamp:
  sec: 1778291801
  nanosec: 884901149
level: 20
name: joint_trajectory_controller
msg: Accepted new action goal
file: /home/helenlu/texture_sort/src/third_party/kinova/ros2_controllers/joint_trajectory_controller/src/joint_trajectory_controller.c...
function: goal_received_callback
line: 1505
---
stamp:
  sec: 1778291802
  nanosec: 136223633
level: 30
name: controller_manager
msg: 'Overrun might occur, Total time : 1036.327 us (Expected < 1000.000 us) --> Read time : 21.164 us, Update time : 211.347 us, Writ...'
file: /home/helenlu/texture_sort/src/third_party/kinova/ros2_control/controller_manager/src/controller_manager.cpp
function: write
line: 3628
---
stamp:
  sec: 1778291802
  nanosec: 684229051
level: 30
name: controller_manager
msg: 'Overrun detected! The controller manager missed its desired rate of 1000 Hz. The loop took 1.110629 ms (missed cycles : 2).'
file: /home/helenlu/texture_sort/src/third_party/kinova/ros2_control/controller_manager/src/ros2_control_node.cpp
function: operator()
line: 176
---
stamp:
  sec: 1778291803
  nanosec: 139924805
level: 30
name: controller_manager
msg: 'Overrun might occur, Total time : 3970.766 us (Expected < 1000.000 us) --> Read time : 36.921 us, Update time : 3057.025 us, Wri...'
file: /home/helenlu/texture_sort/src/third_party/kinova/ros2_control/controller_manager/src/controller_manager.cpp
function: write
line: 3628
---
stamp:
  sec: 1778291803
  nanosec: 686989138
level: 30
name: controller_manager
msg: 'Overrun detected! The controller manager missed its desired rate of 1000 Hz. The loop took 3.870440 ms (missed cycles : 4).'
file: /home/helenlu/texture_sort/src/third_party/kinova/ros2_control/controller_manager/src/ros2_control_node.cpp
function: operator()
line: 176
---
stamp:
  sec: 1778291803
  nanosec: 766258227
level: 20
name: joint_trajectory_controller
msg: Goal reached, success!
file: /home/helenlu/texture_sort/src/third_party/kinova/ros2_controllers/joint_trajectory_controller/src/joint_trajectory_controller.c...
function: update
line: 493
---
stamp:
  sec: 1778291803
  nanosec: 790483240
level: 20
name: move_group.moveit.moveit.ros.trajectory_execution_manager
msg: Completed trajectory execution with status SUCCEEDED ...
file: ./trajectory_execution_manager/src/trajectory_execution_manager.cpp
function: executeThread
line: 1354
---
stamp:
  sec: 1778291803
  nanosec: 793887201
level: 20
name: move_group.moveit.moveit.ros.move_group.move_action
msg: Solution was found and executed.
file: ./src/default_capabilities/move_action_capability.cpp
function: executeMoveCallback
line: 111
---
stamp:
  sec: 1778291803
  nanosec: 800128901
level: 20
name: grasp_node
msg: '[grasp 3] lowering_to_object'
file: /home/helenlu/texture_sort/install/manipulation/lib/python3.12/site-packages/manipulation/grasp_node.py
function: fb
line: 259
---
stamp:
  sec: 1778291803
  nanosec: 803057391
level: 20
name: move_group.moveit.moveit.ros.move_group.move_action
msg: 'MoveGroupMoveAction: Received request'
file: ./src/default_capabilities/move_action_capability.cpp
function: operator()
line: 71
---
stamp:
  sec: 1778291803
  nanosec: 807427583
level: 20
name: move_group.moveit.moveit.ros.move_group.move_action
msg: executing..
file: ./src/default_capabilities/move_action_capability.cpp
function: executeMoveCallback
line: 88
---
stamp:
  sec: 1778291803
  nanosec: 813425936
level: 20
name: move_group
msg: Calling PlanningRequestAdapter 'ValidateWorkspaceBounds'
file: ./planning_pipeline/src/planning_pipeline.cpp
function: generatePlan
line: 278
---
stamp:
  sec: 1778291803
  nanosec: 813556652
level: 20
name: move_group
msg: Calling PlanningRequestAdapter 'CheckStartStateBounds'
file: ./planning_pipeline/src/planning_pipeline.cpp
function: generatePlan
line: 278
---
stamp:
  sec: 1778291803
  nanosec: 813708948
level: 20
name: move_group
msg: Calling PlanningRequestAdapter 'CheckStartStateCollision'
file: ./planning_pipeline/src/planning_pipeline.cpp
function: generatePlan
line: 278
---
stamp:
  sec: 1778291803
  nanosec: 814292657
level: 20
name: move_group.moveit.moveit.planners.ompl.model_based_planning_context
msg: Planner configuration 'manipulator' will use planner 'geometric::RRTConnect'. Additional configuration parameters will be set wh...
file: ./ompl_interface/src/model_based_planning_context.cpp
function: useConfig
line: 420
---
stamp:
  sec: 1778291803
  nanosec: 814385621
level: 20
name: move_group
msg: Calling Planner 'OMPL'
file: ./planning_pipeline/src/planning_pipeline.cpp
function: generatePlan
line: 318
---
stamp:
  sec: 1778291803
  nanosec: 852398119
level: 20
name: move_group
msg: Calling PlanningResponseAdapter 'AddTimeOptimalParameterization'
file: ./planning_pipeline/src/planning_pipeline.cpp
function: generatePlan
line: 339
---
stamp:
  sec: 1778291803
  nanosec: 863745683
level: 20
name: move_group
msg: Calling PlanningResponseAdapter 'ValidateSolution'
file: ./planning_pipeline/src/planning_pipeline.cpp
function: generatePlan
line: 339
---
stamp:
  sec: 1778291803
  nanosec: 866719114
level: 20
name: move_group
msg: Calling PlanningResponseAdapter 'DisplayMotionPath'
file: ./planning_pipeline/src/planning_pipeline.cpp
function: generatePlan
line: 339
---
stamp:
  sec: 1778291803
  nanosec: 868114235
level: 30
name: move_group.moveit.moveit.ros.planning_pipeline
msg: The planner plugin did not fill out the 'planner_id' field of the MotionPlanResponse. Setting it to the planner ID name of the M...
file: ./planning_pipeline/src/planning_pipeline.cpp
function: generatePlan
line: 364
---
stamp:
  sec: 1778291803
  nanosec: 874495103
level: 20
name: move_group.moveit.moveit.plugins.simple_controller_manager
msg: Returned 2 controllers in list
file: ./src/moveit_simple_controller_manager.cpp
function: getControllersList
line: 274
---
stamp:
  sec: 1778291803
  nanosec: 874639183
level: 20
name: move_group.moveit.moveit.plugins.simple_controller_manager
msg: Returned 2 controllers in list
file: ./src/moveit_simple_controller_manager.cpp
function: getControllersList
line: 274
---
stamp:
  sec: 1778291803
  nanosec: 883258854
level: 20
name: move_group.moveit.moveit.ros.trajectory_execution_manager
msg: Starting trajectory execution ...
file: ./trajectory_execution_manager/src/trajectory_execution_manager.cpp
function: executeThread
line: 1325
---
stamp:
  sec: 1778291803
  nanosec: 883430899
level: 20
name: move_group.moveit.moveit.plugins.simple_controller_manager
msg: Returned 2 controllers in list
file: ./src/moveit_simple_controller_manager.cpp
function: getControllersList
line: 274
---
stamp:
  sec: 1778291803
  nanosec: 883542819
level: 20
name: move_group.moveit.moveit.plugins.simple_controller_manager
msg: Returned 2 controllers in list
file: ./src/moveit_simple_controller_manager.cpp
function: getControllersList
line: 274
---
stamp:
  sec: 1778291803
  nanosec: 884346948
level: 20
name: joint_trajectory_controller
msg: Received new action goal
file: /home/helenlu/texture_sort/src/third_party/kinova/ros2_controllers/joint_trajectory_controller/src/joint_trajectory_controller.c...
function: goal_received_callback
line: 1490
---
stamp:
  sec: 1778291803
  nanosec: 884429169
level: 20
name: joint_trajectory_controller
msg: Accepted new action goal
file: /home/helenlu/texture_sort/src/third_party/kinova/ros2_controllers/joint_trajectory_controller/src/joint_trajectory_controller.c...
function: goal_received_callback
line: 1505
---
stamp:
  sec: 1778291804
  nanosec: 143279797
level: 30
name: controller_manager
msg: 'Overrun might occur, Total time : 1087.261 us (Expected < 1000.000 us) --> Read time : 22.907 us, Update time : 228.658 us, Writ...'
file: /home/helenlu/texture_sort/src/third_party/kinova/ros2_control/controller_manager/src/controller_manager.cpp
function: write
line: 3628
---
stamp:
  sec: 1778291804
  nanosec: 692447182
level: 30
name: controller_manager
msg: 'Overrun detected! The controller manager missed its desired rate of 1000 Hz. The loop took 1.327949 ms (missed cycles : 2).'
file: /home/helenlu/texture_sort/src/third_party/kinova/ros2_control/controller_manager/src/ros2_control_node.cpp
function: operator()
line: 176
---
stamp:
  sec: 1778291805
  nanosec: 152244295
level: 30
name: controller_manager
msg: 'Overrun might occur, Total time : 3053.441 us (Expected < 1000.000 us) --> Read time : 27.835 us, Update time : 271.501 us, Writ...'
file: /home/helenlu/texture_sort/src/third_party/kinova/ros2_control/controller_manager/src/controller_manager.cpp
function: write
line: 3628
---
stamp:
  sec: 1778291805
  nanosec: 696316218
level: 30
name: controller_manager
msg: 'Overrun detected! The controller manager missed its desired rate of 1000 Hz. The loop took 2.197744 ms (missed cycles : 3).'
file: /home/helenlu/texture_sort/src/third_party/kinova/ros2_control/controller_manager/src/ros2_control_node.cpp
function: operator()
line: 176
---
stamp:
  sec: 1778291806
  nanosec: 157958813
level: 30
name: controller_manager
msg: 'Overrun might occur, Total time : 1678.630 us (Expected < 1000.000 us) --> Read time : 23.818 us, Update time : 191.416 us, Writ...'
file: /home/helenlu/texture_sort/src/third_party/kinova/ros2_control/controller_manager/src/controller_manager.cpp
function: write
line: 3628
---
stamp:
  sec: 1778291806
  nanosec: 697484587
level: 30
name: controller_manager
msg: 'Overrun detected! The controller manager missed its desired rate of 1000 Hz. The loop took 1.364633 ms (missed cycles : 2).'
file: /home/helenlu/texture_sort/src/third_party/kinova/ros2_control/controller_manager/src/ros2_control_node.cpp
function: operator()
line: 176
---
stamp:
  sec: 1778291807
  nanosec: 162538543
level: 30
name: controller_manager
msg: 'Overrun might occur, Total time : 1315.614 us (Expected < 1000.000 us) --> Read time : 24.023 us, Update time : 146.619 us, Writ...'
file: /home/helenlu/texture_sort/src/third_party/kinova/ros2_control/controller_manager/src/controller_manager.cpp
function: write
line: 3628
---
stamp:
  sec: 1778291807
  nanosec: 701909709
level: 30
name: controller_manager
msg: 'Overrun detected! The controller manager missed its desired rate of 1000 Hz. The loop took 2.790827 ms (missed cycles : 3).'
file: /home/helenlu/texture_sort/src/third_party/kinova/ros2_control/controller_manager/src/ros2_control_node.cpp
function: operator()
line: 176
---
stamp:
  sec: 1778291808
  nanosec: 162731131
level: 30
name: controller_manager
msg: 'Overrun might occur, Total time : 2560.970 us (Expected < 1000.000 us) --> Read time : 26.202 us, Update time : 214.504 us, Writ...'
file: /home/helenlu/texture_sort/src/third_party/kinova/ros2_control/controller_manager/src/controller_manager.cpp
function: write
line: 3628
---
stamp:
  sec: 1778291808
  nanosec: 413308740
level: 20
name: joint_trajectory_controller
msg: Goal reached, success!
file: /home/helenlu/texture_sort/src/third_party/kinova/ros2_controllers/joint_trajectory_controller/src/joint_trajectory_controller.c...
function: update
line: 493
---
stamp:
  sec: 1778291808
  nanosec: 445630169
level: 20
name: move_group.moveit.moveit.ros.trajectory_execution_manager
msg: Completed trajectory execution with status SUCCEEDED ...
file: ./trajectory_execution_manager/src/trajectory_execution_manager.cpp
function: executeThread
line: 1354
---
stamp:
  sec: 1778291808
  nanosec: 453489314
level: 20
name: move_group.moveit.moveit.ros.move_group.move_action
msg: Solution was found and executed.
file: ./src/default_capabilities/move_action_capability.cpp
function: executeMoveCallback
line: 111
---
stamp:
  sec: 1778291808
  nanosec: 468846636
level: 20
name: grasp_node
msg: '[grasp 3] closing_gripper'
file: /home/helenlu/texture_sort/install/manipulation/lib/python3.12/site-packages/manipulation/grasp_node.py
function: fb
line: 259
---
stamp:
  sec: 1778291808
  nanosec: 475615053
level: 20
name: grasp_node
msg: Commanding gripper to position=0.405, max_effort=50.0
file: /home/helenlu/texture_sort/install/manipulation/lib/python3.12/site-packages/manipulation/grasp_node.py
function: _gripper_cmd
line: 684
---
stamp:
  sec: 1778291808
  nanosec: 479232018
level: 20
name: robotiq_gripper_controller
msg: Received & accepted new action goal
file: /home/helenlu/texture_sort/src/third_party/kinova/ros2_controllers/gripper_controllers/include/gripper_controllers/gripper_actio...
function: goal_callback
line: 87
---
stamp:
  sec: 1778291808
  nanosec: 705200906
level: 30
name: controller_manager
msg: 'Overrun detected! The controller manager missed its desired rate of 1000 Hz. The loop took 1.081440 ms (missed cycles : 2).'
file: /home/helenlu/texture_sort/src/third_party/kinova/ros2_control/controller_manager/src/ros2_control_node.cpp
function: operator()
line: 176
---
stamp:
  sec: 1778291808
  nanosec: 788338378
level: 20
name: grasp_node
msg: 'Gripper result: position=0.398, effort=50.000, stalled=False, reached_goal=True'
file: /home/helenlu/texture_sort/install/manipulation/lib/python3.12/site-packages/manipulation/grasp_node.py
function: _gripper_cmd
line: 712
---
stamp:
  sec: 1778291808
  nanosec: 793016147
level: 20
name: grasp_node
msg: '[grasp 3] lifting'
file: /home/helenlu/texture_sort/install/manipulation/lib/python3.12/site-packages/manipulation/grasp_node.py
function: fb
line: 259
---
stamp:
  sec: 1778291808
  nanosec: 794663897
level: 20
name: move_group.moveit.moveit.ros.move_group.move_action
msg: 'MoveGroupMoveAction: Received request'
file: ./src/default_capabilities/move_action_capability.cpp
function: operator()
line: 71
---
stamp:
  sec: 1778291808
  nanosec: 795209900
level: 20
name: move_group.moveit.moveit.ros.move_group.move_action
msg: executing..
file: ./src/default_capabilities/move_action_capability.cpp
function: executeMoveCallback
line: 88
---
stamp:
  sec: 1778291808
  nanosec: 798712079
level: 20
name: move_group.moveit.moveit.ros.plan_execution
msg: Planning attempt 1 of at most 3
file: ./plan_execution/src/plan_execution.cpp
function: planAndExecuteHelper
line: 165
---
stamp:
  sec: 1778291808
  nanosec: 799309035
level: 20
name: move_group
msg: Calling PlanningRequestAdapter 'ValidateWorkspaceBounds'
file: ./planning_pipeline/src/planning_pipeline.cpp
function: generatePlan
line: 278
---
stamp:
  sec: 1778291808
  nanosec: 799397218
level: 20
name: move_group
msg: Calling PlanningRequestAdapter 'CheckStartStateBounds'
file: ./planning_pipeline/src/planning_pipeline.cpp
function: generatePlan
line: 278
---
stamp:
  sec: 1778291808
  nanosec: 799492914
level: 20
name: move_group
msg: Calling PlanningRequestAdapter 'CheckStartStateCollision'
file: ./planning_pipeline/src/planning_pipeline.cpp
function: generatePlan
line: 278
---
stamp:
  sec: 1778291808
  nanosec: 799960835
level: 20
name: move_group.moveit.moveit.planners.ompl.model_based_planning_context
msg: Planner configuration 'manipulator' will use planner 'geometric::RRTConnect'. Additional configuration parameters will be set wh...
file: ./ompl_interface/src/model_based_planning_context.cpp
function: useConfig
line: 420
---
stamp:
  sec: 1778291808
  nanosec: 800104788
level: 20
name: move_group
msg: Calling Planner 'OMPL'
file: ./planning_pipeline/src/planning_pipeline.cpp
function: generatePlan
line: 318
---
stamp:
  sec: 1778291808
  nanosec: 816549916
level: 20
name: move_group
msg: Calling PlanningResponseAdapter 'AddTimeOptimalParameterization'
file: ./planning_pipeline/src/planning_pipeline.cpp
function: generatePlan
line: 339
---
stamp:
  sec: 1778291808
  nanosec: 819245509
level: 20
name: move_group
msg: Calling PlanningResponseAdapter 'DisplayMotionPath'
file: ./planning_pipeline/src/planning_pipeline.cpp
function: generatePlan
line: 339
---
stamp:
  sec: 1778291808
  nanosec: 820033682
level: 20
name: move_group.moveit.moveit.plugins.simple_controller_manager
msg: Returned 2 controllers in list
file: ./src/moveit_simple_controller_manager.cpp
function: getControllersList
line: 274
---
stamp:
  sec: 1778291808
  nanosec: 821572777
level: 20
name: move_group.moveit.moveit.ros.trajectory_execution_manager
msg: Starting trajectory execution ...
file: ./trajectory_execution_manager/src/trajectory_execution_manager.cpp
function: executeThread
line: 1325
---
stamp:
  sec: 1778291808
  nanosec: 821652645
level: 20
name: move_group.moveit.moveit.plugins.simple_controller_manager
msg: Returned 2 controllers in list
file: ./src/moveit_simple_controller_manager.cpp
function: getControllersList
line: 274
---
stamp:
  sec: 1778291808
  nanosec: 821707097
level: 20
name: move_group.moveit.moveit.plugins.simple_controller_manager
msg: Returned 2 controllers in list
file: ./src/moveit_simple_controller_manager.cpp
function: getControllersList
line: 274
---
stamp:
  sec: 1778291808
  nanosec: 822273074
level: 20
name: joint_trajectory_controller
msg: Received new action goal
file: /home/helenlu/texture_sort/src/third_party/kinova/ros2_controllers/joint_trajectory_controller/src/joint_trajectory_controller.c...
function: goal_received_callback
line: 1490
---
stamp:
  sec: 1778291808
  nanosec: 822339051
level: 20
name: joint_trajectory_controller
msg: Accepted new action goal
file: /home/helenlu/texture_sort/src/third_party/kinova/ros2_controllers/joint_trajectory_controller/src/joint_trajectory_controller.c...
function: goal_received_callback
line: 1505
---
stamp:
  sec: 1778291809
  nanosec: 176346893
level: 30
name: controller_manager
msg: 'Overrun might occur, Total time : 1154.157 us (Expected < 1000.000 us) --> Read time : 22.013 us, Update time : 148.568 us, Writ...'
file: /home/helenlu/texture_sort/src/third_party/kinova/ros2_control/controller_manager/src/controller_manager.cpp
function: write
line: 3628
---
stamp:
  sec: 1778291809
  nanosec: 706387580
level: 30
name: controller_manager
msg: 'Overrun detected! The controller manager missed its desired rate of 1000 Hz. The loop took 1.269693 ms (missed cycles : 2).'
file: /home/helenlu/texture_sort/src/third_party/kinova/ros2_control/controller_manager/src/ros2_control_node.cpp
function: operator()
line: 176
---
stamp:
  sec: 1778291810
  nanosec: 9257929
level: 20
name: joint_trajectory_controller
msg: Goal reached, success!
file: /home/helenlu/texture_sort/src/third_party/kinova/ros2_controllers/joint_trajectory_controller/src/joint_trajectory_controller.c...
function: update
line: 493
---
stamp:
  sec: 1778291810
  nanosec: 30718349
level: 20
name: move_group.moveit.moveit.ros.trajectory_execution_manager
msg: Completed trajectory execution with status SUCCEEDED ...
file: ./trajectory_execution_manager/src/trajectory_execution_manager.cpp
function: executeThread
line: 1354
---
stamp:
  sec: 1778291810
  nanosec: 31704374
level: 20
name: move_group.moveit.moveit.ros.move_group.move_action
msg: Solution was found and executed.
file: ./src/default_capabilities/move_action_capability.cpp
function: executeMoveCallback
line: 111
---
stamp:
  sec: 1778291810
  nanosec: 36973083
level: 20
name: grasp_node
msg: '[grasp 3] returning_to_pre_grasp'
file: /home/helenlu/texture_sort/install/manipulation/lib/python3.12/site-packages/manipulation/grasp_node.py
function: fb
line: 259
---
stamp:
  sec: 1778291810
  nanosec: 39423577
level: 20
name: grasp_node
msg: 'Returning to pre_grasp from /home/helenlu/texture_sort/install/manipulation/share/manipulation/pre_grasp_high.json: joint_1=-0.2...'
file: /home/helenlu/texture_sort/install/manipulation/lib/python3.12/site-packages/manipulation/grasp_node.py
function: return_to_pre_grasp
line: 481
---
stamp:
  sec: 1778291810
  nanosec: 47537102
level: 20
name: move_group
msg: Calling PlanningRequestAdapter 'ResolveConstraintFrames'
file: ./planning_pipeline/src/planning_pipeline.cpp
function: generatePlan
line: 278
---
stamp:
  sec: 1778291810
  nanosec: 47736979
level: 30
name: move_group.moveit.moveit.ros.validate_workspace_bounds
msg: It looks like the planning volume was not specified. Using default values.
file: ./planning_request_adapter_plugins/src/validate_workspace_bounds.cpp
function: adapt
line: 84
---
stamp:
  sec: 1778291810
  nanosec: 47880114
level: 20
name: move_group
msg: Calling PlanningRequestAdapter 'CheckStartStateBounds'
file: ./planning_pipeline/src/planning_pipeline.cpp
function: generatePlan
line: 278
---
stamp:
  sec: 1778291810
  nanosec: 48013847
level: 20
name: move_group
msg: Calling PlanningRequestAdapter 'CheckStartStateCollision'
file: ./planning_pipeline/src/planning_pipeline.cpp
function: generatePlan
line: 278
---
stamp:
  sec: 1778291810
  nanosec: 48652435
level: 20
name: move_group.moveit.moveit.planners.ompl.model_based_planning_context
msg: Planner configuration 'manipulator' will use planner 'geometric::RRTConnect'. Additional configuration parameters will be set wh...
file: ./ompl_interface/src/model_based_planning_context.cpp
function: useConfig
line: 420
---
stamp:
  sec: 1778291810
  nanosec: 48777494
level: 20
name: move_group
msg: Calling Planner 'OMPL'
file: ./planning_pipeline/src/planning_pipeline.cpp
function: generatePlan
line: 318
---
stamp:
  sec: 1778291810
  nanosec: 71561599
level: 20
name: move_group
msg: Calling PlanningResponseAdapter 'AddTimeOptimalParameterization'
file: ./planning_pipeline/src/planning_pipeline.cpp
function: generatePlan
line: 339
---
stamp:
  sec: 1778291810
  nanosec: 75800867
level: 20
name: move_group
msg: Calling PlanningResponseAdapter 'ValidateSolution'
file: ./planning_pipeline/src/planning_pipeline.cpp
function: generatePlan
line: 339
---
stamp:
  sec: 1778291810
  nanosec: 77238718
level: 20
name: move_group
msg: Calling PlanningResponseAdapter 'DisplayMotionPath'
file: ./planning_pipeline/src/planning_pipeline.cpp
function: generatePlan
line: 339
---
stamp:
  sec: 1778291810
  nanosec: 80632169
level: 20
name: move_group.moveit.moveit.ros.trajectory_execution_manager
msg: Validating trajectory with allowed_start_tolerance 0.01
file: ./trajectory_execution_manager/src/trajectory_execution_manager.cpp
function: validate
line: 933
---
stamp:
  sec: 1778291810
  nanosec: 83440714
level: 20
name: move_group.moveit.moveit.ros.trajectory_execution_manager
msg: Starting trajectory execution ...
file: ./trajectory_execution_manager/src/trajectory_execution_manager.cpp
function: executeThread
line: 1325
---
stamp:
  sec: 1778291810
  nanosec: 83555231
level: 20
name: move_group.moveit.moveit.plugins.simple_controller_manager
msg: Returned 2 controllers in list
file: ./src/moveit_simple_controller_manager.cpp
function: getControllersList
line: 274
---
stamp:
  sec: 1778291810
  nanosec: 83615023
level: 20
name: move_group.moveit.moveit.plugins.simple_controller_manager
msg: Returned 2 controllers in list
file: ./src/moveit_simple_controller_manager.cpp
function: getControllersList
line: 274
---
stamp:
  sec: 1778291810
  nanosec: 84494915
level: 20
name: joint_trajectory_controller
msg: Received new action goal
file: /home/helenlu/texture_sort/src/third_party/kinova/ros2_controllers/joint_trajectory_controller/src/joint_trajectory_controller.c...
function: goal_received_callback
line: 1490
---
stamp:
  sec: 1778291810
  nanosec: 84682172
level: 20
name: joint_trajectory_controller
msg: Accepted new action goal
file: /home/helenlu/texture_sort/src/third_party/kinova/ros2_controllers/joint_trajectory_controller/src/joint_trajectory_controller.c...
function: goal_received_callback
line: 1505
---
stamp:
  sec: 1778291810
  nanosec: 179329468
level: 30
name: controller_manager
msg: 'Overrun might occur, Total time : 1122.769 us (Expected < 1000.000 us) --> Read time : 52.916 us, Update time : 525.906 us, Writ...'
file: /home/helenlu/texture_sort/src/third_party/kinova/ros2_control/controller_manager/src/controller_manager.cpp
function: write
line: 3628
---
stamp:
  sec: 1778291810
  nanosec: 713324030
level: 30
name: controller_manager
msg: 'Overrun detected! The controller manager missed its desired rate of 1000 Hz. The loop took 2.205334 ms (missed cycles : 3).'
file: /home/helenlu/texture_sort/src/third_party/kinova/ros2_control/controller_manager/src/ros2_control_node.cpp
function: operator()
line: 176
---
stamp:
  sec: 1778291811
  nanosec: 188962980
level: 30
name: controller_manager
msg: 'Overrun might occur, Total time : 1763.242 us (Expected < 1000.000 us) --> Read time : 89.872 us, Update time : 911.097 us, Writ...'
file: /home/helenlu/texture_sort/src/third_party/kinova/ros2_control/controller_manager/src/controller_manager.cpp
function: write
line: 3628
---
stamp:
  sec: 1778291811
  nanosec: 715112255
level: 30
name: controller_manager
msg: 'Overrun detected! The controller manager missed its desired rate of 1000 Hz. The loop took 2.993658 ms (missed cycles : 3).'
file: /home/helenlu/texture_sort/src/third_party/kinova/ros2_control/controller_manager/src/ros2_control_node.cpp
function: operator()
line: 176
---
stamp:
  sec: 1778291812
  nanosec: 156072902
level: 20
name: joint_trajectory_controller
msg: Goal reached, success!
file: /home/helenlu/texture_sort/src/third_party/kinova/ros2_controllers/joint_trajectory_controller/src/joint_trajectory_controller.c...
function: update
line: 493
---
stamp:
  sec: 1778291812
  nanosec: 192454583
level: 20
name: move_group.moveit.moveit.ros.trajectory_execution_manager
msg: Completed trajectory execution with status SUCCEEDED ...
file: ./trajectory_execution_manager/src/trajectory_execution_manager.cpp
function: executeThread
line: 1354
---
stamp:
  sec: 1778291812
  nanosec: 194541227
level: 20
name: move_group.moveit.moveit.ros.move_group.move_action
msg: Solution was found and executed.
file: ./src/default_capabilities/move_action_capability.cpp
function: executeMoveCallback
line: 111
---
stamp:
  sec: 1778291812
  nanosec: 201368985
level: 20
name: grasp_node
msg: '[grasp 3] done'
file: /home/helenlu/texture_sort/install/manipulation/lib/python3.12/site-packages/manipulation/grasp_node.py
function: fb
line: 259
---
stamp:
  sec: 1778291812
  nanosec: 203800568
level: 30
name: controller_manager
msg: 'Overrun might occur, Total time : 1606.942 us (Expected < 1000.000 us) --> Read time : 42.152 us, Update time : 183.557 us, Writ...'
file: /home/helenlu/texture_sort/src/third_party/kinova/ros2_control/controller_manager/src/controller_manager.cpp
function: write
line: 3628
---
stamp:
  sec: 1778291812
  nanosec: 208409808
level: 20
name: task_manager_node
msg: '[task] go_to_pre_load (obj 3)'
file: /home/helenlu/texture_sort/install/task_manager/lib/python3.12/site-packages/task_manager/task_manager_node.py
function: _log_state
line: 623
---
stamp:
  sec: 1778291812
  nanosec: 214475339
level: 20
name: place_node
msg: '[go_to_pre_load] loading_pre_load_pose'
file: /home/helenlu/texture_sort/install/manipulation/lib/python3.12/site-packages/manipulation/place_node.py
function: fb
line: 126
---
stamp:
  sec: 1778291812
  nanosec: 221639712
level: 20
name: place_node
msg: '[go_to_pre_load] moving_to_pre_load'
file: /home/helenlu/texture_sort/install/manipulation/lib/python3.12/site-packages/manipulation/place_node.py
function: fb
line: 126
---
stamp:
  sec: 1778291812
  nanosec: 225149973
level: 20
name: place_node
msg: 'Moving to pre_load (joint goal): joint_1=-2.6010, joint_2=0.2263, joint_3=0.4509, joint_4=0.9699, joint_5=-0.0774, joint_6=1.886...'
file: /home/helenlu/texture_sort/install/manipulation/lib/python3.12/site-packages/manipulation/place_node.py
function: _go_to_pre_load_callback
line: 162
---
stamp:
  sec: 1778291812
  nanosec: 227332716
level: 20
name: move_group.moveit.moveit.ros.move_group.move_action
msg: 'MoveGroupMoveAction: Received request'
file: ./src/default_capabilities/move_action_capability.cpp
function: operator()
line: 71
---
stamp:
  sec: 1778291812
  nanosec: 228361192
level: 20
name: move_group.moveit.moveit.ros.move_group.move_action
msg: executing..
file: ./src/default_capabilities/move_action_capability.cpp
function: executeMoveCallback
line: 88
---
stamp:
  sec: 1778291812
  nanosec: 237333723
level: 30
name: move_group.moveit.moveit.ros.planning_scene_monitor
msg: Unable to transform object from frame 'tag36h11:10' to planning frame'world' (Lookup would require extrapolation into the past. ...
file: ./planning_scene_monitor/src/planning_scene_monitor.cpp
function: getUpdatedFrameTransforms
line: 1574
---
stamp:
  sec: 1778291812
  nanosec: 237429651
level: 20
name: move_group.moveit.moveit.ros.move_group.move_action
msg: Combined planning and execution request received for MoveGroup action. Forwarding to planning and execution pipeline.
file: ./src/default_capabilities/move_action_capability.cpp
function: executeMoveCallbackPlanAndExecute
line: 134
---
stamp:
  sec: 1778291812
  nanosec: 240244043
level: 30
name: move_group.moveit.moveit.ros.validate_workspace_bounds
msg: It looks like the planning volume was not specified. Using default values.
file: ./planning_request_adapter_plugins/src/validate_workspace_bounds.cpp
function: adapt
line: 84
---
stamp:
  sec: 1778291812
  nanosec: 240355975
level: 20
name: move_group
msg: Calling PlanningRequestAdapter 'CheckStartStateBounds'
file: ./planning_pipeline/src/planning_pipeline.cpp
function: generatePlan
line: 278
---
stamp:
  sec: 1778291812
  nanosec: 240483770
level: 20
name: move_group
msg: Calling PlanningRequestAdapter 'CheckStartStateCollision'
file: ./planning_pipeline/src/planning_pipeline.cpp
function: generatePlan
line: 278
---
stamp:
  sec: 1778291812
  nanosec: 241011964
level: 20
name: move_group.moveit.moveit.planners.ompl.model_based_planning_context
msg: Planner configuration 'manipulator' will use planner 'geometric::RRTConnect'. Additional configuration parameters will be set wh...
file: ./ompl_interface/src/model_based_planning_context.cpp
function: useConfig
line: 420
---
stamp:
  sec: 1778291812
  nanosec: 241158873
level: 20
name: move_group
msg: Calling Planner 'OMPL'
file: ./planning_pipeline/src/planning_pipeline.cpp
function: generatePlan
line: 318
---
stamp:
  sec: 1778291812
  nanosec: 270891352
level: 20
name: move_group
msg: Calling PlanningResponseAdapter 'AddTimeOptimalParameterization'
file: ./planning_pipeline/src/planning_pipeline.cpp
function: generatePlan
line: 339
---
stamp:
  sec: 1778291812
  nanosec: 282112321
level: 20
name: move_group
msg: Calling PlanningResponseAdapter 'ValidateSolution'
file: ./planning_pipeline/src/planning_pipeline.cpp
function: generatePlan
line: 339
---
stamp:
  sec: 1778291812
  nanosec: 285378520
level: 20
name: move_group
msg: Calling PlanningResponseAdapter 'DisplayMotionPath'
file: ./planning_pipeline/src/planning_pipeline.cpp
function: generatePlan
line: 339
---
stamp:
  sec: 1778291812
  nanosec: 287044442
level: 30
name: move_group.moveit.moveit.ros.planning_pipeline
msg: The planner plugin did not fill out the 'planner_id' field of the MotionPlanResponse. Setting it to the planner ID name of the M...
file: ./planning_pipeline/src/planning_pipeline.cpp
function: generatePlan
line: 364
---
stamp:
  sec: 1778291812
  nanosec: 288087794
level: 20
name: move_group.moveit.moveit.plugins.simple_controller_manager
msg: Returned 2 controllers in list
file: ./src/moveit_simple_controller_manager.cpp
function: getControllersList
line: 274
---
stamp:
  sec: 1778291812
  nanosec: 288646452
level: 20
name: move_group.moveit.moveit.plugins.simple_controller_manager
msg: Returned 2 controllers in list
file: ./src/moveit_simple_controller_manager.cpp
function: getControllersList
line: 274
---
stamp:
  sec: 1778291812
  nanosec: 295229286
level: 20
name: move_group.moveit.moveit.ros.trajectory_execution_manager
msg: Starting trajectory execution ...
file: ./trajectory_execution_manager/src/trajectory_execution_manager.cpp
function: executeThread
line: 1325
---
stamp:
  sec: 1778291812
  nanosec: 295489872
level: 20
name: move_group.moveit.moveit.plugins.simple_controller_manager
msg: Returned 2 controllers in list
file: ./src/moveit_simple_controller_manager.cpp
function: getControllersList
line: 274
---
stamp:
  sec: 1778291812
  nanosec: 295625503
level: 20
name: move_group.moveit.moveit.plugins.simple_controller_manager
msg: Returned 2 controllers in list
file: ./src/moveit_simple_controller_manager.cpp
function: getControllersList
line: 274
---
stamp:
  sec: 1778291812
  nanosec: 297965658
level: 20
name: joint_trajectory_controller
msg: Received new action goal
file: /home/helenlu/texture_sort/src/third_party/kinova/ros2_controllers/joint_trajectory_controller/src/joint_trajectory_controller.c...
function: goal_received_callback
line: 1490
---
stamp:
  sec: 1778291812
  nanosec: 298086448
level: 20
name: joint_trajectory_controller
msg: Accepted new action goal
file: /home/helenlu/texture_sort/src/third_party/kinova/ros2_controllers/joint_trajectory_controller/src/joint_trajectory_controller.c...
function: goal_received_callback
line: 1505
---
stamp:
  sec: 1778291812
  nanosec: 717178363
level: 30
name: controller_manager
msg: 'Overrun detected! The controller manager missed its desired rate of 1000 Hz. The loop took 2.058871 ms (missed cycles : 3).'
file: /home/helenlu/texture_sort/src/third_party/kinova/ros2_control/controller_manager/src/ros2_control_node.cpp
function: operator()
line: 176
---
stamp:
  sec: 1778291813
  nanosec: 205227148
level: 30
name: controller_manager
msg: 'Overrun might occur, Total time : 1035.470 us (Expected < 1000.000 us) --> Read time : 24.953 us, Update time : 334.289 us, Writ...'
file: /home/helenlu/texture_sort/src/third_party/kinova/ros2_control/controller_manager/src/controller_manager.cpp
function: write
line: 3628
---
stamp:
  sec: 1778291813
  nanosec: 717757555
level: 30
name: controller_manager
msg: 'Overrun detected! The controller manager missed its desired rate of 1000 Hz. The loop took 1.639214 ms (missed cycles : 2).'
file: /home/helenlu/texture_sort/src/third_party/kinova/ros2_control/controller_manager/src/ros2_control_node.cpp
function: operator()
line: 176
---
stamp:
  sec: 1778291814
  nanosec: 208095984
level: 30
name: controller_manager
msg: 'Overrun might occur, Total time : 1853.941 us (Expected < 1000.000 us) --> Read time : 75.321 us, Update time : 741.353 us, Writ...'
file: /home/helenlu/texture_sort/src/third_party/kinova/ros2_control/controller_manager/src/controller_manager.cpp
function: write
line: 3628
---
stamp:
  sec: 1778291814
  nanosec: 719203496
level: 30
name: controller_manager
msg: 'Overrun detected! The controller manager missed its desired rate of 1000 Hz. The loop took 1.085179 ms (missed cycles : 2).'
file: /home/helenlu/texture_sort/src/third_party/kinova/ros2_control/controller_manager/src/ros2_control_node.cpp
function: operator()
line: 176
---
stamp:
  sec: 1778291815
  nanosec: 209395094
level: 30
name: controller_manager
msg: 'Overrun might occur, Total time : 2110.743 us (Expected < 1000.000 us) --> Read time : 196.216 us, Update time : 784.313 us, Wri...'
file: /home/helenlu/texture_sort/src/third_party/kinova/ros2_control/controller_manager/src/controller_manager.cpp
function: write
line: 3628
---
stamp:
  sec: 1778291815
  nanosec: 723544042
level: 30
name: controller_manager
msg: 'Overrun detected! The controller manager missed its desired rate of 1000 Hz. The loop took 1.425679 ms (missed cycles : 2).'
file: /home/helenlu/texture_sort/src/third_party/kinova/ros2_control/controller_manager/src/ros2_control_node.cpp
function: operator()
line: 176
---
stamp:
  sec: 1778291816
  nanosec: 222477001
level: 30
name: controller_manager
msg: 'Overrun might occur, Total time : 1292.699 us (Expected < 1000.000 us) --> Read time : 16.893 us, Update time : 136.540 us, Writ...'
file: /home/helenlu/texture_sort/src/third_party/kinova/ros2_control/controller_manager/src/controller_manager.cpp
function: write
line: 3628
---
stamp:
  sec: 1778291816
  nanosec: 726454703
level: 30
name: controller_manager
msg: 'Overrun detected! The controller manager missed its desired rate of 1000 Hz. The loop took 1.336354 ms (missed cycles : 2).'
file: /home/helenlu/texture_sort/src/third_party/kinova/ros2_control/controller_manager/src/ros2_control_node.cpp
function: operator()
line: 176
---
stamp:
  sec: 1778291817
  nanosec: 225454390
level: 30
name: controller_manager
msg: 'Overrun might occur, Total time : 2260.863 us (Expected < 1000.000 us) --> Read time : 27.432 us, Update time : 442.586 us, Writ...'
file: /home/helenlu/texture_sort/src/third_party/kinova/ros2_control/controller_manager/src/controller_manager.cpp
function: write
line: 3628
---
stamp:
  sec: 1778291817
  nanosec: 729167108
level: 30
name: controller_manager
msg: 'Overrun detected! The controller manager missed its desired rate of 1000 Hz. The loop took 1.048173 ms (missed cycles : 2).'
file: /home/helenlu/texture_sort/src/third_party/kinova/ros2_control/controller_manager/src/ros2_control_node.cpp
function: operator()
line: 176
---
stamp:
  sec: 1778291818
  nanosec: 2324198
level: 20
name: joint_trajectory_controller
msg: Goal reached, success!
file: /home/helenlu/texture_sort/src/third_party/kinova/ros2_controllers/joint_trajectory_controller/src/joint_trajectory_controller.c...
function: update
line: 493
---
stamp:
  sec: 1778291818
  nanosec: 51427088
level: 20
name: move_group.moveit.moveit.ros.trajectory_execution_manager
msg: Completed trajectory execution with status SUCCEEDED ...
file: ./trajectory_execution_manager/src/trajectory_execution_manager.cpp
function: executeThread
line: 1354
---
stamp:
  sec: 1778291818
  nanosec: 56838376
level: 20
name: move_group.moveit.moveit.ros.move_group.move_action
msg: Solution was found and executed.
file: ./src/default_capabilities/move_action_capability.cpp
function: executeMoveCallback
line: 111
---
stamp:
  sec: 1778291818
  nanosec: 64993530
level: 20
name: place_node
msg: '[go_to_pre_load] done'
file: /home/helenlu/texture_sort/install/manipulation/lib/python3.12/site-packages/manipulation/place_node.py
function: fb
line: 126
---
stamp:
  sec: 1778291818
  nanosec: 67383287
level: 20
name: task_manager_node
msg: '[task] stabilize_box_position — waiting 1.0s for AprilTag 10'
file: /home/helenlu/texture_sort/install/task_manager/lib/python3.12/site-packages/task_manager/task_manager_node.py
function: _log_state
line: 623
---
stamp:
  sec: 1778291818
  nanosec: 68052495
level: 20
name: task_manager_node
msg: Waiting 1.0s for arm to stabilize
file: /home/helenlu/texture_sort/install/task_manager/lib/python3.12/site-packages/task_manager/task_manager_node.py
function: _wait_for_arm_to_stabilize
line: 317
---
stamp:
  sec: 1778291818
  nanosec: 230116056
level: 30
name: controller_manager
msg: 'Overrun might occur, Total time : 1928.781 us (Expected < 1000.000 us) --> Read time : 20.966 us, Update time : 163.251 us, Writ...'
file: /home/helenlu/texture_sort/src/third_party/kinova/ros2_control/controller_manager/src/controller_manager.cpp
function: write
line: 3628
---
stamp:
  sec: 1778291818
  nanosec: 736606246
level: 30
name: controller_manager
msg: 'Overrun detected! The controller manager missed its desired rate of 1000 Hz. The loop took 1.488547 ms (missed cycles : 2).'
file: /home/helenlu/texture_sort/src/third_party/kinova/ros2_control/controller_manager/src/ros2_control_node.cpp
function: operator()
line: 176
---
stamp:
  sec: 1778291819
  nanosec: 243907229
level: 30
name: controller_manager
msg: 'Overrun might occur, Total time : 1713.659 us (Expected < 1000.000 us) --> Read time : 24.486 us, Update time : 141.965 us, Writ...'
file: /home/helenlu/texture_sort/src/third_party/kinova/ros2_control/controller_manager/src/controller_manager.cpp
function: write
line: 3628
---
stamp:
  sec: 1778291819
  nanosec: 741722957
level: 30
name: controller_manager
msg: 'Overrun detected! The controller manager missed its desired rate of 1000 Hz. The loop took 3.603345 ms (missed cycles : 4).'
file: /home/helenlu/texture_sort/src/third_party/kinova/ros2_control/controller_manager/src/ros2_control_node.cpp
function: operator()
line: 176
---
stamp:
  sec: 1778291820
  nanosec: 70847318
level: 20
name: task_manager_node
msg: 'Cached stabilized box position in base_link: (-0.389, 0.285, 0.076)'
file: /home/helenlu/texture_sort/install/task_manager/lib/python3.12/site-packages/task_manager/task_manager_node.py
function: _stabilize_box_position
line: 353
---
stamp:
  sec: 1778291820
  nanosec: 79028014
level: 20
name: task_manager_node
msg: '[task] load_object_into_box obj 3'
file: /home/helenlu/texture_sort/install/task_manager/lib/python3.12/site-packages/task_manager/task_manager_node.py
function: _log_state
line: 623
---
stamp:
  sec: 1778291820
  nanosec: 80193925
level: 20
name: task_manager_node
msg: AprilTag 10 is currently visible; place_node will use live grounding.
file: /home/helenlu/texture_sort/install/task_manager/lib/python3.12/site-packages/task_manager/task_manager_node.py
function: _state_load_object
line: 496
---
stamp:
  sec: 1778291820
  nanosec: 86247367
level: 20
name: place_node
msg: '[load_object_into_box] resolving_box_pose'
file: /home/helenlu/texture_sort/install/manipulation/lib/python3.12/site-packages/manipulation/place_node.py
function: fb
line: 192
---
stamp:
  sec: 1778291820
  nanosec: 86985489
level: 20
name: place_node
msg: '[load_object_into_box] waiting 1.0s for arm to stabilize'
file: /home/helenlu/texture_sort/install/manipulation/lib/python3.12/site-packages/manipulation/place_node.py
function: _wait_for_groundings_refresh
line: 286
---
stamp:
  sec: 1778291820
  nanosec: 243962884
level: 30
name: controller_manager
msg: 'Overrun might occur, Total time : 1767.789 us (Expected < 1000.000 us) --> Read time : 83.633 us, Update time : 278.618 us, Writ...'
file: /home/helenlu/texture_sort/src/third_party/kinova/ros2_control/controller_manager/src/controller_manager.cpp
function: write
line: 3628
---
stamp:
  sec: 1778291820
  nanosec: 754554027
level: 30
name: controller_manager
msg: 'Overrun detected! The controller manager missed its desired rate of 1000 Hz. The loop took 3.435057 ms (missed cycles : 4).'
file: /home/helenlu/texture_sort/src/third_party/kinova/ros2_control/controller_manager/src/ros2_control_node.cpp
function: operator()
line: 176
---
stamp:
  sec: 1778291821
  nanosec: 90163009
level: 20
name: place_node
msg: '[load_object_into_box] waiting 1.5s for grounding 10'
file: /home/helenlu/texture_sort/install/manipulation/lib/python3.12/site-packages/manipulation/place_node.py
function: _wait_for_groundings_refresh
line: 291
---
stamp:
  sec: 1778291821
  nanosec: 271889223
level: 30
name: controller_manager
msg: 'Overrun might occur, Total time : 1408.937 us (Expected < 1000.000 us) --> Read time : 139.086 us, Update time : 646.062 us, Wri...'
file: /home/helenlu/texture_sort/src/third_party/kinova/ros2_control/controller_manager/src/controller_manager.cpp
function: write
line: 3628
---
stamp:
  sec: 1778291821
  nanosec: 759045635
level: 30
name: controller_manager
msg: 'Overrun detected! The controller manager missed its desired rate of 1000 Hz. The loop took 3.926829 ms (missed cycles : 4).'
file: /home/helenlu/texture_sort/src/third_party/kinova/ros2_control/controller_manager/src/ros2_control_node.cpp
function: operator()
line: 176
---
stamp:
  sec: 1778291822
  nanosec: 280380818
level: 30
name: controller_manager
msg: 'Overrun might occur, Total time : 1183.071 us (Expected < 1000.000 us) --> Read time : 34.742 us, Update time : 430.126 us, Writ...'
file: /home/helenlu/texture_sort/src/third_party/kinova/ros2_control/controller_manager/src/controller_manager.cpp
function: write
line: 3628
---
stamp:
  sec: 1778291822
  nanosec: 592473926
level: 20
name: place_node
msg: '[load_object_into_box] using fresh tag 10 detection in base_link: pos=(-0.3186, 0.3661, 0.0722)'
file: /home/helenlu/texture_sort/install/manipulation/lib/python3.12/site-packages/manipulation/place_node.py
function: _load_object_into_box_callback
line: 213
---
stamp:
  sec: 1778291822
  nanosec: 594278567
level: 20
name: place_node
msg: '[load_object_into_box] EE target (tag 10) in base_link (+0.15m, grasp_point offset applied): pos=(-0.3350, 0.3336, 0.3552)'
file: /home/helenlu/texture_sort/install/manipulation/lib/python3.12/site-packages/manipulation/place_node.py
function: _load_object_into_box_callback
line: 258
---
stamp:
  sec: 1778291822
  nanosec: 599086102
level: 20
name: place_node
msg: '[load_object_into_box] moving_to_loading_position'
file: /home/helenlu/texture_sort/install/manipulation/lib/python3.12/site-packages/manipulation/place_node.py
function: fb
line: 192
---
stamp:
  sec: 1778291822
  nanosec: 601104581
level: 20
name: move_group.moveit.moveit.ros.move_group.move_action
msg: 'MoveGroupMoveAction: Received request'
file: ./src/default_capabilities/move_action_capability.cpp
function: operator()
line: 71
---
stamp:
  sec: 1778291822
  nanosec: 602321197
level: 20
name: move_group.moveit.moveit.ros.move_group.move_action
msg: executing..
file: ./src/default_capabilities/move_action_capability.cpp
function: executeMoveCallback
line: 88
---
stamp:
  sec: 1778291822
  nanosec: 605687245
level: 20
name: move_group.moveit.moveit.ros.move_group.move_action
msg: Combined planning and execution request received for MoveGroup action. Forwarding to planning and execution pipeline.
file: ./src/default_capabilities/move_action_capability.cpp
function: executeMoveCallbackPlanAndExecute
line: 134
---
stamp:
  sec: 1778291822
  nanosec: 605827279
level: 20
name: move_group.moveit.moveit.ros.plan_execution
msg: Planning attempt 1 of at most 3
file: ./plan_execution/src/plan_execution.cpp
function: planAndExecuteHelper
line: 165
---
stamp:
  sec: 1778291822
  nanosec: 606358315
level: 20
name: move_group
msg: Calling PlanningRequestAdapter 'ValidateWorkspaceBounds'
file: ./planning_pipeline/src/planning_pipeline.cpp
function: generatePlan
line: 278
---
stamp:
  sec: 1778291822
  nanosec: 606853857
level: 20
name: move_group
msg: Calling PlanningRequestAdapter 'CheckStartStateBounds'
file: ./planning_pipeline/src/planning_pipeline.cpp
function: generatePlan
line: 278
---
stamp:
  sec: 1778291822
  nanosec: 606967260
level: 20
name: move_group
msg: Calling PlanningRequestAdapter 'CheckStartStateCollision'
file: ./planning_pipeline/src/planning_pipeline.cpp
function: generatePlan
line: 278
---
stamp:
  sec: 1778291822
  nanosec: 607975941
level: 20
name: move_group.moveit.moveit.planners.ompl.model_based_planning_context
msg: Planner configuration 'manipulator' will use planner 'geometric::RRTConnect'. Additional configuration parameters will be set wh...
file: ./ompl_interface/src/model_based_planning_context.cpp
function: useConfig
line: 420
---
stamp:
  sec: 1778291822
  nanosec: 608092804
level: 20
name: move_group
msg: Calling Planner 'OMPL'
file: ./planning_pipeline/src/planning_pipeline.cpp
function: generatePlan
line: 318
---
stamp:
  sec: 1778291822
  nanosec: 630283417
level: 20
name: move_group
msg: Calling PlanningResponseAdapter 'AddTimeOptimalParameterization'
file: ./planning_pipeline/src/planning_pipeline.cpp
function: generatePlan
line: 339
---
stamp:
  sec: 1778291822
  nanosec: 639981894
level: 20
name: move_group
msg: Calling PlanningResponseAdapter 'ValidateSolution'
file: ./planning_pipeline/src/planning_pipeline.cpp
function: generatePlan
line: 339
---
stamp:
  sec: 1778291822
  nanosec: 641948416
level: 20
name: move_group
msg: Calling PlanningResponseAdapter 'DisplayMotionPath'
file: ./planning_pipeline/src/planning_pipeline.cpp
function: generatePlan
line: 339
---
stamp:
  sec: 1778291822
  nanosec: 642872912
level: 30
name: move_group.moveit.moveit.ros.planning_pipeline
msg: The planner plugin did not fill out the 'planner_id' field of the MotionPlanResponse. Setting it to the planner ID name of the M...
file: ./planning_pipeline/src/planning_pipeline.cpp
function: generatePlan
line: 364
---
stamp:
  sec: 1778291822
  nanosec: 645745400
level: 20
name: move_group.moveit.moveit.plugins.simple_controller_manager
msg: Returned 2 controllers in list
file: ./src/moveit_simple_controller_manager.cpp
function: getControllersList
line: 274
---
stamp:
  sec: 1778291822
  nanosec: 645836684
level: 20
name: move_group.moveit.moveit.plugins.simple_controller_manager
msg: Returned 2 controllers in list
file: ./src/moveit_simple_controller_manager.cpp
function: getControllersList
line: 274
---
stamp:
  sec: 1778291822
  nanosec: 646003906
level: 20
name: move_group.moveit.moveit.ros.trajectory_execution_manager
msg: Validating trajectory with allowed_start_tolerance 0.01
file: ./trajectory_execution_manager/src/trajectory_execution_manager.cpp
function: validate
line: 933
---
stamp:
  sec: 1778291822
  nanosec: 649262091
level: 20
name: move_group.moveit.moveit.ros.trajectory_execution_manager
msg: Starting trajectory execution ...
file: ./trajectory_execution_manager/src/trajectory_execution_manager.cpp
function: executeThread
line: 1325
---
stamp:
  sec: 1778291822
  nanosec: 649388946
level: 20
name: move_group.moveit.moveit.plugins.simple_controller_manager
msg: Returned 2 controllers in list
file: ./src/moveit_simple_controller_manager.cpp
function: getControllersList
line: 274
---
stamp:
  sec: 1778291822
  nanosec: 649478384
level: 20
name: move_group.moveit.moveit.plugins.simple_controller_manager
msg: Returned 2 controllers in list
file: ./src/moveit_simple_controller_manager.cpp
function: getControllersList
line: 274
---
stamp:
  sec: 1778291822
  nanosec: 650872054
level: 20
name: joint_trajectory_controller
msg: Received new action goal
file: /home/helenlu/texture_sort/src/third_party/kinova/ros2_controllers/joint_trajectory_controller/src/joint_trajectory_controller.c...
function: goal_received_callback
line: 1490
---
stamp:
  sec: 1778291822
  nanosec: 650986130
level: 20
name: joint_trajectory_controller
msg: Accepted new action goal
file: /home/helenlu/texture_sort/src/third_party/kinova/ros2_controllers/joint_trajectory_controller/src/joint_trajectory_controller.c...
function: goal_received_callback
line: 1505
---
stamp:
  sec: 1778291822
  nanosec: 764706837
level: 30
name: controller_manager
msg: 'Overrun detected! The controller manager missed its desired rate of 1000 Hz. The loop took 2.588301 ms (missed cycles : 3).'
file: /home/helenlu/texture_sort/src/third_party/kinova/ros2_control/controller_manager/src/ros2_control_node.cpp
function: operator()
line: 176
---
stamp:
  sec: 1778291823
  nanosec: 282538551
level: 30
name: controller_manager
msg: 'Overrun might occur, Total time : 1370.162 us (Expected < 1000.000 us) --> Read time : 23.846 us, Update time : 187.564 us, Writ...'
file: /home/helenlu/texture_sort/src/third_party/kinova/ros2_control/controller_manager/src/controller_manager.cpp
function: write
line: 3628
---
stamp:
  sec: 1778291823
  nanosec: 782466781
level: 30
name: controller_manager
msg: 'Overrun detected! The controller manager missed its desired rate of 1000 Hz. The loop took 6.348111 ms (missed cycles : 7).'
file: /home/helenlu/texture_sort/src/third_party/kinova/ros2_control/controller_manager/src/ros2_control_node.cpp
function: operator()
line: 176
---
stamp:
  sec: 1778291824
  nanosec: 294993731
level: 30
name: controller_manager
msg: 'Overrun might occur, Total time : 1810.775 us (Expected < 1000.000 us) --> Read time : 22.828 us, Update time : 179.213 us, Writ...'
file: /home/helenlu/texture_sort/src/third_party/kinova/ros2_control/controller_manager/src/controller_manager.cpp
function: write
line: 3628
---
stamp:
  sec: 1778291824
  nanosec: 787266457
level: 30
name: controller_manager
msg: 'Overrun detected! The controller manager missed its desired rate of 1000 Hz. The loop took 1.148169 ms (missed cycles : 2).'
file: /home/helenlu/texture_sort/src/third_party/kinova/ros2_control/controller_manager/src/ros2_control_node.cpp
function: operator()
line: 176
---
stamp:
  sec: 1778291825
  nanosec: 323989676
level: 30
name: controller_manager
msg: 'Overrun might occur, Total time : 1801.257 us (Expected < 1000.000 us) --> Read time : 17.638 us, Update time : 133.442 us, Writ...'
file: /home/helenlu/texture_sort/src/third_party/kinova/ros2_control/controller_manager/src/controller_manager.cpp
function: write
line: 3628
---
stamp:
  sec: 1778291825
  nanosec: 792043323
level: 30
name: controller_manager
msg: 'Overrun detected! The controller manager missed its desired rate of 1000 Hz. The loop took 1.924724 ms (missed cycles : 2).'
file: /home/helenlu/texture_sort/src/third_party/kinova/ros2_control/controller_manager/src/ros2_control_node.cpp
function: operator()
line: 176
---
stamp:
  sec: 1778291826
  nanosec: 324279054
level: 30
name: controller_manager
msg: 'Overrun might occur, Total time : 1078.706 us (Expected < 1000.000 us) --> Read time : 74.238 us, Update time : 303.076 us, Writ...'
file: /home/helenlu/texture_sort/src/third_party/kinova/ros2_control/controller_manager/src/controller_manager.cpp
function: write
line: 3628
---
stamp:
  sec: 1778291826
  nanosec: 794291246
level: 30
name: controller_manager
msg: 'Overrun detected! The controller manager missed its desired rate of 1000 Hz. The loop took 1.171829 ms (missed cycles : 2).'
file: /home/helenlu/texture_sort/src/third_party/kinova/ros2_control/controller_manager/src/ros2_control_node.cpp
function: operator()
line: 176
---
stamp:
  sec: 1778291827
  nanosec: 337630305
level: 30
name: controller_manager
msg: 'Overrun might occur, Total time : 2433.106 us (Expected < 1000.000 us) --> Read time : 23.801 us, Update time : 174.862 us, Writ...'
file: /home/helenlu/texture_sort/src/third_party/kinova/ros2_control/controller_manager/src/controller_manager.cpp
function: write
line: 3628
---
stamp:
  sec: 1778291827
  nanosec: 798027586
level: 30
name: controller_manager
msg: 'Overrun detected! The controller manager missed its desired rate of 1000 Hz. The loop took 2.909002 ms (missed cycles : 3).'
file: /home/helenlu/texture_sort/src/third_party/kinova/ros2_control/controller_manager/src/ros2_control_node.cpp
function: operator()
line: 176
---
stamp:
  sec: 1778291828
  nanosec: 341368740
level: 30
name: controller_manager
msg: 'Overrun might occur, Total time : 1170.165 us (Expected < 1000.000 us) --> Read time : 21.640 us, Update time : 600.410 us, Writ...'
file: /home/helenlu/texture_sort/src/third_party/kinova/ros2_control/controller_manager/src/controller_manager.cpp
function: write
line: 3628
---
stamp:
  sec: 1778291828
  nanosec: 802018216
level: 30
name: controller_manager
msg: 'Overrun detected! The controller manager missed its desired rate of 1000 Hz. The loop took 3.899795 ms (missed cycles : 4).'
file: /home/helenlu/texture_sort/src/third_party/kinova/ros2_control/controller_manager/src/ros2_control_node.cpp
function: operator()
line: 176
---
stamp:
  sec: 1778291829
  nanosec: 346575400
level: 30
name: controller_manager
msg: 'Overrun might occur, Total time : 1372.023 us (Expected < 1000.000 us) --> Read time : 21.733 us, Update time : 957.541 us, Writ...'
file: /home/helenlu/texture_sort/src/third_party/kinova/ros2_control/controller_manager/src/controller_manager.cpp
function: write
line: 3628
---
stamp:
  sec: 1778291829
  nanosec: 804329686
level: 30
name: controller_manager
msg: 'Overrun detected! The controller manager missed its desired rate of 1000 Hz. The loop took 5.210947 ms (missed cycles : 6).'
file: /home/helenlu/texture_sort/src/third_party/kinova/ros2_control/controller_manager/src/ros2_control_node.cpp
function: operator()
line: 176
---
stamp:
  sec: 1778291830
  nanosec: 144596601
level: 20
name: joint_trajectory_controller
msg: Goal reached, success!
file: /home/helenlu/texture_sort/src/third_party/kinova/ros2_controllers/joint_trajectory_controller/src/joint_trajectory_controller.c...
function: update
line: 493
---
stamp:
  sec: 1778291830
  nanosec: 156584052
level: 20
name: move_group.moveit.moveit.ros.trajectory_execution_manager
msg: Completed trajectory execution with status SUCCEEDED ...
file: ./trajectory_execution_manager/src/trajectory_execution_manager.cpp
function: executeThread
line: 1354
---
stamp:
  sec: 1778291830
  nanosec: 159480251
level: 20
name: move_group.moveit.moveit.ros.move_group.move_action
msg: Solution was found and executed.
file: ./src/default_capabilities/move_action_capability.cpp
function: executeMoveCallback
line: 111
---
stamp:
  sec: 1778291830
  nanosec: 170444328
level: 20
name: place_node
msg: '[load_object_into_box] opening_gripper'
file: /home/helenlu/texture_sort/install/manipulation/lib/python3.12/site-packages/manipulation/place_node.py
function: fb
line: 192
---
stamp:
  sec: 1778291830
  nanosec: 171816364
level: 20
name: place_node
msg: Commanding gripper to position=0.000
file: /home/helenlu/texture_sort/install/manipulation/lib/python3.12/site-packages/manipulation/place_node.py
function: _gripper_cmd
line: 440
---
stamp:
  sec: 1778291830
  nanosec: 176423183
level: 20
name: robotiq_gripper_controller
msg: Received & accepted new action goal
file: /home/helenlu/texture_sort/src/third_party/kinova/ros2_controllers/gripper_controllers/include/gripper_controllers/gripper_actio...
function: goal_callback
line: 87
---
stamp:
  sec: 1778291830
  nanosec: 348063897
level: 30
name: controller_manager
msg: 'Overrun might occur, Total time : 1085.941 us (Expected < 1000.000 us) --> Read time : 54.165 us, Update time : 302.402 us, Writ...'
file: /home/helenlu/texture_sort/src/third_party/kinova/ros2_control/controller_manager/src/controller_manager.cpp
function: write
line: 3628
---
stamp:
  sec: 1778291830
  nanosec: 533251583
level: 20
name: place_node
msg: 'Gripper result: position=0.007, stalled=False, reached_goal=True'
file: /home/helenlu/texture_sort/install/manipulation/lib/python3.12/site-packages/manipulation/place_node.py
function: _gripper_cmd
line: 466
---
stamp:
  sec: 1778291830
  nanosec: 535669380
level: 20
name: place_node
msg: '[load_object_into_box] done'
file: /home/helenlu/texture_sort/install/manipulation/lib/python3.12/site-packages/manipulation/place_node.py
function: fb
line: 192
---
stamp:
  sec: 1778291830
  nanosec: 538571000
level: 20
name: task_manager_node
msg: '[task] go_to_pre_load (obj 3)'
file: /home/helenlu/texture_sort/install/task_manager/lib/python3.12/site-packages/task_manager/task_manager_node.py
function: _log_state
line: 623
---
stamp:
  sec: 1778291830
  nanosec: 546501081
level: 20
name: place_node
msg: '[go_to_pre_load] loading_pre_load_pose'
file: /home/helenlu/texture_sort/install/manipulation/lib/python3.12/site-packages/manipulation/place_node.py
function: fb
line: 126
---
stamp:
  sec: 1778291830
  nanosec: 556378058
level: 20
name: place_node
msg: '[go_to_pre_load] moving_to_pre_load'
file: /home/helenlu/texture_sort/install/manipulation/lib/python3.12/site-packages/manipulation/place_node.py
function: fb
line: 126
---
stamp:
  sec: 1778291830
  nanosec: 557467570
level: 20
name: place_node
msg: 'Moving to pre_load (joint goal): joint_1=-2.6010, joint_2=0.2263, joint_3=0.4509, joint_4=0.9699, joint_5=-0.0774, joint_6=1.886...'
file: /home/helenlu/texture_sort/install/manipulation/lib/python3.12/site-packages/manipulation/place_node.py
function: _go_to_pre_load_callback
line: 162
---
stamp:
  sec: 1778291830
  nanosec: 559313010
level: 20
name: move_group.moveit.moveit.ros.move_group.move_action
msg: 'MoveGroupMoveAction: Received request'
file: ./src/default_capabilities/move_action_capability.cpp
function: operator()
line: 71
---
stamp:
  sec: 1778291830
  nanosec: 559727288
level: 20
name: move_group.moveit.moveit.ros.move_group.move_action
msg: executing..
file: ./src/default_capabilities/move_action_capability.cpp
function: executeMoveCallback
line: 88
---
stamp:
  sec: 1778291830
  nanosec: 563993564
level: 30
name: move_group.moveit.moveit.ros.planning_scene_monitor
msg: Unable to transform object from frame 'external_camera_depth_frame' to planning frame'world' (Could not find a connection betwee...
file: ./planning_scene_monitor/src/planning_scene_monitor.cpp
function: getUpdatedFrameTransforms
line: 1574
---
stamp:
  sec: 1778291830
  nanosec: 564888784
level: 20
name: move_group.moveit.moveit.ros.plan_execution
msg: Planning attempt 1 of at most 3
file: ./plan_execution/src/plan_execution.cpp
function: planAndExecuteHelper
line: 165
---
stamp:
  sec: 1778291830
  nanosec: 565945870
level: 30
name: move_group.moveit.moveit.ros.validate_workspace_bounds
msg: It looks like the planning volume was not specified. Using default values.
file: ./planning_request_adapter_plugins/src/validate_workspace_bounds.cpp
function: adapt
line: 84
---
stamp:
  sec: 1778291830
  nanosec: 566072687
level: 20
name: move_group
msg: Calling PlanningRequestAdapter 'CheckStartStateBounds'
file: ./planning_pipeline/src/planning_pipeline.cpp
function: generatePlan
line: 278
---
stamp:
  sec: 1778291830
  nanosec: 566217373
level: 20
name: move_group
msg: Calling PlanningRequestAdapter 'CheckStartStateCollision'
file: ./planning_pipeline/src/planning_pipeline.cpp
function: generatePlan
line: 278
---
stamp:
  sec: 1778291830
  nanosec: 566936392
level: 20
name: move_group.moveit.moveit.planners.ompl.model_based_planning_context
msg: Planner configuration 'manipulator' will use planner 'geometric::RRTConnect'. Additional configuration parameters will be set wh...
file: ./ompl_interface/src/model_based_planning_context.cpp
function: useConfig
line: 420
---
stamp:
  sec: 1778291830
  nanosec: 567057998
level: 20
name: move_group
msg: Calling Planner 'OMPL'
file: ./planning_pipeline/src/planning_pipeline.cpp
function: generatePlan
line: 318
---
stamp:
  sec: 1778291830
  nanosec: 595228276
level: 20
name: move_group
msg: Calling PlanningResponseAdapter 'AddTimeOptimalParameterization'
file: ./planning_pipeline/src/planning_pipeline.cpp
function: generatePlan
line: 339
---
stamp:
  sec: 1778291830
  nanosec: 599833129
level: 20
name: move_group
msg: Calling PlanningResponseAdapter 'ValidateSolution'
file: ./planning_pipeline/src/planning_pipeline.cpp
function: generatePlan
line: 339
---
stamp:
  sec: 1778291830
  nanosec: 601041345
level: 20
name: move_group
msg: Calling PlanningResponseAdapter 'DisplayMotionPath'
file: ./planning_pipeline/src/planning_pipeline.cpp
function: generatePlan
line: 339
---
stamp:
  sec: 1778291830
  nanosec: 602067022
level: 20
name: move_group.moveit.moveit.plugins.simple_controller_manager
msg: Returned 2 controllers in list
file: ./src/moveit_simple_controller_manager.cpp
function: getControllersList
line: 274
---
stamp:
  sec: 1778291830
  nanosec: 602745895
level: 20
name: move_group.moveit.moveit.ros.trajectory_execution_manager
msg: Starting trajectory execution ...
file: ./trajectory_execution_manager/src/trajectory_execution_manager.cpp
function: executeThread
line: 1325
---
stamp:
  sec: 1778291830
  nanosec: 602848781
level: 20
name: move_group.moveit.moveit.plugins.simple_controller_manager
msg: Returned 2 controllers in list
file: ./src/moveit_simple_controller_manager.cpp
function: getControllersList
line: 274
---
stamp:
  sec: 1778291830
  nanosec: 602926402
level: 20
name: move_group.moveit.moveit.plugins.simple_controller_manager
msg: Returned 2 controllers in list
file: ./src/moveit_simple_controller_manager.cpp
function: getControllersList
line: 274
---
stamp:
  sec: 1778291830
  nanosec: 603801648
level: 20
name: joint_trajectory_controller
msg: Received new action goal
file: /home/helenlu/texture_sort/src/third_party/kinova/ros2_controllers/joint_trajectory_controller/src/joint_trajectory_controller.c...
function: goal_received_callback
line: 1490
---
stamp:
  sec: 1778291830
  nanosec: 604114882
level: 20
name: joint_trajectory_controller
msg: Accepted new action goal
file: /home/helenlu/texture_sort/src/third_party/kinova/ros2_controllers/joint_trajectory_controller/src/joint_trajectory_controller.c...
function: goal_received_callback
line: 1505
---
stamp:
  sec: 1778291830
  nanosec: 807642094
level: 30
name: controller_manager
msg: 'Overrun detected! The controller manager missed its desired rate of 1000 Hz. The loop took 1.523466 ms (missed cycles : 2).'
file: /home/helenlu/texture_sort/src/third_party/kinova/ros2_control/controller_manager/src/ros2_control_node.cpp
function: operator()
line: 176
---
stamp:
  sec: 1778291831
  nanosec: 381555433
level: 30
name: controller_manager
msg: 'Overrun might occur, Total time : 2368.045 us (Expected < 1000.000 us) --> Read time : 18.932 us, Update time : 138.155 us, Writ...'
file: /home/helenlu/texture_sort/src/third_party/kinova/ros2_control/controller_manager/src/controller_manager.cpp
function: write
line: 3628
---
stamp:
  sec: 1778291831
  nanosec: 811811818
level: 30
name: controller_manager
msg: 'Overrun detected! The controller manager missed its desired rate of 1000 Hz. The loop took 4.692842 ms (missed cycles : 5).'
file: /home/helenlu/texture_sort/src/third_party/kinova/ros2_control/controller_manager/src/ros2_control_node.cpp
function: operator()
line: 176
---
stamp:
  sec: 1778291832
  nanosec: 386305954
level: 30
name: controller_manager
msg: 'Overrun might occur, Total time : 1033.643 us (Expected < 1000.000 us) --> Read time : 26.385 us, Update time : 230.452 us, Writ...'
file: /home/helenlu/texture_sort/src/third_party/kinova/ros2_control/controller_manager/src/controller_manager.cpp
function: write
line: 3628
---
stamp:
  sec: 1778291832
  nanosec: 812129245
level: 30
name: controller_manager
msg: 'Overrun detected! The controller manager missed its desired rate of 1000 Hz. The loop took 1.010138 ms (missed cycles : 2).'
file: /home/helenlu/texture_sort/src/third_party/kinova/ros2_control/controller_manager/src/ros2_control_node.cpp
function: operator()
line: 176
---
stamp:
  sec: 1778291833
  nanosec: 220395396
level: 20
name: joint_trajectory_controller
msg: Goal reached, success!
file: /home/helenlu/texture_sort/src/third_party/kinova/ros2_controllers/joint_trajectory_controller/src/joint_trajectory_controller.c...
function: update
line: 493
---
stamp:
  sec: 1778291833
  nanosec: 262476457
level: 20
name: move_group.moveit.moveit.ros.trajectory_execution_manager
msg: Completed trajectory execution with status SUCCEEDED ...
file: ./trajectory_execution_manager/src/trajectory_execution_manager.cpp
function: executeThread
line: 1354
---
stamp:
  sec: 1778291833
  nanosec: 262926274
level: 20
name: move_group.moveit.moveit.ros.move_group.move_action
msg: Solution was found and executed.
file: ./src/default_capabilities/move_action_capability.cpp
function: executeMoveCallback
line: 111
---
stamp:
  sec: 1778291833
  nanosec: 273441962
level: 20
name: place_node
msg: '[go_to_pre_load] done'
file: /home/helenlu/texture_sort/install/manipulation/lib/python3.12/site-packages/manipulation/place_node.py
function: fb
line: 126
---
stamp:
  sec: 1778291833
  nanosec: 277923382
level: 20
name: task_manager_node
msg: '[task] deliver class 3 objects [3]'
file: /home/helenlu/texture_sort/install/task_manager/lib/python3.12/site-packages/task_manager/task_manager_node.py
function: _log_state
line: 623
---
stamp:
  sec: 1778291833
  nanosec: 389328133
level: 30
name: controller_manager
msg: 'Overrun might occur, Total time : 3133.839 us (Expected < 1000.000 us) --> Read time : 33.099 us, Update time : 229.339 us, Writ...'
file: /home/helenlu/texture_sort/src/third_party/kinova/ros2_control/controller_manager/src/controller_manager.cpp
function: write
line: 3628
---
stamp:
  sec: 1778291833
  nanosec: 814985771
level: 30
name: controller_manager
msg: 'Overrun detected! The controller manager missed its desired rate of 1000 Hz. The loop took 1.867030 ms (missed cycles : 2).'
file: /home/helenlu/texture_sort/src/third_party/kinova/ros2_control/controller_manager/src/ros2_control_node.cpp
function: operator()
line: 176
---
stamp:
  sec: 1778291834
  nanosec: 402179341
level: 30
name: controller_manager
msg: 'Overrun might occur, Total time : 1961.189 us (Expected < 1000.000 us) --> Read time : 75.359 us, Update time : 388.061 us, Writ...'
file: /home/helenlu/texture_sort/src/third_party/kinova/ros2_control/controller_manager/src/controller_manager.cpp
function: write
line: 3628
---
stamp:
  sec: 1778291834
  nanosec: 815251873
level: 30
name: controller_manager
msg: 'Overrun detected! The controller manager missed its desired rate of 1000 Hz. The loop took 1.133239 ms (missed cycles : 2).'
file: /home/helenlu/texture_sort/src/third_party/kinova/ros2_control/controller_manager/src/ros2_control_node.cpp
function: operator()
line: 176
---
stamp:
  sec: 1778291835
  nanosec: 407086782
level: 30
name: controller_manager
msg: 'Overrun might occur, Total time : 3894.710 us (Expected < 1000.000 us) --> Read time : 20.788 us, Update time : 150.748 us, Writ...'
file: /home/helenlu/texture_sort/src/third_party/kinova/ros2_control/controller_manager/src/controller_manager.cpp
function: write
line: 3628
---
stamp:
  sec: 1778291835
  nanosec: 815959966
level: 30
name: controller_manager
msg: 'Overrun detected! The controller manager missed its desired rate of 1000 Hz. The loop took 3.841295 ms (missed cycles : 4).'
file: /home/helenlu/texture_sort/src/third_party/kinova/ros2_control/controller_manager/src/ros2_control_node.cpp
function: operator()
line: 176
---
stamp:
  sec: 1778291836
  nanosec: 411536258
level: 30
name: controller_manager
msg: 'Overrun might occur, Total time : 3287.878 us (Expected < 1000.000 us) --> Read time : 72.580 us, Update time : 2452.178 us, Wri...'
file: /home/helenlu/texture_sort/src/third_party/kinova/ros2_control/controller_manager/src/controller_manager.cpp
function: write
line: 3628
---
stamp:
  sec: 1778291836
  nanosec: 821145101
level: 30
name: controller_manager
msg: 'Overrun detected! The controller manager missed its desired rate of 1000 Hz. The loop took 1.025869 ms (missed cycles : 2).'
file: /home/helenlu/texture_sort/src/third_party/kinova/ros2_control/controller_manager/src/ros2_control_node.cpp
function: operator()
line: 176
---
stamp:
  sec: 1778291837
  nanosec: 422345867
level: 30
name: controller_manager
msg: 'Overrun might occur, Total time : 1163.342 us (Expected < 1000.000 us) --> Read time : 16.054 us, Update time : 106.095 us, Writ...'
file: /home/helenlu/texture_sort/src/third_party/kinova/ros2_control/controller_manager/src/controller_manager.cpp
function: write
line: 3628
---
stamp:
  sec: 1778291837
  nanosec: 824881101
level: 30
name: controller_manager
msg: 'Overrun detected! The controller manager missed its desired rate of 1000 Hz. The loop took 1.762133 ms (missed cycles : 2).'
file: /home/helenlu/texture_sort/src/third_party/kinova/ros2_control/controller_manager/src/ros2_control_node.cpp
function: operator()
line: 176
---
stamp:
  sec: 1778291838
  nanosec: 431512231
level: 30
name: controller_manager
msg: 'Overrun might occur, Total time : 1326.421 us (Expected < 1000.000 us) --> Read time : 24.631 us, Update time : 144.946 us, Writ...'
file: /home/helenlu/texture_sort/src/third_party/kinova/ros2_control/controller_manager/src/controller_manager.cpp
function: write
line: 3628
---
stamp:
  sec: 1778291838
  nanosec: 835407243
level: 30
name: controller_manager
msg: 'Overrun detected! The controller manager missed its desired rate of 1000 Hz. The loop took 1.289458 ms (missed cycles : 2).'
file: /home/helenlu/texture_sort/src/third_party/kinova/ros2_control/controller_manager/src/ros2_control_node.cpp
function: operator()
line: 176
---
stamp:
  sec: 1778291839
  nanosec: 432324059
level: 30
name: controller_manager
msg: 'Overrun might occur, Total time : 1130.268 us (Expected < 1000.000 us) --> Read time : 32.709 us, Update time : 221.477 us, Writ...'
file: /home/helenlu/texture_sort/src/third_party/kinova/ros2_control/controller_manager/src/controller_manager.cpp
function: write
line: 3628
---
stamp:
  sec: 1778291839
  nanosec: 838491703
level: 30
name: controller_manager
msg: 'Overrun detected! The controller manager missed its desired rate of 1000 Hz. The loop took 1.372756 ms (missed cycles : 2).'
file: /home/helenlu/texture_sort/src/third_party/kinova/ros2_control/controller_manager/src/ros2_control_node.cpp
function: operator()
line: 176
---
stamp:
  sec: 1778291840
  nanosec: 435338380
level: 30
name: controller_manager
msg: 'Overrun might occur, Total time : 1122.109 us (Expected < 1000.000 us) --> Read time : 24.263 us, Update time : 430.987 us, Writ...'
file: /home/helenlu/texture_sort/src/third_party/kinova/ros2_control/controller_manager/src/controller_manager.cpp
function: write
line: 3628
---
stamp:
  sec: 1778291840
  nanosec: 843596759
level: 30
name: controller_manager
msg: 'Overrun detected! The controller manager missed its desired rate of 1000 Hz. The loop took 2.478451 ms (missed cycles : 3).'
file: /home/helenlu/texture_sort/src/third_party/kinova/ros2_control/controller_manager/src/ros2_control_node.cpp
function: operator()
line: 176
---
stamp:
  sec: 1778291841
  nanosec: 443206963
level: 30
name: controller_manager
msg: 'Overrun might occur, Total time : 1016.972 us (Expected < 1000.000 us) --> Read time : 19.907 us, Update time : 162.253 us, Writ...'
file: /home/helenlu/texture_sort/src/third_party/kinova/ros2_control/controller_manager/src/controller_manager.cpp
function: write
line: 3628
---
stamp:
  sec: 1778291841
  nanosec: 852234953
level: 30
name: controller_manager
msg: 'Overrun detected! The controller manager missed its desired rate of 1000 Hz. The loop took 8.115899 ms (missed cycles : 9).'
file: /home/helenlu/texture_sort/src/third_party/kinova/ros2_control/controller_manager/src/ros2_control_node.cpp
function: operator()
line: 176
---
stamp:
  sec: 1778291842
  nanosec: 451942323
level: 30
name: controller_manager
msg: 'Overrun might occur, Total time : 1735.465 us (Expected < 1000.000 us) --> Read time : 29.018 us, Update time : 205.602 us, Writ...'
file: /home/helenlu/texture_sort/src/third_party/kinova/ros2_control/controller_manager/src/controller_manager.cpp
function: write
line: 3628
---
stamp:
  sec: 1778291842
  nanosec: 854712272
level: 30
name: controller_manager
msg: 'Overrun detected! The controller manager missed its desired rate of 1000 Hz. The loop took 1.592423 ms (missed cycles : 2).'
file: /home/helenlu/texture_sort/src/third_party/kinova/ros2_control/controller_manager/src/ros2_control_node.cpp
function: operator()
line: 176
---
stamp:
  sec: 1778291843
  nanosec: 281440214
level: 40
name: task_manager_node
msg: /deliver goal rejected
file: /home/helenlu/texture_sort/install/task_manager/lib/python3.12/site-packages/task_manager/task_manager_node.py
function: _send_action
line: 583
---
stamp:
  sec: 1778291843
  nanosec: 452930384
level: 30
name: controller_manager
msg: 'Overrun might occur, Total time : 1730.636 us (Expected < 1000.000 us) --> Read time : 155.191 us, Update time : 921.059 us, Wri...'
file: /home/helenlu/texture_sort/src/third_party/kinova/ros2_control/controller_manager/src/controller_manager.cpp
function: write
line: 3628
---
stamp:
  sec: 1778291843
  nanosec: 861409057
level: 30
name: controller_manager
msg: 'Overrun detected! The controller manager missed its desired rate of 1000 Hz. The loop took 2.289416 ms (missed cycles : 3).'
file: /home/helenlu/texture_sort/src/third_party/kinova/ros2_control/controller_manager/src/ros2_control_node.cpp
function: operator()
line: 176
---
stamp:
  sec: 1778291844
  nanosec: 456931568
level: 30
name: controller_manager
msg: 'Overrun might occur, Total time : 1625.357 us (Expected < 1000.000 us) --> Read time : 39.734 us, Update time : 233.094 us, Writ...'
file: /home/helenlu/texture_sort/src/third_party/kinova/ros2_control/controller_manager/src/controller_manager.cpp
function: write
line: 3628
---
stamp:
  sec: 1778291844
  nanosec: 861724823
level: 30
name: controller_manager
msg: 'Overrun detected! The controller manager missed its desired rate of 1000 Hz. The loop took 2.605753 ms (missed cycles : 3).'
file: /home/helenlu/texture_sort/src/third_party/kinova/ros2_control/controller_manager/src/ros2_control_node.cpp
function: operator()
line: 176
---
stamp:
  sec: 1778291845
  nanosec: 465159956
level: 30
name: controller_manager
msg: 'Overrun might occur, Total time : 2852.941 us (Expected < 1000.000 us) --> Read time : 28.179 us, Update time : 207.697 us, Writ...'
file: /home/helenlu/texture_sort/src/third_party/kinova/ros2_control/controller_manager/src/controller_manager.cpp
function: write
line: 3628
---
stamp:
  sec: 1778291845
  nanosec: 876448226
level: 30
name: controller_manager
msg: 'Overrun detected! The controller manager missed its desired rate of 1000 Hz. The loop took 1.329792 ms (missed cycles : 2).'
file: /home/helenlu/texture_sort/src/third_party/kinova/ros2_control/controller_manager/src/ros2_control_node.cpp
function: operator()
line: 176
---
stamp:
  sec: 1778291846
  nanosec: 467297031
level: 30
name: controller_manager
msg: 'Overrun might occur, Total time : 2885.167 us (Expected < 1000.000 us) --> Read time : 689.574 us, Update time : 690.569 us, Wri...'
file: /home/helenlu/texture_sort/src/third_party/kinova/ros2_control/controller_manager/src/controller_manager.cpp
function: write
line: 3628
---
stamp:
  sec: 1778291846
  nanosec: 881236517
level: 30
name: controller_manager
msg: 'Overrun detected! The controller manager missed its desired rate of 1000 Hz. The loop took 1.116423 ms (missed cycles : 2).'
file: /home/helenlu/texture_sort/src/third_party/kinova/ros2_control/controller_manager/src/ros2_control_node.cpp
function: operator()
line: 176
---
stamp:
  sec: 1778291847
  nanosec: 474155135
level: 30
name: controller_manager
msg: 'Overrun might occur, Total time : 3955.391 us (Expected < 1000.000 us) --> Read time : 21.423 us, Update time : 139.656 us, Writ...'
file: /home/helenlu/texture_sort/src/third_party/kinova/ros2_control/controller_manager/src/controller_manager.cpp
function: write
line: 3628
---
stamp:
  sec: 1778291847
  nanosec: 890332717
level: 30
name: controller_manager
msg: 'Overrun detected! The controller manager missed its desired rate of 1000 Hz. The loop took 1.213365 ms (missed cycles : 2).'
file: /home/helenlu/texture_sort/src/third_party/kinova/ros2_control/controller_manager/src/ros2_control_node.cpp
function: operator()
line: 176
---
stamp:
  sec: 1778291848
  nanosec: 478320170
level: 30
name: controller_manager
msg: 'Overrun might occur, Total time : 1108.135 us (Expected < 1000.000 us) --> Read time : 23.846 us, Update time : 593.265 us, Writ...'
file: /home/helenlu/texture_sort/src/third_party/kinova/ros2_control/controller_manager/src/controller_manager.cpp
function: write
line: 3628
---
stamp:
  sec: 1778291848
  nanosec: 919199801
level: 30
name: controller_manager
msg: 'Overrun detected! The controller manager missed its desired rate of 1000 Hz. The loop took 1.075321 ms (missed cycles : 2).'
file: /home/helenlu/texture_sort/src/third_party/kinova/ros2_control/controller_manager/src/ros2_control_node.cpp
function: operator()
line: 176
---
stamp:
  sec: 1778291849
  nanosec: 498733784
level: 30
name: controller_manager
msg: 'Overrun might occur, Total time : 1550.395 us (Expected < 1000.000 us) --> Read time : 20.141 us, Update time : 119.535 us, Writ...'
file: /home/helenlu/texture_sort/src/third_party/kinova/ros2_control/controller_manager/src/controller_manager.cpp
function: write
line: 3628
---
stamp:
  sec: 1778291849
  nanosec: 920229815
level: 30
name: controller_manager
msg: 'Overrun detected! The controller manager missed its desired rate of 1000 Hz. The loop took 1.111434 ms (missed cycles : 2).'
file: /home/helenlu/texture_sort/src/third_party/kinova/ros2_control/controller_manager/src/ros2_control_node.cpp
function: operator()
line: 176
---
stamp:
  sec: 1778291850
  nanosec: 499947638
level: 30
name: controller_manager
msg: 'Overrun might occur, Total time : 1629.082 us (Expected < 1000.000 us) --> Read time : 112.010 us, Update time : 590.552 us, Wri...'
file: /home/helenlu/texture_sort/src/third_party/kinova/ros2_control/controller_manager/src/controller_manager.cpp
function: write
line: 3628
---
stamp:
  sec: 1778291850
  nanosec: 922134358
level: 30
name: controller_manager
msg: 'Overrun detected! The controller manager missed its desired rate of 1000 Hz. The loop took 2.016748 ms (missed cycles : 3).'
file: /home/helenlu/texture_sort/src/third_party/kinova/ros2_control/controller_manager/src/ros2_control_node.cpp
function: operator()
line: 176
---
stamp:
  sec: 1778291851
  nanosec: 544446908
level: 30
name: controller_manager
msg: 'Overrun might occur, Total time : 2251.604 us (Expected < 1000.000 us) --> Read time : 24.495 us, Update time : 123.763 us, Writ...'
file: /home/helenlu/texture_sort/src/third_party/kinova/ros2_control/controller_manager/src/controller_manager.cpp
function: write
line: 3628
---
stamp:
  sec: 1778291851
  nanosec: 926640114
level: 30
name: controller_manager
msg: 'Overrun detected! The controller manager missed its desired rate of 1000 Hz. The loop took 2.520935 ms (missed cycles : 3).'
file: /home/helenlu/texture_sort/src/third_party/kinova/ros2_control/controller_manager/src/ros2_control_node.cpp
function: operator()
line: 176
---
stamp:
  sec: 1778291852
  nanosec: 569285775
level: 30
name: controller_manager
msg: 'Overrun might occur, Total time : 1086.596 us (Expected < 1000.000 us) --> Read time : 35.616 us, Update time : 271.297 us, Writ...'
file: /home/helenlu/texture_sort/src/third_party/kinova/ros2_control/controller_manager/src/controller_manager.cpp
function: write
line: 3628
---
stamp:
  sec: 1778291852
  nanosec: 942506869
level: 30
name: controller_manager
msg: 'Overrun detected! The controller manager missed its desired rate of 1000 Hz. The loop took 1.387524 ms (missed cycles : 2).'
file: /home/helenlu/texture_sort/src/third_party/kinova/ros2_control/controller_manager/src/ros2_control_node.cpp
function: operator()
line: 176
---
stamp:
  sec: 1778291853
  nanosec: 572027162
level: 30
name: controller_manager
msg: 'Overrun might occur, Total time : 2532.742 us (Expected < 1000.000 us) --> Read time : 73.830 us, Update time : 338.588 us, Writ...'
file: /home/helenlu/texture_sort/src/third_party/kinova/ros2_control/controller_manager/src/controller_manager.cpp
function: write
line: 3628
---
stamp:
  sec: 1778291853
  nanosec: 943128921
level: 30
name: controller_manager
msg: 'Overrun detected! The controller manager missed its desired rate of 1000 Hz. The loop took 1.009805 ms (missed cycles : 2).'
file: /home/helenlu/texture_sort/src/third_party/kinova/ros2_control/controller_manager/src/ros2_control_node.cpp
function: operator()
line: 176
---
stamp:
  sec: 1778291854
  nanosec: 589207548
level: 30
name: controller_manager
msg: 'Overrun might occur, Total time : 2014.888 us (Expected < 1000.000 us) --> Read time : 22.996 us, Update time : 147.271 us, Writ...'
file: /home/helenlu/texture_sort/src/third_party/kinova/ros2_control/controller_manager/src/controller_manager.cpp
function: write
line: 3628
---
stamp:
  sec: 1778291854
  nanosec: 947675113
level: 30
name: controller_manager
msg: 'Overrun detected! The controller manager missed its desired rate of 1000 Hz. The loop took 1.555307 ms (missed cycles : 2).'
file: /home/helenlu/texture_sort/src/third_party/kinova/ros2_control/controller_manager/src/ros2_control_node.cpp
function: operator()
line: 176
---
stamp:
  sec: 1778291855
  nanosec: 592327200
level: 30
name: controller_manager
msg: 'Overrun might occur, Total time : 1010.131 us (Expected < 1000.000 us) --> Read time : 37.988 us, Update time : 244.350 us, Writ...'
file: /home/helenlu/texture_sort/src/third_party/kinova/ros2_control/controller_manager/src/controller_manager.cpp
function: write
line: 3628
---
stamp:
  sec: 1778291855
  nanosec: 949531569
level: 30
name: controller_manager
msg: 'Overrun detected! The controller manager missed its desired rate of 1000 Hz. The loop took 1.414002 ms (missed cycles : 2).'
file: /home/helenlu/texture_sort/src/third_party/kinova/ros2_control/controller_manager/src/ros2_control_node.cpp
function: operator()
line: 176
---
stamp:
  sec: 1778291856
  nanosec: 620028972
level: 30
name: controller_manager
msg: 'Overrun might occur, Total time : 3834.389 us (Expected < 1000.000 us) --> Read time : 48.417 us, Update time : 407.459 us, Writ...'
file: /home/helenlu/texture_sort/src/third_party/kinova/ros2_control/controller_manager/src/controller_manager.cpp
function: write
line: 3628
---
stamp:
  sec: 1778291856
  nanosec: 986783803
level: 30
name: controller_manager
msg: 'Overrun detected! The controller manager missed its desired rate of 1000 Hz. The loop took 2.663940 ms (missed cycles : 3).'
file: /home/helenlu/texture_sort/src/third_party/kinova/ros2_control/controller_manager/src/ros2_control_node.cpp
function: operator()
line: 176
---
stamp:
  sec: 1778291857
  nanosec: 653977672
level: 30
name: controller_manager
msg: 'Overrun might occur, Total time : 1772.669 us (Expected < 1000.000 us) --> Read time : 70.601 us, Update time : 456.386 us, Writ...'
file: /home/helenlu/texture_sort/src/third_party/kinova/ros2_control/controller_manager/src/controller_manager.cpp
function: write
line: 3628
---
stamp:
  sec: 1778291853
  nanosec: 672671862
level: 20
name: delivery_node
msg: 'Selected ''unloading'' pose: frame=map, x=0.4865021437609104, y=-0.11393422671316217, z=0.0, orientation(x=0.0, y=0.0, z=-0.012343...'
file: /home/hrilab/ros2_ws/install/nav2_demo/lib/python3.10/site-packages/nav2_demo/delivery_node.py
function: _execute_callback
line: 142
---
stamp:
  sec: 1778291857
  nanosec: 672269715
level: 20
name: delivery_node
msg: 'Selected ''unloading'' pose: frame=map, x=0.4865021437609104, y=-0.11393422671316217, z=0.0, orientation(x=0.0, y=0.0, z=-0.012343...'
file: /home/hrilab/ros2_ws/install/nav2_demo/lib/python3.10/site-packages/nav2_demo/delivery_node.py
function: _execute_callback
line: 142
---
stamp:
  sec: 1778291857
  nanosec: 999802699
level: 30
name: controller_manager
msg: 'Overrun detected! The controller manager missed its desired rate of 1000 Hz. The loop took 1.683027 ms (missed cycles : 2).'
file: /home/helenlu/texture_sort/src/third_party/kinova/ros2_control/controller_manager/src/ros2_control_node.cpp
function: operator()
line: 176
---
stamp:
  sec: 1778291858
  nanosec: 657987368
level: 30
name: controller_manager
msg: 'Overrun might occur, Total time : 5551.826 us (Expected < 1000.000 us) --> Read time : 58.040 us, Update time : 3779.605 us, Wri...'
file: /home/helenlu/texture_sort/src/third_party/kinova/ros2_control/controller_manager/src/controller_manager.cpp
function: write
line: 3628
---
stamp:
  sec: 1778291859
  nanosec: 1958277
level: 30
name: controller_manager
msg: 'Overrun detected! The controller manager missed its desired rate of 1000 Hz. The loop took 1.840291 ms (missed cycles : 2).'
file: /home/helenlu/texture_sort/src/third_party/kinova/ros2_control/controller_manager/src/ros2_control_node.cpp
function: operator()
line: 176
---
stamp:
  sec: 1778291859
  nanosec: 676399784
level: 30
name: controller_manager
msg: 'Overrun might occur, Total time : 2204.081 us (Expected < 1000.000 us) --> Read time : 22.499 us, Update time : 163.321 us, Writ...'
file: /home/helenlu/texture_sort/src/third_party/kinova/ros2_control/controller_manager/src/controller_manager.cpp
function: write
line: 3628
---
stamp:
  sec: 1778291860
  nanosec: 3031265
level: 30
name: controller_manager
msg: 'Overrun detected! The controller manager missed its desired rate of 1000 Hz. The loop took 1.913344 ms (missed cycles : 2).'
file: /home/helenlu/texture_sort/src/third_party/kinova/ros2_control/controller_manager/src/ros2_control_node.cpp
function: operator()
line: 176
---
stamp:
  sec: 1778291860
  nanosec: 676844647
level: 30
name: controller_manager
msg: 'Overrun might occur, Total time : 3652.464 us (Expected < 1000.000 us) --> Read time : 24.284 us, Update time : 162.119 us, Writ...'
file: /home/helenlu/texture_sort/src/third_party/kinova/ros2_control/controller_manager/src/controller_manager.cpp
function: write
line: 3628
---
stamp:
  sec: 1778291861
  nanosec: 9360814
level: 30
name: controller_manager
msg: 'Overrun detected! The controller manager missed its desired rate of 1000 Hz. The loop took 2.241976 ms (missed cycles : 3).'
file: /home/helenlu/texture_sort/src/third_party/kinova/ros2_control/controller_manager/src/ros2_control_node.cpp
function: operator()
line: 176
---
stamp:
  sec: 1778291861
  nanosec: 687551665
level: 30
name: controller_manager
msg: 'Overrun might occur, Total time : 2220.373 us (Expected < 1000.000 us) --> Read time : 40.455 us, Update time : 338.691 us, Writ...'
file: /home/helenlu/texture_sort/src/third_party/kinova/ros2_control/controller_manager/src/controller_manager.cpp
function: write
line: 3628
---
stamp:
  sec: 1778291862
  nanosec: 11462897
level: 30
name: controller_manager
msg: 'Overrun detected! The controller manager missed its desired rate of 1000 Hz. The loop took 2.344217 ms (missed cycles : 3).'
file: /home/helenlu/texture_sort/src/third_party/kinova/ros2_control/controller_manager/src/ros2_control_node.cpp
function: operator()
line: 176
---
stamp:
  sec: 1778291862
  nanosec: 688488927
level: 30
name: controller_manager
msg: 'Overrun might occur, Total time : 1155.072 us (Expected < 1000.000 us) --> Read time : 37.306 us, Update time : 597.496 us, Writ...'
file: /home/helenlu/texture_sort/src/third_party/kinova/ros2_control/controller_manager/src/controller_manager.cpp
function: write
line: 3628
---
stamp:
  sec: 1778291863
  nanosec: 13249556
level: 30
name: controller_manager
msg: 'Overrun detected! The controller manager missed its desired rate of 1000 Hz. The loop took 1.130921 ms (missed cycles : 2).'
file: /home/helenlu/texture_sort/src/third_party/kinova/ros2_control/controller_manager/src/ros2_control_node.cpp
function: operator()
line: 176
---
stamp:
  sec: 1778291863
  nanosec: 710333970
level: 30
name: controller_manager
msg: 'Overrun might occur, Total time : 1039.600 us (Expected < 1000.000 us) --> Read time : 90.437 us, Update time : 264.600 us, Writ...'
file: /home/helenlu/texture_sort/src/third_party/kinova/ros2_control/controller_manager/src/controller_manager.cpp
function: write
line: 3628
---
stamp:
  sec: 1778291864
  nanosec: 13454503
level: 30
name: controller_manager
msg: 'Overrun detected! The controller manager missed its desired rate of 1000 Hz. The loop took 1.335967 ms (missed cycles : 2).'
file: /home/helenlu/texture_sort/src/third_party/kinova/ros2_control/controller_manager/src/ros2_control_node.cpp
function: operator()
line: 176
---
stamp:
  sec: 1778291864
  nanosec: 712290381
level: 30
name: controller_manager
msg: 'Overrun might occur, Total time : 2087.713 us (Expected < 1000.000 us) --> Read time : 35.019 us, Update time : 233.486 us, Writ...'
file: /home/helenlu/texture_sort/src/third_party/kinova/ros2_control/controller_manager/src/controller_manager.cpp
function: write
line: 3628
---
stamp:
  sec: 1778291865
  nanosec: 17615627
level: 30
name: controller_manager
msg: 'Overrun detected! The controller manager missed its desired rate of 1000 Hz. The loop took 3.497766 ms (missed cycles : 4).'
file: /home/helenlu/texture_sort/src/third_party/kinova/ros2_control/controller_manager/src/ros2_control_node.cpp
function: operator()
line: 176
---
stamp:
  sec: 1778291865
  nanosec: 712879639
level: 30
name: controller_manager
msg: 'Overrun might occur, Total time : 1393.026 us (Expected < 1000.000 us) --> Read time : 42.043 us, Update time : 265.727 us, Writ...'
file: /home/helenlu/texture_sort/src/third_party/kinova/ros2_control/controller_manager/src/controller_manager.cpp
function: write
line: 3628
---
stamp:
  sec: 1778291866
  nanosec: 20364047
level: 30
name: controller_manager
msg: 'Overrun detected! The controller manager missed its desired rate of 1000 Hz. The loop took 1.245771 ms (missed cycles : 2).'
file: /home/helenlu/texture_sort/src/third_party/kinova/ros2_control/controller_manager/src/ros2_control_node.cpp
function: operator()
line: 176
---
stamp:
  sec: 1778291866
  nanosec: 714376413
level: 30
name: controller_manager
msg: 'Overrun might occur, Total time : 1187.633 us (Expected < 1000.000 us) --> Read time : 20.512 us, Update time : 186.342 us, Writ...'
file: /home/helenlu/texture_sort/src/third_party/kinova/ros2_control/controller_manager/src/controller_manager.cpp
function: write
line: 3628
---
stamp:
  sec: 1778291867
  nanosec: 30764681
level: 30
name: controller_manager
msg: 'Overrun detected! The controller manager missed its desired rate of 1000 Hz. The loop took 1.645757 ms (missed cycles : 2).'
file: /home/helenlu/texture_sort/src/third_party/kinova/ros2_control/controller_manager/src/ros2_control_node.cpp
function: operator()
line: 176
---
stamp:
  sec: 1778291867
  nanosec: 717252363
level: 30
name: controller_manager
msg: 'Overrun might occur, Total time : 2053.207 us (Expected < 1000.000 us) --> Read time : 62.961 us, Update time : 284.558 us, Writ...'
file: /home/helenlu/texture_sort/src/third_party/kinova/ros2_control/controller_manager/src/controller_manager.cpp
function: write
line: 3628
---
stamp:
  sec: 1778291868
  nanosec: 33618347
level: 30
name: controller_manager
msg: 'Overrun detected! The controller manager missed its desired rate of 1000 Hz. The loop took 1.500009 ms (missed cycles : 2).'
file: /home/helenlu/texture_sort/src/third_party/kinova/ros2_control/controller_manager/src/ros2_control_node.cpp
function: operator()
line: 176
---
stamp:
  sec: 1778291868
  nanosec: 717950911
level: 30
name: controller_manager
msg: 'Overrun might occur, Total time : 1745.542 us (Expected < 1000.000 us) --> Read time : 25.558 us, Update time : 242.425 us, Writ...'
file: /home/helenlu/texture_sort/src/third_party/kinova/ros2_control/controller_manager/src/controller_manager.cpp
function: write
line: 3628
---
stamp:
  sec: 1778291869
  nanosec: 37510514
level: 30
name: controller_manager
msg: 'Overrun detected! The controller manager missed its desired rate of 1000 Hz. The loop took 3.391044 ms (missed cycles : 4).'
file: /home/helenlu/texture_sort/src/third_party/kinova/ros2_control/controller_manager/src/ros2_control_node.cpp
function: operator()
line: 176
---
stamp:
  sec: 1778291869
  nanosec: 722413902
level: 30
name: controller_manager
msg: 'Overrun might occur, Total time : 1224.933 us (Expected < 1000.000 us) --> Read time : 19.570 us, Update time : 105.172 us, Writ...'
file: /home/helenlu/texture_sort/src/third_party/kinova/ros2_control/controller_manager/src/controller_manager.cpp
function: write
line: 3628
---
stamp:
  sec: 1778291870
  nanosec: 40823326
level: 30
name: controller_manager
msg: 'Overrun detected! The controller manager missed its desired rate of 1000 Hz. The loop took 1.704554 ms (missed cycles : 2).'
file: /home/helenlu/texture_sort/src/third_party/kinova/ros2_control/controller_manager/src/ros2_control_node.cpp
function: operator()
line: 176
---
stamp:
  sec: 1778291870
  nanosec: 728041086
level: 30
name: controller_manager
msg: 'Overrun might occur, Total time : 2847.638 us (Expected < 1000.000 us) --> Read time : 24.826 us, Update time : 127.593 us, Writ...'
file: /home/helenlu/texture_sort/src/third_party/kinova/ros2_control/controller_manager/src/controller_manager.cpp
function: write
line: 3628
---
stamp:
  sec: 1778291871
  nanosec: 43248193
level: 30
name: controller_manager
msg: 'Overrun detected! The controller manager missed its desired rate of 1000 Hz. The loop took 1.129989 ms (missed cycles : 2).'
file: /home/helenlu/texture_sort/src/third_party/kinova/ros2_control/controller_manager/src/ros2_control_node.cpp
function: operator()
line: 176
---
stamp:
  sec: 1778291871
  nanosec: 728665729
level: 30
name: controller_manager
msg: 'Overrun might occur, Total time : 2469.164 us (Expected < 1000.000 us) --> Read time : 28.786 us, Update time : 208.941 us, Writ...'
file: /home/helenlu/texture_sort/src/third_party/kinova/ros2_control/controller_manager/src/controller_manager.cpp
function: write
line: 3628
---
stamp:
  sec: 1778291872
  nanosec: 47231507
level: 30
name: controller_manager
msg: 'Overrun detected! The controller manager missed its desired rate of 1000 Hz. The loop took 1.113023 ms (missed cycles : 2).'
file: /home/helenlu/texture_sort/src/third_party/kinova/ros2_control/controller_manager/src/ros2_control_node.cpp
function: operator()
line: 176
---
stamp:
  sec: 1778291872
  nanosec: 743354793
level: 30
name: controller_manager
msg: 'Overrun might occur, Total time : 1171.106 us (Expected < 1000.000 us) --> Read time : 16.267 us, Update time : 106.589 us, Writ...'
file: /home/helenlu/texture_sort/src/third_party/kinova/ros2_control/controller_manager/src/controller_manager.cpp
function: write
line: 3628
---
stamp:
  sec: 1778291873
  nanosec: 49471207
level: 30
name: controller_manager
msg: 'Overrun detected! The controller manager missed its desired rate of 1000 Hz. The loop took 3.352404 ms (missed cycles : 4).'
file: /home/helenlu/texture_sort/src/third_party/kinova/ros2_control/controller_manager/src/ros2_control_node.cpp
function: operator()
line: 176
---
stamp:
  sec: 1778291873
  nanosec: 744915582
level: 30
name: controller_manager
msg: 'Overrun might occur, Total time : 2760.598 us (Expected < 1000.000 us) --> Read time : 21.582 us, Update time : 165.393 us, Writ...'
file: /home/helenlu/texture_sort/src/third_party/kinova/ros2_control/controller_manager/src/controller_manager.cpp
function: write
line: 3628
---
stamp:
  sec: 1778291874
  nanosec: 50288788
level: 30
name: controller_manager
msg: 'Overrun detected! The controller manager missed its desired rate of 1000 Hz. The loop took 1.170485 ms (missed cycles : 2).'
file: /home/helenlu/texture_sort/src/third_party/kinova/ros2_control/controller_manager/src/ros2_control_node.cpp
function: operator()
line: 176
---
stamp:
  sec: 1778291874
  nanosec: 768964764
level: 30
name: controller_manager
msg: 'Overrun might occur, Total time : 2763.851 us (Expected < 1000.000 us) --> Read time : 21.024 us, Update time : 143.431 us, Writ...'
file: /home/helenlu/texture_sort/src/third_party/kinova/ros2_control/controller_manager/src/controller_manager.cpp
function: write
line: 3628
---
stamp:
  sec: 1778291875
  nanosec: 57201748
level: 30
name: controller_manager
msg: 'Overrun detected! The controller manager missed its desired rate of 1000 Hz. The loop took 1.082630 ms (missed cycles : 2).'
file: /home/helenlu/texture_sort/src/third_party/kinova/ros2_control/controller_manager/src/ros2_control_node.cpp
function: operator()
line: 176
---
stamp:
  sec: 1778291875
  nanosec: 770282228
level: 30
name: controller_manager
msg: 'Overrun might occur, Total time : 1069.388 us (Expected < 1000.000 us) --> Read time : 102.094 us, Update time : 351.978 us, Wri...'
file: /home/helenlu/texture_sort/src/third_party/kinova/ros2_control/controller_manager/src/controller_manager.cpp
function: write
line: 3628
---
stamp:
  sec: 1778291876
  nanosec: 57341918
level: 30
name: controller_manager
msg: 'Overrun detected! The controller manager missed its desired rate of 1000 Hz. The loop took 2.224317 ms (missed cycles : 3).'
file: /home/helenlu/texture_sort/src/third_party/kinova/ros2_control/controller_manager/src/ros2_control_node.cpp
function: operator()
line: 176
---
stamp:
  sec: 1778291876
  nanosec: 771035614
level: 30
name: controller_manager
msg: 'Overrun might occur, Total time : 1839.874 us (Expected < 1000.000 us) --> Read time : 79.514 us, Update time : 208.311 us, Writ...'
file: /home/helenlu/texture_sort/src/third_party/kinova/ros2_control/controller_manager/src/controller_manager.cpp
function: write
line: 3628
---
stamp:
  sec: 1778291877
  nanosec: 59003864
level: 30
name: controller_manager
msg: 'Overrun detected! The controller manager missed its desired rate of 1000 Hz. The loop took 1.885242 ms (missed cycles : 2).'
file: /home/helenlu/texture_sort/src/third_party/kinova/ros2_control/controller_manager/src/ros2_control_node.cpp
function: operator()
line: 176
---
stamp:
  sec: 1778291877
  nanosec: 771943415
level: 30
name: controller_manager
msg: 'Overrun might occur, Total time : 1769.354 us (Expected < 1000.000 us) --> Read time : 44.244 us, Update time : 272.764 us, Writ...'
file: /home/helenlu/texture_sort/src/third_party/kinova/ros2_control/controller_manager/src/controller_manager.cpp
function: write
line: 3628
---
stamp:
  sec: 1778291878
  nanosec: 61753349
level: 30
name: controller_manager
msg: 'Overrun detected! The controller manager missed its desired rate of 1000 Hz. The loop took 2.634552 ms (missed cycles : 3).'
file: /home/helenlu/texture_sort/src/third_party/kinova/ros2_control/controller_manager/src/ros2_control_node.cpp
function: operator()
line: 176
---
stamp:
  sec: 1778291878
  nanosec: 786619848
level: 30
name: controller_manager
msg: 'Overrun might occur, Total time : 1428.683 us (Expected < 1000.000 us) --> Read time : 23.238 us, Update time : 147.008 us, Writ...'
file: /home/helenlu/texture_sort/src/third_party/kinova/ros2_control/controller_manager/src/controller_manager.cpp
function: write
line: 3628
---
stamp:
  sec: 1778291879
  nanosec: 66578902
level: 30
name: controller_manager
msg: 'Overrun detected! The controller manager missed its desired rate of 1000 Hz. The loop took 1.460577 ms (missed cycles : 2).'
file: /home/helenlu/texture_sort/src/third_party/kinova/ros2_control/controller_manager/src/ros2_control_node.cpp
function: operator()
line: 176
---
stamp:
  sec: 1778291879
  nanosec: 805252613
level: 30
name: controller_manager
msg: 'Overrun might occur, Total time : 2902.004 us (Expected < 1000.000 us) --> Read time : 30.930 us, Update time : 197.481 us, Writ...'
file: /home/helenlu/texture_sort/src/third_party/kinova/ros2_control/controller_manager/src/controller_manager.cpp
function: write
line: 3628
---
stamp:
  sec: 1778291880
  nanosec: 68210991
level: 30
name: controller_manager
msg: 'Overrun detected! The controller manager missed its desired rate of 1000 Hz. The loop took 3.092668 ms (missed cycles : 4).'
file: /home/helenlu/texture_sort/src/third_party/kinova/ros2_control/controller_manager/src/ros2_control_node.cpp
function: operator()
line: 176
---
stamp:
  sec: 1778291880
  nanosec: 815972313
level: 30
name: controller_manager
msg: 'Overrun might occur, Total time : 1771.926 us (Expected < 1000.000 us) --> Read time : 25.208 us, Update time : 171.543 us, Writ...'
file: /home/helenlu/texture_sort/src/third_party/kinova/ros2_control/controller_manager/src/controller_manager.cpp
function: write
line: 3628
---
stamp:
  sec: 1778291881
  nanosec: 71187267
level: 30
name: controller_manager
msg: 'Overrun detected! The controller manager missed its desired rate of 1000 Hz. The loop took 1.067932 ms (missed cycles : 2).'
file: /home/helenlu/texture_sort/src/third_party/kinova/ros2_control/controller_manager/src/ros2_control_node.cpp
function: operator()
line: 176
---
stamp:
  sec: 1778291881
  nanosec: 818956370
level: 30
name: controller_manager
msg: 'Overrun might occur, Total time : 2756.598 us (Expected < 1000.000 us) --> Read time : 37.277 us, Update time : 236.852 us, Writ...'
file: /home/helenlu/texture_sort/src/third_party/kinova/ros2_control/controller_manager/src/controller_manager.cpp
function: write
line: 3628
---
stamp:
  sec: 1778291882
  nanosec: 97076076
level: 30
name: controller_manager
msg: 'Overrun detected! The controller manager missed its desired rate of 1000 Hz. The loop took 1.957442 ms (missed cycles : 2).'
file: /home/helenlu/texture_sort/src/third_party/kinova/ros2_control/controller_manager/src/ros2_control_node.cpp
function: operator()
line: 176
---
stamp:
  sec: 1778291882
  nanosec: 830979794
level: 30
name: controller_manager
msg: 'Overrun might occur, Total time : 1789.858 us (Expected < 1000.000 us) --> Read time : 18.940 us, Update time : 123.119 us, Writ...'
file: /home/helenlu/texture_sort/src/third_party/kinova/ros2_control/controller_manager/src/controller_manager.cpp
function: write
line: 3628
---
stamp:
  sec: 1778291883
  nanosec: 102322789
level: 30
name: controller_manager
msg: 'Overrun detected! The controller manager missed its desired rate of 1000 Hz. The loop took 2.203645 ms (missed cycles : 3).'
file: /home/helenlu/texture_sort/src/third_party/kinova/ros2_control/controller_manager/src/ros2_control_node.cpp
function: operator()
line: 176
---
stamp:
  sec: 1778291883
  nanosec: 844983311
level: 30
name: controller_manager
msg: 'Overrun might occur, Total time : 1780.339 us (Expected < 1000.000 us) --> Read time : 22.207 us, Update time : 156.382 us, Writ...'
file: /home/helenlu/texture_sort/src/third_party/kinova/ros2_control/controller_manager/src/controller_manager.cpp
function: write
line: 3628
---
stamp:
  sec: 1778291884
  nanosec: 106551324
level: 30
name: controller_manager
msg: 'Overrun detected! The controller manager missed its desired rate of 1000 Hz. The loop took 1.432958 ms (missed cycles : 2).'
file: /home/helenlu/texture_sort/src/third_party/kinova/ros2_control/controller_manager/src/ros2_control_node.cpp
function: operator()
line: 176
---
stamp:
  sec: 1778291884
  nanosec: 847096746
level: 30
name: controller_manager
msg: 'Overrun might occur, Total time : 1901.694 us (Expected < 1000.000 us) --> Read time : 23.409 us, Update time : 203.989 us, Writ...'
file: /home/helenlu/texture_sort/src/third_party/kinova/ros2_control/controller_manager/src/controller_manager.cpp
function: write
line: 3628
---
stamp:
  sec: 1778291885
  nanosec: 121956503
level: 30
name: controller_manager
msg: 'Overrun detected! The controller manager missed its desired rate of 1000 Hz. The loop took 2.836953 ms (missed cycles : 3).'
file: /home/helenlu/texture_sort/src/third_party/kinova/ros2_control/controller_manager/src/ros2_control_node.cpp
function: operator()
line: 176
---
stamp:
  sec: 1778291885
  nanosec: 868683835
level: 30
name: controller_manager
msg: 'Overrun might occur, Total time : 1494.456 us (Expected < 1000.000 us) --> Read time : 26.573 us, Update time : 220.459 us, Writ...'
file: /home/helenlu/texture_sort/src/third_party/kinova/ros2_control/controller_manager/src/controller_manager.cpp
function: write
line: 3628
---
stamp:
  sec: 1778291886
  nanosec: 136546863
level: 30
name: controller_manager
msg: 'Overrun detected! The controller manager missed its desired rate of 1000 Hz. The loop took 1.427966 ms (missed cycles : 2).'
file: /home/helenlu/texture_sort/src/third_party/kinova/ros2_control/controller_manager/src/ros2_control_node.cpp
function: operator()
line: 176
---
stamp:
  sec: 1778291886
  nanosec: 875565667
level: 30
name: controller_manager
msg: 'Overrun might occur, Total time : 1375.918 us (Expected < 1000.000 us) --> Read time : 23.367 us, Update time : 146.864 us, Writ...'
file: /home/helenlu/texture_sort/src/third_party/kinova/ros2_control/controller_manager/src/controller_manager.cpp
function: write
line: 3628
---
stamp:
  sec: 1778291887
  nanosec: 165121952
level: 30
name: controller_manager
msg: 'Overrun detected! The controller manager missed its desired rate of 1000 Hz. The loop took 1.001986 ms (missed cycles : 2).'
file: /home/helenlu/texture_sort/src/third_party/kinova/ros2_control/controller_manager/src/ros2_control_node.cpp
function: operator()
line: 176
---
stamp:
  sec: 1778291887
  nanosec: 875969764
level: 30
name: controller_manager
msg: 'Overrun might occur, Total time : 1737.424 us (Expected < 1000.000 us) --> Read time : 150.606 us, Update time : 793.086 us, Wri...'
file: /home/helenlu/texture_sort/src/third_party/kinova/ros2_control/controller_manager/src/controller_manager.cpp
function: write
line: 3628
---
stamp:
  sec: 1778291888
  nanosec: 174239419
level: 30
name: controller_manager
msg: 'Overrun detected! The controller manager missed its desired rate of 1000 Hz. The loop took 1.119405 ms (missed cycles : 2).'
file: /home/helenlu/texture_sort/src/third_party/kinova/ros2_control/controller_manager/src/ros2_control_node.cpp
function: operator()
line: 176
---
stamp:
  sec: 1778291888
  nanosec: 886317140
level: 30
name: controller_manager
msg: 'Overrun might occur, Total time : 1127.881 us (Expected < 1000.000 us) --> Read time : 25.186 us, Update time : 444.356 us, Writ...'
file: /home/helenlu/texture_sort/src/third_party/kinova/ros2_control/controller_manager/src/controller_manager.cpp
function: write
line: 3628
---
stamp:
  sec: 1778291889
  nanosec: 178378757
level: 30
name: controller_manager
msg: 'Overrun detected! The controller manager missed its desired rate of 1000 Hz. The loop took 1.260495 ms (missed cycles : 2).'
file: /home/helenlu/texture_sort/src/third_party/kinova/ros2_control/controller_manager/src/ros2_control_node.cpp
function: operator()
line: 176
---
stamp:
  sec: 1778291889
  nanosec: 892625912
level: 30
name: controller_manager
msg: 'Overrun might occur, Total time : 1439.028 us (Expected < 1000.000 us) --> Read time : 24.637 us, Update time : 147.913 us, Writ...'
file: /home/helenlu/texture_sort/src/third_party/kinova/ros2_control/controller_manager/src/controller_manager.cpp
function: write
line: 3628
---
stamp:
  sec: 1778291890
  nanosec: 179664147
level: 30
name: controller_manager
msg: 'Overrun detected! The controller manager missed its desired rate of 1000 Hz. The loop took 2.545852 ms (missed cycles : 3).'
file: /home/helenlu/texture_sort/src/third_party/kinova/ros2_control/controller_manager/src/ros2_control_node.cpp
function: operator()
line: 176
---
stamp:
  sec: 1778291890
  nanosec: 922656965
level: 30
name: controller_manager
msg: 'Overrun might occur, Total time : 1455.339 us (Expected < 1000.000 us) --> Read time : 24.781 us, Update time : 880.695 us, Writ...'
file: /home/helenlu/texture_sort/src/third_party/kinova/ros2_control/controller_manager/src/controller_manager.cpp
function: write
line: 3628
---
stamp:
  sec: 1778291891
  nanosec: 197345717
level: 30
name: controller_manager
msg: 'Overrun detected! The controller manager missed its desired rate of 1000 Hz. The loop took 1.227304 ms (missed cycles : 2).'
file: /home/helenlu/texture_sort/src/third_party/kinova/ros2_control/controller_manager/src/ros2_control_node.cpp
function: operator()
line: 176
---
stamp:
  sec: 1778291891
  nanosec: 929061211
level: 30
name: controller_manager
msg: 'Overrun might occur, Total time : 1850.961 us (Expected < 1000.000 us) --> Read time : 46.719 us, Update time : 1329.991 us, Wri...'
file: /home/helenlu/texture_sort/src/third_party/kinova/ros2_control/controller_manager/src/controller_manager.cpp
function: write
line: 3628
---
stamp:
  sec: 1778291892
  nanosec: 197705354
level: 30
name: controller_manager
msg: 'Overrun detected! The controller manager missed its desired rate of 1000 Hz. The loop took 2.586302 ms (missed cycles : 3).'
file: /home/helenlu/texture_sort/src/third_party/kinova/ros2_control/controller_manager/src/ros2_control_node.cpp
function: operator()
line: 176
---
stamp:
  sec: 1778291892
  nanosec: 938150470
level: 30
name: controller_manager
msg: 'Overrun might occur, Total time : 1954.593 us (Expected < 1000.000 us) --> Read time : 35.235 us, Update time : 223.797 us, Writ...'
file: /home/helenlu/texture_sort/src/third_party/kinova/ros2_control/controller_manager/src/controller_manager.cpp
function: write
line: 3628
---
stamp:
  sec: 1778291893
  nanosec: 204633573
level: 30
name: controller_manager
msg: 'Overrun detected! The controller manager missed its desired rate of 1000 Hz. The loop took 1.515129 ms (missed cycles : 2).'
file: /home/helenlu/texture_sort/src/third_party/kinova/ros2_control/controller_manager/src/ros2_control_node.cpp
function: operator()
line: 176
---
stamp:
  sec: 1778291893
  nanosec: 945946519
level: 30
name: controller_manager
msg: 'Overrun might occur, Total time : 1813.556 us (Expected < 1000.000 us) --> Read time : 71.481 us, Update time : 330.021 us, Writ...'
file: /home/helenlu/texture_sort/src/third_party/kinova/ros2_control/controller_manager/src/controller_manager.cpp
function: write
line: 3628
---
stamp:
  sec: 1778291894
  nanosec: 219204796
level: 30
name: controller_manager
msg: 'Overrun detected! The controller manager missed its desired rate of 1000 Hz. The loop took 1.086002 ms (missed cycles : 2).'
file: /home/helenlu/texture_sort/src/third_party/kinova/ros2_control/controller_manager/src/ros2_control_node.cpp
function: operator()
line: 176
---
stamp:
  sec: 1778291894
  nanosec: 964450566
level: 30
name: controller_manager
msg: 'Overrun might occur, Total time : 1433.400 us (Expected < 1000.000 us) --> Read time : 89.580 us, Update time : 324.244 us, Writ...'
file: /home/helenlu/texture_sort/src/third_party/kinova/ros2_control/controller_manager/src/controller_manager.cpp
function: write
line: 3628
---
stamp:
  sec: 1778291895
  nanosec: 240363668
level: 30
name: controller_manager
msg: 'Overrun detected! The controller manager missed its desired rate of 1000 Hz. The loop took 1.245171 ms (missed cycles : 2).'
file: /home/helenlu/texture_sort/src/third_party/kinova/ros2_control/controller_manager/src/ros2_control_node.cpp
function: operator()
line: 176
---
stamp:
  sec: 1778291895
  nanosec: 975587389
level: 30
name: controller_manager
msg: 'Overrun might occur, Total time : 1279.861 us (Expected < 1000.000 us) --> Read time : 24.092 us, Update time : 595.277 us, Writ...'
file: /home/helenlu/texture_sort/src/third_party/kinova/ros2_control/controller_manager/src/controller_manager.cpp
function: write
line: 3628
---
stamp:
  sec: 1778291896
  nanosec: 250881655
level: 30
name: controller_manager
msg: 'Overrun detected! The controller manager missed its desired rate of 1000 Hz. The loop took 1.763447 ms (missed cycles : 2).'
file: /home/helenlu/texture_sort/src/third_party/kinova/ros2_control/controller_manager/src/ros2_control_node.cpp
function: operator()
line: 176
---
stamp:
  sec: 1778291896
  nanosec: 981942141
level: 30
name: controller_manager
msg: 'Overrun might occur, Total time : 1679.260 us (Expected < 1000.000 us) --> Read time : 169.493 us, Update time : 343.769 us, Wri...'
file: /home/helenlu/texture_sort/src/third_party/kinova/ros2_control/controller_manager/src/controller_manager.cpp
function: write
line: 3628
---
stamp:
  sec: 1778291897
  nanosec: 250961972
level: 30
name: controller_manager
msg: 'Overrun detected! The controller manager missed its desired rate of 1000 Hz. The loop took 1.842792 ms (missed cycles : 2).'
file: /home/helenlu/texture_sort/src/third_party/kinova/ros2_control/controller_manager/src/ros2_control_node.cpp
function: operator()
line: 176
---
stamp:
  sec: 1778291897
  nanosec: 981980859
level: 30
name: controller_manager
msg: 'Overrun might occur, Total time : 1782.851 us (Expected < 1000.000 us) --> Read time : 27.951 us, Update time : 197.162 us, Writ...'
file: /home/helenlu/texture_sort/src/third_party/kinova/ros2_control/controller_manager/src/controller_manager.cpp
function: write
line: 3628
---
stamp:
  sec: 1778291898
  nanosec: 254735159
level: 30
name: controller_manager
msg: 'Overrun detected! The controller manager missed its desired rate of 1000 Hz. The loop took 2.616725 ms (missed cycles : 3).'
file: /home/helenlu/texture_sort/src/third_party/kinova/ros2_control/controller_manager/src/ros2_control_node.cpp
function: operator()
line: 176
---
stamp:
  sec: 1778291898
  nanosec: 985927471
level: 30
name: controller_manager
msg: 'Overrun might occur, Total time : 1727.503 us (Expected < 1000.000 us) --> Read time : 24.813 us, Update time : 156.050 us, Writ...'
file: /home/helenlu/texture_sort/src/third_party/kinova/ros2_control/controller_manager/src/controller_manager.cpp
function: write
line: 3628
---
stamp:
  sec: 1778291899
  nanosec: 261094356
level: 30
name: controller_manager
msg: 'Overrun detected! The controller manager missed its desired rate of 1000 Hz. The loop took 3.975326 ms (missed cycles : 4).'
file: /home/helenlu/texture_sort/src/third_party/kinova/ros2_control/controller_manager/src/ros2_control_node.cpp
function: operator()
line: 176
---
stamp:
  sec: 1778291899
  nanosec: 992237476
level: 30
name: controller_manager
msg: 'Overrun might occur, Total time : 2027.559 us (Expected < 1000.000 us) --> Read time : 34.952 us, Update time : 235.640 us, Writ...'
file: /home/helenlu/texture_sort/src/third_party/kinova/ros2_control/controller_manager/src/controller_manager.cpp
function: write
line: 3628
---
stamp:
  sec: 1778291900
  nanosec: 268266865
level: 30
name: controller_manager
msg: 'Overrun detected! The controller manager missed its desired rate of 1000 Hz. The loop took 1.148373 ms (missed cycles : 2).'
file: /home/helenlu/texture_sort/src/third_party/kinova/ros2_control/controller_manager/src/ros2_control_node.cpp
function: operator()
line: 176
---
stamp:
  sec: 1778291900
  nanosec: 992377401
level: 30
name: controller_manager
msg: 'Overrun might occur, Total time : 1188.191 us (Expected < 1000.000 us) --> Read time : 66.087 us, Update time : 454.771 us, Writ...'
file: /home/helenlu/texture_sort/src/third_party/kinova/ros2_control/controller_manager/src/controller_manager.cpp
function: write
line: 3628
---
stamp:
  sec: 1778291901
  nanosec: 273277022
level: 30
name: controller_manager
msg: 'Overrun detected! The controller manager missed its desired rate of 1000 Hz. The loop took 1.158468 ms (missed cycles : 2).'
file: /home/helenlu/texture_sort/src/third_party/kinova/ros2_control/controller_manager/src/ros2_control_node.cpp
function: operator()
line: 176
---
stamp:
  sec: 1778291901
  nanosec: 994283066
level: 30
name: controller_manager
msg: 'Overrun might occur, Total time : 1077.138 us (Expected < 1000.000 us) --> Read time : 125.851 us, Update time : 201.411 us, Wri...'
file: /home/helenlu/texture_sort/src/third_party/kinova/ros2_control/controller_manager/src/controller_manager.cpp
function: write
line: 3628
---
stamp:
  sec: 1778291902
  nanosec: 284932619
level: 30
name: controller_manager
msg: 'Overrun detected! The controller manager missed its desired rate of 1000 Hz. The loop took 1.814738 ms (missed cycles : 2).'
file: /home/helenlu/texture_sort/src/third_party/kinova/ros2_control/controller_manager/src/ros2_control_node.cpp
function: operator()
line: 176
---
stamp:
  sec: 1778291903
  nanosec: 4379340
level: 30
name: controller_manager
msg: 'Overrun might occur, Total time : 1185.923 us (Expected < 1000.000 us) --> Read time : 26.679 us, Update time : 172.069 us, Writ...'
file: /home/helenlu/texture_sort/src/third_party/kinova/ros2_control/controller_manager/src/controller_manager.cpp
function: write
line: 3628
---
stamp:
  sec: 1778291903
  nanosec: 307126328
level: 30
name: controller_manager
msg: 'Overrun detected! The controller manager missed its desired rate of 1000 Hz. The loop took 3.007155 ms (missed cycles : 4).'
file: /home/helenlu/texture_sort/src/third_party/kinova/ros2_control/controller_manager/src/ros2_control_node.cpp
function: operator()
line: 176
---
stamp:
  sec: 1778291904
  nanosec: 15057681
level: 30
name: controller_manager
msg: 'Overrun might occur, Total time : 4850.769 us (Expected < 1000.000 us) --> Read time : 27.724 us, Update time : 184.730 us, Writ...'
file: /home/helenlu/texture_sort/src/third_party/kinova/ros2_control/controller_manager/src/controller_manager.cpp
function: write
line: 3628
---
stamp:
  sec: 1778291904
  nanosec: 311135151
level: 30
name: controller_manager
msg: 'Overrun detected! The controller manager missed its desired rate of 1000 Hz. The loop took 2.016737 ms (missed cycles : 3).'
file: /home/helenlu/texture_sort/src/third_party/kinova/ros2_control/controller_manager/src/ros2_control_node.cpp
function: operator()
line: 176
---
stamp:
  sec: 1778291905
  nanosec: 33855635
level: 30
name: controller_manager
msg: 'Overrun might occur, Total time : 1665.562 us (Expected < 1000.000 us) --> Read time : 23.950 us, Update time : 141.101 us, Writ...'
file: /home/helenlu/texture_sort/src/third_party/kinova/ros2_control/controller_manager/src/controller_manager.cpp
function: write
line: 3628
---
stamp:
  sec: 1778291905
  nanosec: 325792294
level: 30
name: controller_manager
msg: 'Overrun detected! The controller manager missed its desired rate of 1000 Hz. The loop took 2.672967 ms (missed cycles : 3).'
file: /home/helenlu/texture_sort/src/third_party/kinova/ros2_control/controller_manager/src/ros2_control_node.cpp
function: operator()
line: 176
---
stamp:
  sec: 1778291906
  nanosec: 36486822
level: 30
name: controller_manager
msg: 'Overrun might occur, Total time : 3287.465 us (Expected < 1000.000 us) --> Read time : 25.027 us, Update time : 176.403 us, Writ...'
file: /home/helenlu/texture_sort/src/third_party/kinova/ros2_control/controller_manager/src/controller_manager.cpp
function: write
line: 3628
---
stamp:
  sec: 1778291906
  nanosec: 335284920
level: 30
name: controller_manager
msg: 'Overrun detected! The controller manager missed its desired rate of 1000 Hz. The loop took 2.166099 ms (missed cycles : 3).'
file: /home/helenlu/texture_sort/src/third_party/kinova/ros2_control/controller_manager/src/ros2_control_node.cpp
function: operator()
line: 176
---
stamp:
  sec: 1778291907
  nanosec: 49031447
level: 30
name: controller_manager
msg: 'Overrun might occur, Total time : 3833.727 us (Expected < 1000.000 us) --> Read time : 23.435 us, Update time : 157.869 us, Writ...'
file: /home/helenlu/texture_sort/src/third_party/kinova/ros2_control/controller_manager/src/controller_manager.cpp
function: write
line: 3628
---
stamp:
  sec: 1778291907
  nanosec: 348421587
level: 30
name: controller_manager
msg: 'Overrun detected! The controller manager missed its desired rate of 1000 Hz. The loop took 1.302953 ms (missed cycles : 2).'
file: /home/helenlu/texture_sort/src/third_party/kinova/ros2_control/controller_manager/src/ros2_control_node.cpp
function: operator()
line: 176
---
stamp:
  sec: 1778291908
  nanosec: 77278567
level: 30
name: controller_manager
msg: 'Overrun might occur, Total time : 3083.435 us (Expected < 1000.000 us) --> Read time : 25.395 us, Update time : 193.110 us, Writ...'
file: /home/helenlu/texture_sort/src/third_party/kinova/ros2_control/controller_manager/src/controller_manager.cpp
function: write
line: 3628
---
stamp:
  sec: 1778291908
  nanosec: 353218110
level: 30
name: controller_manager
msg: 'Overrun detected! The controller manager missed its desired rate of 1000 Hz. The loop took 1.099060 ms (missed cycles : 2).'
file: /home/helenlu/texture_sort/src/third_party/kinova/ros2_control/controller_manager/src/ros2_control_node.cpp
function: operator()
line: 176
---
stamp:
  sec: 1778291909
  nanosec: 78611477
level: 30
name: controller_manager
msg: 'Overrun might occur, Total time : 1397.470 us (Expected < 1000.000 us) --> Read time : 55.786 us, Update time : 549.389 us, Writ...'
file: /home/helenlu/texture_sort/src/third_party/kinova/ros2_control/controller_manager/src/controller_manager.cpp
function: write
line: 3628
---
stamp:
  sec: 1778291909
  nanosec: 365592922
level: 30
name: controller_manager
msg: 'Overrun detected! The controller manager missed its desired rate of 1000 Hz. The loop took 1.474861 ms (missed cycles : 2).'
file: /home/helenlu/texture_sort/src/third_party/kinova/ros2_control/controller_manager/src/ros2_control_node.cpp
function: operator()
line: 176
---
stamp:
  sec: 1778291910
  nanosec: 79626278
level: 30
name: controller_manager
msg: 'Overrun might occur, Total time : 1395.117 us (Expected < 1000.000 us) --> Read time : 108.845 us, Update time : 647.096 us, Wri...'
file: /home/helenlu/texture_sort/src/third_party/kinova/ros2_control/controller_manager/src/controller_manager.cpp
function: write
line: 3628
---
stamp:
  sec: 1778291910
  nanosec: 372010892
level: 30
name: controller_manager
msg: 'Overrun detected! The controller manager missed its desired rate of 1000 Hz. The loop took 2.892858 ms (missed cycles : 3).'
file: /home/helenlu/texture_sort/src/third_party/kinova/ros2_control/controller_manager/src/ros2_control_node.cpp
function: operator()
line: 176
---
stamp:
  sec: 1778291911
  nanosec: 80230060
level: 30
name: controller_manager
msg: 'Overrun might occur, Total time : 1032.641 us (Expected < 1000.000 us) --> Read time : 43.957 us, Update time : 267.778 us, Writ...'
file: /home/helenlu/texture_sort/src/third_party/kinova/ros2_control/controller_manager/src/controller_manager.cpp
function: write
line: 3628
---
stamp:
  sec: 1778291911
  nanosec: 373195697
level: 30
name: controller_manager
msg: 'Overrun detected! The controller manager missed its desired rate of 1000 Hz. The loop took 1.076734 ms (missed cycles : 2).'
file: /home/helenlu/texture_sort/src/third_party/kinova/ros2_control/controller_manager/src/ros2_control_node.cpp
function: operator()
line: 176
---
stamp:
  sec: 1778291912
  nanosec: 82007509
level: 30
name: controller_manager
msg: 'Overrun might occur, Total time : 2816.241 us (Expected < 1000.000 us) --> Read time : 19.341 us, Update time : 118.244 us, Writ...'
file: /home/helenlu/texture_sort/src/third_party/kinova/ros2_control/controller_manager/src/controller_manager.cpp
function: write
line: 3628
---
stamp:
  sec: 1778291912
  nanosec: 374836259
level: 30
name: controller_manager
msg: 'Overrun detected! The controller manager missed its desired rate of 1000 Hz. The loop took 1.717562 ms (missed cycles : 2).'
file: /home/helenlu/texture_sort/src/third_party/kinova/ros2_control/controller_manager/src/ros2_control_node.cpp
function: operator()
line: 176
---
stamp:
  sec: 1778291913
  nanosec: 86063966
level: 30
name: controller_manager
msg: 'Overrun might occur, Total time : 3448.824 us (Expected < 1000.000 us) --> Read time : 198.432 us, Update time : 287.642 us, Wri...'
file: /home/helenlu/texture_sort/src/third_party/kinova/ros2_control/controller_manager/src/controller_manager.cpp
function: write
line: 3628
---
stamp:
  sec: 1778291913
  nanosec: 375485695
level: 30
name: controller_manager
msg: 'Overrun detected! The controller manager missed its desired rate of 1000 Hz. The loop took 1.366841 ms (missed cycles : 2).'
file: /home/helenlu/texture_sort/src/third_party/kinova/ros2_control/controller_manager/src/ros2_control_node.cpp
function: operator()
line: 176
---
stamp:
  sec: 1778291914
  nanosec: 100697027
level: 30
name: controller_manager
msg: 'Overrun might occur, Total time : 1227.622 us (Expected < 1000.000 us) --> Read time : 71.655 us, Update time : 264.118 us, Writ...'
file: /home/helenlu/texture_sort/src/third_party/kinova/ros2_control/controller_manager/src/controller_manager.cpp
function: write
line: 3628
---
stamp:
  sec: 1778291914
  nanosec: 378358308
level: 30
name: controller_manager
msg: 'Overrun detected! The controller manager missed its desired rate of 1000 Hz. The loop took 1.239994 ms (missed cycles : 2).'
file: /home/helenlu/texture_sort/src/third_party/kinova/ros2_control/controller_manager/src/ros2_control_node.cpp
function: operator()
line: 176
---
stamp:
  sec: 1778291915
  nanosec: 109228374
level: 30
name: controller_manager
msg: 'Overrun might occur, Total time : 1036.958 us (Expected < 1000.000 us) --> Read time : 26.130 us, Update time : 167.105 us, Writ...'
file: /home/helenlu/texture_sort/src/third_party/kinova/ros2_control/controller_manager/src/controller_manager.cpp
function: write
line: 3628
---
stamp:
  sec: 1778291915
  nanosec: 378958704
level: 30
name: controller_manager
msg: 'Overrun detected! The controller manager missed its desired rate of 1000 Hz. The loop took 2.839672 ms (missed cycles : 3).'
file: /home/helenlu/texture_sort/src/third_party/kinova/ros2_control/controller_manager/src/ros2_control_node.cpp
function: operator()
line: 176
---
stamp:
  sec: 1778291916
  nanosec: 122684355
level: 30
name: controller_manager
msg: 'Overrun might occur, Total time : 2494.021 us (Expected < 1000.000 us) --> Read time : 20.239 us, Update time : 130.206 us, Writ...'
file: /home/helenlu/texture_sort/src/third_party/kinova/ros2_control/controller_manager/src/controller_manager.cpp
function: write
line: 3628
---
stamp:
  sec: 1778291916
  nanosec: 383203810
level: 30
name: controller_manager
msg: 'Overrun detected! The controller manager missed its desired rate of 1000 Hz. The loop took 1.083878 ms (missed cycles : 2).'
file: /home/helenlu/texture_sort/src/third_party/kinova/ros2_control/controller_manager/src/ros2_control_node.cpp
function: operator()
line: 176
---
stamp:
  sec: 1778291917
  nanosec: 150575862
level: 30
name: controller_manager
msg: 'Overrun might occur, Total time : 1235.344 us (Expected < 1000.000 us) --> Read time : 36.134 us, Update time : 249.239 us, Writ...'
file: /home/helenlu/texture_sort/src/third_party/kinova/ros2_control/controller_manager/src/controller_manager.cpp
function: write
line: 3628
---
stamp:
  sec: 1778291917
  nanosec: 401784678
level: 30
name: controller_manager
msg: 'Overrun detected! The controller manager missed its desired rate of 1000 Hz. The loop took 2.666265 ms (missed cycles : 3).'
file: /home/helenlu/texture_sort/src/third_party/kinova/ros2_control/controller_manager/src/ros2_control_node.cpp
function: operator()
line: 176
---
stamp:
  sec: 1778291918
  nanosec: 155725593
level: 30
name: controller_manager
msg: 'Overrun might occur, Total time : 1532.867 us (Expected < 1000.000 us) --> Read time : 28.567 us, Update time : 892.821 us, Writ...'
file: /home/helenlu/texture_sort/src/third_party/kinova/ros2_control/controller_manager/src/controller_manager.cpp
function: write
line: 3628
---
stamp:
  sec: 1778291918
  nanosec: 413171777
level: 30
name: controller_manager
msg: 'Overrun detected! The controller manager missed its desired rate of 1000 Hz. The loop took 1.052555 ms (missed cycles : 2).'
file: /home/helenlu/texture_sort/src/third_party/kinova/ros2_control/controller_manager/src/ros2_control_node.cpp
function: operator()
line: 176
---
stamp:
  sec: 1778291919
  nanosec: 182356021
level: 30
name: controller_manager
msg: 'Overrun might occur, Total time : 1151.757 us (Expected < 1000.000 us) --> Read time : 33.517 us, Update time : 272.962 us, Writ...'
file: /home/helenlu/texture_sort/src/third_party/kinova/ros2_control/controller_manager/src/controller_manager.cpp
function: write
line: 3628
---
stamp:
  sec: 1778291919
  nanosec: 415043289
level: 30
name: controller_manager
msg: 'Overrun detected! The controller manager missed its desired rate of 1000 Hz. The loop took 1.925072 ms (missed cycles : 2).'
file: /home/helenlu/texture_sort/src/third_party/kinova/ros2_control/controller_manager/src/ros2_control_node.cpp
function: operator()
line: 176
---
stamp:
  sec: 1778291920
  nanosec: 188368965
level: 30
name: controller_manager
msg: 'Overrun might occur, Total time : 1184.275 us (Expected < 1000.000 us) --> Read time : 23.441 us, Update time : 228.246 us, Writ...'
file: /home/helenlu/texture_sort/src/third_party/kinova/ros2_control/controller_manager/src/controller_manager.cpp
function: write
line: 3628
---
stamp:
  sec: 1778291920
  nanosec: 417540148
level: 30
name: controller_manager
msg: 'Overrun detected! The controller manager missed its desired rate of 1000 Hz. The loop took 1.421266 ms (missed cycles : 2).'
file: /home/helenlu/texture_sort/src/third_party/kinova/ros2_control/controller_manager/src/ros2_control_node.cpp
function: operator()
line: 176
---
stamp:
  sec: 1778291921
  nanosec: 217725263
level: 30
name: controller_manager
msg: 'Overrun might occur, Total time : 2527.615 us (Expected < 1000.000 us) --> Read time : 34.851 us, Update time : 264.582 us, Writ...'
file: /home/helenlu/texture_sort/src/third_party/kinova/ros2_control/controller_manager/src/controller_manager.cpp
function: write
line: 3628
---
stamp:
  sec: 1778291921
  nanosec: 418164211
level: 30
name: controller_manager
msg: 'Overrun detected! The controller manager missed its desired rate of 1000 Hz. The loop took 1.045411 ms (missed cycles : 2).'
file: /home/helenlu/texture_sort/src/third_party/kinova/ros2_control/controller_manager/src/ros2_control_node.cpp
function: operator()
line: 176
---
stamp:
  sec: 1778291922
  nanosec: 220344853
level: 30
name: controller_manager
msg: 'Overrun might occur, Total time : 5131.691 us (Expected < 1000.000 us) --> Read time : 55.670 us, Update time : 220.736 us, Writ...'
file: /home/helenlu/texture_sort/src/third_party/kinova/ros2_control/controller_manager/src/controller_manager.cpp
function: write
line: 3628
---
stamp:
  sec: 1778291922
  nanosec: 437198923
level: 30
name: controller_manager
msg: 'Overrun detected! The controller manager missed its desired rate of 1000 Hz. The loop took 1.079505 ms (missed cycles : 2).'
file: /home/helenlu/texture_sort/src/third_party/kinova/ros2_control/controller_manager/src/ros2_control_node.cpp
function: operator()
line: 176
---
stamp:
  sec: 1778291923
  nanosec: 234749257
level: 30
name: controller_manager
msg: 'Overrun might occur, Total time : 1523.701 us (Expected < 1000.000 us) --> Read time : 140.783 us, Update time : 804.113 us, Wri...'
file: /home/helenlu/texture_sort/src/third_party/kinova/ros2_control/controller_manager/src/controller_manager.cpp
function: write
line: 3628
---
stamp:
  sec: 1778291923
  nanosec: 470712715
level: 30
name: controller_manager
msg: 'Overrun detected! The controller manager missed its desired rate of 1000 Hz. The loop took 2.593703 ms (missed cycles : 3).'
file: /home/helenlu/texture_sort/src/third_party/kinova/ros2_control/controller_manager/src/ros2_control_node.cpp
function: operator()
line: 176
---
stamp:
  sec: 1778291924
  nanosec: 235201335
level: 30
name: controller_manager
msg: 'Overrun might occur, Total time : 1009.649 us (Expected < 1000.000 us) --> Read time : 41.031 us, Update time : 247.075 us, Writ...'
file: /home/helenlu/texture_sort/src/third_party/kinova/ros2_control/controller_manager/src/controller_manager.cpp
function: write
line: 3628
---
stamp:
  sec: 1778291924
  nanosec: 473240616
level: 30
name: controller_manager
msg: 'Overrun detected! The controller manager missed its desired rate of 1000 Hz. The loop took 1.121465 ms (missed cycles : 2).'
file: /home/helenlu/texture_sort/src/third_party/kinova/ros2_control/controller_manager/src/ros2_control_node.cpp
function: operator()
line: 176
---
stamp:
  sec: 1778291925
  nanosec: 237210319
level: 30
name: controller_manager
msg: 'Overrun might occur, Total time : 1006.193 us (Expected < 1000.000 us) --> Read time : 23.508 us, Update time : 365.778 us, Writ...'
file: /home/helenlu/texture_sort/src/third_party/kinova/ros2_control/controller_manager/src/controller_manager.cpp
function: write
line: 3628
---
stamp:
  sec: 1778291925
  nanosec: 474493414
level: 30
name: controller_manager
msg: 'Overrun detected! The controller manager missed its desired rate of 1000 Hz. The loop took 2.375103 ms (missed cycles : 3).'
file: /home/helenlu/texture_sort/src/third_party/kinova/ros2_control/controller_manager/src/ros2_control_node.cpp
function: operator()
line: 176
---
stamp:
  sec: 1778291926
  nanosec: 249331065
level: 30
name: controller_manager
msg: 'Overrun might occur, Total time : 1132.584 us (Expected < 1000.000 us) --> Read time : 24.930 us, Update time : 172.730 us, Writ...'
file: /home/helenlu/texture_sort/src/third_party/kinova/ros2_control/controller_manager/src/controller_manager.cpp
function: write
line: 3628
---
stamp:
  sec: 1778291926
  nanosec: 475591131
level: 30
name: controller_manager
msg: 'Overrun detected! The controller manager missed its desired rate of 1000 Hz. The loop took 1.472620 ms (missed cycles : 2).'
file: /home/helenlu/texture_sort/src/third_party/kinova/ros2_control/controller_manager/src/ros2_control_node.cpp
function: operator()
line: 176
---
stamp:
  sec: 1778291927
  nanosec: 251005609
level: 30
name: controller_manager
msg: 'Overrun might occur, Total time : 2796.946 us (Expected < 1000.000 us) --> Read time : 63.321 us, Update time : 464.022 us, Writ...'
file: /home/helenlu/texture_sort/src/third_party/kinova/ros2_control/controller_manager/src/controller_manager.cpp
function: write
line: 3628
---
stamp:
  sec: 1778291927
  nanosec: 478988057
level: 30
name: controller_manager
msg: 'Overrun detected! The controller manager missed its desired rate of 1000 Hz. The loop took 3.869118 ms (missed cycles : 4).'
file: /home/helenlu/texture_sort/src/third_party/kinova/ros2_control/controller_manager/src/ros2_control_node.cpp
function: operator()
line: 176
---
stamp:
  sec: 1778291928
  nanosec: 252541452
level: 30
name: controller_manager
msg: 'Overrun might occur, Total time : 1291.802 us (Expected < 1000.000 us) --> Read time : 25.337 us, Update time : 642.074 us, Writ...'
file: /home/helenlu/texture_sort/src/third_party/kinova/ros2_control/controller_manager/src/controller_manager.cpp
function: write
line: 3628
---
stamp:
  sec: 1778291928
  nanosec: 504622081
level: 30
name: controller_manager
msg: 'Overrun detected! The controller manager missed its desired rate of 1000 Hz. The loop took 2.503534 ms (missed cycles : 3).'
file: /home/helenlu/texture_sort/src/third_party/kinova/ros2_control/controller_manager/src/ros2_control_node.cpp
function: operator()
line: 176
---
stamp:
  sec: 1778291929
  nanosec: 252655407
level: 30
name: controller_manager
msg: 'Overrun might occur, Total time : 9978.720 us (Expected < 1000.000 us) --> Read time : 53.069 us, Update time : 6079.494 us, Wri...'
file: /home/helenlu/texture_sort/src/third_party/kinova/ros2_control/controller_manager/src/controller_manager.cpp
function: write
line: 3628
---
stamp:
  sec: 1778291929
  nanosec: 515826966
level: 30
name: controller_manager
msg: 'Overrun detected! The controller manager missed its desired rate of 1000 Hz. The loop took 1.708535 ms (missed cycles : 2).'
file: /home/helenlu/texture_sort/src/third_party/kinova/ros2_control/controller_manager/src/ros2_control_node.cpp
function: operator()
line: 176
---
stamp:
  sec: 1778291930
  nanosec: 266618743
level: 30
name: controller_manager
msg: 'Overrun might occur, Total time : 1419.771 us (Expected < 1000.000 us) --> Read time : 23.981 us, Update time : 215.147 us, Writ...'
file: /home/helenlu/texture_sort/src/third_party/kinova/ros2_control/controller_manager/src/controller_manager.cpp
function: write
line: 3628
---
stamp:
  sec: 1778291930
  nanosec: 517925886
level: 30
name: controller_manager
msg: 'Overrun detected! The controller manager missed its desired rate of 1000 Hz. The loop took 1.807555 ms (missed cycles : 2).'
file: /home/helenlu/texture_sort/src/third_party/kinova/ros2_control/controller_manager/src/ros2_control_node.cpp
function: operator()
line: 176
---
stamp:
  sec: 1778291931
  nanosec: 283482864
level: 30
name: controller_manager
msg: 'Overrun might occur, Total time : 4304.749 us (Expected < 1000.000 us) --> Read time : 32.386 us, Update time : 247.757 us, Writ...'
file: /home/helenlu/texture_sort/src/third_party/kinova/ros2_control/controller_manager/src/controller_manager.cpp
function: write
line: 3628
---
stamp:
  sec: 1778291931
  nanosec: 523192072
level: 30
name: controller_manager
msg: 'Overrun detected! The controller manager missed its desired rate of 1000 Hz. The loop took 1.072464 ms (missed cycles : 2).'
file: /home/helenlu/texture_sort/src/third_party/kinova/ros2_control/controller_manager/src/ros2_control_node.cpp
function: operator()
line: 176
---
stamp:
  sec: 1778291932
  nanosec: 302306486
level: 30
name: controller_manager
msg: 'Overrun might occur, Total time : 1079.510 us (Expected < 1000.000 us) --> Read time : 24.107 us, Update time : 651.950 us, Writ...'
file: /home/helenlu/texture_sort/src/third_party/kinova/ros2_control/controller_manager/src/controller_manager.cpp
function: write
line: 3628
---
stamp:
  sec: 1778291932
  nanosec: 524736559
level: 30
name: controller_manager
msg: 'Overrun detected! The controller manager missed its desired rate of 1000 Hz. The loop took 5.617936 ms (missed cycles : 6).'
file: /home/helenlu/texture_sort/src/third_party/kinova/ros2_control/controller_manager/src/ros2_control_node.cpp
function: operator()
line: 176
---
stamp:
  sec: 1778291933
  nanosec: 316063526
level: 30
name: controller_manager
msg: 'Overrun might occur, Total time : 3872.425 us (Expected < 1000.000 us) --> Read time : 18.925 us, Update time : 109.405 us, Writ...'
file: /home/helenlu/texture_sort/src/third_party/kinova/ros2_control/controller_manager/src/controller_manager.cpp
function: write
line: 3628
---
stamp:
  sec: 1778291933
  nanosec: 528522478
level: 30
name: controller_manager
msg: 'Overrun detected! The controller manager missed its desired rate of 1000 Hz. The loop took 1.404387 ms (missed cycles : 2).'
file: /home/helenlu/texture_sort/src/third_party/kinova/ros2_control/controller_manager/src/ros2_control_node.cpp
function: operator()
line: 176
---
stamp:
  sec: 1778291934
  nanosec: 318948120
level: 30
name: controller_manager
msg: 'Overrun might occur, Total time : 1732.442 us (Expected < 1000.000 us) --> Read time : 22.460 us, Update time : 160.627 us, Writ...'
file: /home/helenlu/texture_sort/src/third_party/kinova/ros2_control/controller_manager/src/controller_manager.cpp
function: write
line: 3628
---
stamp:
  sec: 1778291934
  nanosec: 543127013
level: 30
name: controller_manager
msg: 'Overrun detected! The controller manager missed its desired rate of 1000 Hz. The loop took 1.007644 ms (missed cycles : 2).'
file: /home/helenlu/texture_sort/src/third_party/kinova/ros2_control/controller_manager/src/ros2_control_node.cpp
function: operator()
line: 176
---
stamp:
  sec: 1778291935
  nanosec: 321682422
level: 30
name: controller_manager
msg: 'Overrun might occur, Total time : 2340.510 us (Expected < 1000.000 us) --> Read time : 100.272 us, Update time : 1661.435 us, Wr...'
file: /home/helenlu/texture_sort/src/third_party/kinova/ros2_control/controller_manager/src/controller_manager.cpp
function: write
line: 3628
---
stamp:
  sec: 1778291935
  nanosec: 548782000
level: 30
name: controller_manager
msg: 'Overrun detected! The controller manager missed its desired rate of 1000 Hz. The loop took 2.663320 ms (missed cycles : 3).'
file: /home/helenlu/texture_sort/src/third_party/kinova/ros2_control/controller_manager/src/ros2_control_node.cpp
function: operator()
line: 176
---
stamp:
  sec: 1778291936
  nanosec: 330290064
level: 30
name: controller_manager
msg: 'Overrun might occur, Total time : 1100.324 us (Expected < 1000.000 us) --> Read time : 43.496 us, Update time : 642.430 us, Writ...'
file: /home/helenlu/texture_sort/src/third_party/kinova/ros2_control/controller_manager/src/controller_manager.cpp
function: write
line: 3628
---
stamp:
  sec: 1778291936
  nanosec: 548843852
level: 30
name: controller_manager
msg: 'Overrun detected! The controller manager missed its desired rate of 1000 Hz. The loop took 1.725146 ms (missed cycles : 2).'
file: /home/helenlu/texture_sort/src/third_party/kinova/ros2_control/controller_manager/src/ros2_control_node.cpp
function: operator()
line: 176
---
stamp:
  sec: 1778291937
  nanosec: 337654371
level: 30
name: controller_manager
msg: 'Overrun might occur, Total time : 1454.673 us (Expected < 1000.000 us) --> Read time : 26.209 us, Update time : 181.178 us, Writ...'
file: /home/helenlu/texture_sort/src/third_party/kinova/ros2_control/controller_manager/src/controller_manager.cpp
function: write
line: 3628
---
stamp:
  sec: 1778291937
  nanosec: 550804768
level: 30
name: controller_manager
msg: 'Overrun detected! The controller manager missed its desired rate of 1000 Hz. The loop took 1.686237 ms (missed cycles : 2).'
file: /home/helenlu/texture_sort/src/third_party/kinova/ros2_control/controller_manager/src/ros2_control_node.cpp
function: operator()
line: 176
---
stamp:
  sec: 1778291938
  nanosec: 342713731
level: 30
name: controller_manager
msg: 'Overrun might occur, Total time : 2430.729 us (Expected < 1000.000 us) --> Read time : 33.952 us, Update time : 239.805 us, Writ...'
file: /home/helenlu/texture_sort/src/third_party/kinova/ros2_control/controller_manager/src/controller_manager.cpp
function: write
line: 3628
---
stamp:
  sec: 1778291938
  nanosec: 552015375
level: 30
name: controller_manager
msg: 'Overrun detected! The controller manager missed its desired rate of 1000 Hz. The loop took 6.896431 ms (missed cycles : 7).'
file: /home/helenlu/texture_sort/src/third_party/kinova/ros2_control/controller_manager/src/ros2_control_node.cpp
function: operator()
line: 176
---
stamp:
  sec: 1778291939
  nanosec: 343369406
level: 30
name: controller_manager
msg: 'Overrun might occur, Total time : 2143.427 us (Expected < 1000.000 us) --> Read time : 141.501 us, Update time : 469.010 us, Wri...'
file: /home/helenlu/texture_sort/src/third_party/kinova/ros2_control/controller_manager/src/controller_manager.cpp
function: write
line: 3628
---
stamp:
  sec: 1778291939
  nanosec: 559128406
level: 30
name: controller_manager
msg: 'Overrun detected! The controller manager missed its desired rate of 1000 Hz. The loop took 1.009844 ms (missed cycles : 2).'
file: /home/helenlu/texture_sort/src/third_party/kinova/ros2_control/controller_manager/src/ros2_control_node.cpp
function: operator()
line: 176
---
stamp:
  sec: 1778291940
  nanosec: 415705659
level: 30
name: controller_manager
msg: 'Overrun might occur, Total time : 3525.888 us (Expected < 1000.000 us) --> Read time : 19.515 us, Update time : 119.216 us, Writ...'
file: /home/helenlu/texture_sort/src/third_party/kinova/ros2_control/controller_manager/src/controller_manager.cpp
function: write
line: 3628
---
stamp:
  sec: 1778291940
  nanosec: 559553932
level: 30
name: controller_manager
msg: 'Overrun detected! The controller manager missed its desired rate of 1000 Hz. The loop took 2.434996 ms (missed cycles : 3).'
file: /home/helenlu/texture_sort/src/third_party/kinova/ros2_control/controller_manager/src/ros2_control_node.cpp
function: operator()
line: 176
---
stamp:
  sec: 1778291941
  nanosec: 416375027
level: 30
name: controller_manager
msg: 'Overrun might occur, Total time : 2182.506 us (Expected < 1000.000 us) --> Read time : 29.451 us, Update time : 478.918 us, Writ...'
file: /home/helenlu/texture_sort/src/third_party/kinova/ros2_control/controller_manager/src/controller_manager.cpp
function: write
line: 3628
---
stamp:
  sec: 1778291941
  nanosec: 603309497
level: 30
name: controller_manager
msg: 'Overrun detected! The controller manager missed its desired rate of 1000 Hz. The loop took 3.190410 ms (missed cycles : 4).'
file: /home/helenlu/texture_sort/src/third_party/kinova/ros2_control/controller_manager/src/ros2_control_node.cpp
function: operator()
line: 176
---
stamp:
  sec: 1778291942
  nanosec: 429752333
level: 30
name: controller_manager
msg: 'Overrun might occur, Total time : 1541.978 us (Expected < 1000.000 us) --> Read time : 37.129 us, Update time : 231.618 us, Writ...'
file: /home/helenlu/texture_sort/src/third_party/kinova/ros2_control/controller_manager/src/controller_manager.cpp
function: write
line: 3628
---
stamp:
  sec: 1778291942
  nanosec: 603449324
level: 30
name: controller_manager
msg: 'Overrun detected! The controller manager missed its desired rate of 1000 Hz. The loop took 1.331093 ms (missed cycles : 2).'
file: /home/helenlu/texture_sort/src/third_party/kinova/ros2_control/controller_manager/src/ros2_control_node.cpp
function: operator()
line: 176
---
stamp:
  sec: 1778291943
  nanosec: 439475605
level: 30
name: controller_manager
msg: 'Overrun might occur, Total time : 1316.758 us (Expected < 1000.000 us) --> Read time : 20.499 us, Update time : 100.442 us, Writ...'
file: /home/helenlu/texture_sort/src/third_party/kinova/ros2_control/controller_manager/src/controller_manager.cpp
function: write
line: 3628
---
stamp:
  sec: 1778291943
  nanosec: 613498409
level: 30
name: controller_manager
msg: 'Overrun detected! The controller manager missed its desired rate of 1000 Hz. The loop took 1.379478 ms (missed cycles : 2).'
file: /home/helenlu/texture_sort/src/third_party/kinova/ros2_control/controller_manager/src/ros2_control_node.cpp
function: operator()
line: 176
---
stamp:
  sec: 1778291944
  nanosec: 448430038
level: 30
name: controller_manager
msg: 'Overrun might occur, Total time : 1183.768 us (Expected < 1000.000 us) --> Read time : 24.613 us, Update time : 583.648 us, Writ...'
file: /home/helenlu/texture_sort/src/third_party/kinova/ros2_control/controller_manager/src/controller_manager.cpp
function: write
line: 3628
---
stamp:
  sec: 1778291944
  nanosec: 623241241
level: 30
name: controller_manager
msg: 'Overrun detected! The controller manager missed its desired rate of 1000 Hz. The loop took 1.122934 ms (missed cycles : 2).'
file: /home/helenlu/texture_sort/src/third_party/kinova/ros2_control/controller_manager/src/ros2_control_node.cpp
function: operator()
line: 176
---
stamp:
  sec: 1778291945
  nanosec: 456199248
level: 30
name: controller_manager
msg: 'Overrun might occur, Total time : 1006.423 us (Expected < 1000.000 us) --> Read time : 21.598 us, Update time : 145.881 us, Writ...'
file: /home/helenlu/texture_sort/src/third_party/kinova/ros2_control/controller_manager/src/controller_manager.cpp
function: write
line: 3628
---
stamp:
  sec: 1778291945
  nanosec: 627149305
level: 30
name: controller_manager
msg: 'Overrun detected! The controller manager missed its desired rate of 1000 Hz. The loop took 1.029766 ms (missed cycles : 2).'
file: /home/helenlu/texture_sort/src/third_party/kinova/ros2_control/controller_manager/src/ros2_control_node.cpp
function: operator()
line: 176
---
stamp:
  sec: 1778291946
  nanosec: 474915476
level: 30
name: controller_manager
msg: 'Overrun might occur, Total time : 1696.673 us (Expected < 1000.000 us) --> Read time : 24.567 us, Update time : 275.818 us, Writ...'
file: /home/helenlu/texture_sort/src/third_party/kinova/ros2_control/controller_manager/src/controller_manager.cpp
function: write
line: 3628
---
stamp:
  sec: 1778291946
  nanosec: 627973088
level: 30
name: controller_manager
msg: 'Overrun detected! The controller manager missed its desired rate of 1000 Hz. The loop took 1.854990 ms (missed cycles : 2).'
file: /home/helenlu/texture_sort/src/third_party/kinova/ros2_control/controller_manager/src/ros2_control_node.cpp
function: operator()
line: 176
---
stamp:
  sec: 1778291947
  nanosec: 485677027
level: 30
name: controller_manager
msg: 'Overrun might occur, Total time : 2477.195 us (Expected < 1000.000 us) --> Read time : 41.732 us, Update time : 332.466 us, Writ...'
file: /home/helenlu/texture_sort/src/third_party/kinova/ros2_control/controller_manager/src/controller_manager.cpp
function: write
line: 3628
---
stamp:
  sec: 1778291947
  nanosec: 647193832
level: 30
name: controller_manager
msg: 'Overrun detected! The controller manager missed its desired rate of 1000 Hz. The loop took 1.073437 ms (missed cycles : 2).'
file: /home/helenlu/texture_sort/src/third_party/kinova/ros2_control/controller_manager/src/ros2_control_node.cpp
function: operator()
line: 176
---
stamp:
  sec: 1778291948
  nanosec: 502245516
level: 30
name: controller_manager
msg: 'Overrun might occur, Total time : 1050.144 us (Expected < 1000.000 us) --> Read time : 22.129 us, Update time : 150.598 us, Writ...'
file: /home/helenlu/texture_sort/src/third_party/kinova/ros2_control/controller_manager/src/controller_manager.cpp
function: write
line: 3628
---
stamp:
  sec: 1778291948
  nanosec: 647327483
level: 30
name: controller_manager
msg: 'Overrun detected! The controller manager missed its desired rate of 1000 Hz. The loop took 1.209175 ms (missed cycles : 2).'
file: /home/helenlu/texture_sort/src/third_party/kinova/ros2_control/controller_manager/src/ros2_control_node.cpp
function: operator()
line: 176
---
stamp:
  sec: 1778291949
  nanosec: 514379625
level: 30
name: controller_manager
msg: 'Overrun might occur, Total time : 1144.577 us (Expected < 1000.000 us) --> Read time : 24.628 us, Update time : 292.119 us, Writ...'
file: /home/helenlu/texture_sort/src/third_party/kinova/ros2_control/controller_manager/src/controller_manager.cpp
function: write
line: 3628
---
stamp:
  sec: 1778291949
  nanosec: 649425973
level: 30
name: controller_manager
msg: 'Overrun detected! The controller manager missed its desired rate of 1000 Hz. The loop took 1.306955 ms (missed cycles : 2).'
file: /home/helenlu/texture_sort/src/third_party/kinova/ros2_control/controller_manager/src/ros2_control_node.cpp
function: operator()
line: 176
---
stamp:
  sec: 1778291950
  nanosec: 517493604
level: 30
name: controller_manager
msg: 'Overrun might occur, Total time : 2303.269 us (Expected < 1000.000 us) --> Read time : 22.718 us, Update time : 426.146 us, Writ...'
file: /home/helenlu/texture_sort/src/third_party/kinova/ros2_control/controller_manager/src/controller_manager.cpp
function: write
line: 3628
---
stamp:
  sec: 1778291950
  nanosec: 650020005
level: 30
name: controller_manager
msg: 'Overrun detected! The controller manager missed its desired rate of 1000 Hz. The loop took 3.901420 ms (missed cycles : 4).'
file: /home/helenlu/texture_sort/src/third_party/kinova/ros2_control/controller_manager/src/ros2_control_node.cpp
function: operator()
line: 176
---
stamp:
  sec: 1778291951
  nanosec: 517949677
level: 30
name: controller_manager
msg: 'Overrun might occur, Total time : 1705.796 us (Expected < 1000.000 us) --> Read time : 257.253 us, Update time : 317.185 us, Wri...'
file: /home/helenlu/texture_sort/src/third_party/kinova/ros2_control/controller_manager/src/controller_manager.cpp
function: write
line: 3628
---
stamp:
  sec: 1778291951
  nanosec: 653016201
level: 30
name: controller_manager
msg: 'Overrun detected! The controller manager missed its desired rate of 1000 Hz. The loop took 2.897615 ms (missed cycles : 3).'
file: /home/helenlu/texture_sort/src/third_party/kinova/ros2_control/controller_manager/src/ros2_control_node.cpp
function: operator()
line: 176
---
stamp:
  sec: 1778291952
  nanosec: 519918590
level: 30
name: controller_manager
msg: 'Overrun might occur, Total time : 1714.227 us (Expected < 1000.000 us) --> Read time : 47.184 us, Update time : 307.189 us, Writ...'
file: /home/helenlu/texture_sort/src/third_party/kinova/ros2_control/controller_manager/src/controller_manager.cpp
function: write
line: 3628
---
stamp:
  sec: 1778291952
  nanosec: 656353257
level: 30
name: controller_manager
msg: 'Overrun detected! The controller manager missed its desired rate of 1000 Hz. The loop took 2.235237 ms (missed cycles : 3).'
file: /home/helenlu/texture_sort/src/third_party/kinova/ros2_control/controller_manager/src/ros2_control_node.cpp
function: operator()
line: 176
---
stamp:
  sec: 1778291953
  nanosec: 524212786
level: 30
name: controller_manager
msg: 'Overrun might occur, Total time : 2029.495 us (Expected < 1000.000 us) --> Read time : 21.351 us, Update time : 93.475 us, Write...'
file: /home/helenlu/texture_sort/src/third_party/kinova/ros2_control/controller_manager/src/controller_manager.cpp
function: write
line: 3628
---
stamp:
  sec: 1778291953
  nanosec: 666671142
level: 30
name: controller_manager
msg: 'Overrun detected! The controller manager missed its desired rate of 1000 Hz. The loop took 2.552796 ms (missed cycles : 3).'
file: /home/helenlu/texture_sort/src/third_party/kinova/ros2_control/controller_manager/src/ros2_control_node.cpp
function: operator()
line: 176
---
stamp:
  sec: 1778291954
  nanosec: 525377013
level: 30
name: controller_manager
msg: 'Overrun might occur, Total time : 2185.117 us (Expected < 1000.000 us) --> Read time : 19.373 us, Update time : 113.174 us, Writ...'
file: /home/helenlu/texture_sort/src/third_party/kinova/ros2_control/controller_manager/src/controller_manager.cpp
function: write
line: 3628
---
stamp:
  sec: 1778291954
  nanosec: 667008434
level: 30
name: controller_manager
msg: 'Overrun detected! The controller manager missed its desired rate of 1000 Hz. The loop took 2.890581 ms (missed cycles : 3).'
file: /home/helenlu/texture_sort/src/third_party/kinova/ros2_control/controller_manager/src/ros2_control_node.cpp
function: operator()
line: 176
---
stamp:
  sec: 1778291955
  nanosec: 534956390
level: 30
name: controller_manager
msg: 'Overrun might occur, Total time : 2755.018 us (Expected < 1000.000 us) --> Read time : 31.648 us, Update time : 181.519 us, Writ...'
file: /home/helenlu/texture_sort/src/third_party/kinova/ros2_control/controller_manager/src/controller_manager.cpp
function: write
line: 3628
---
stamp:
  sec: 1778291955
  nanosec: 668001207
level: 30
name: controller_manager
msg: 'Overrun detected! The controller manager missed its desired rate of 1000 Hz. The loop took 2.882409 ms (missed cycles : 3).'
file: /home/helenlu/texture_sort/src/third_party/kinova/ros2_control/controller_manager/src/ros2_control_node.cpp
function: operator()
line: 176
---
stamp:
  sec: 1778291956
  nanosec: 549561677
level: 30
name: controller_manager
msg: 'Overrun might occur, Total time : 1351.476 us (Expected < 1000.000 us) --> Read time : 24.307 us, Update time : 232.505 us, Writ...'
file: /home/helenlu/texture_sort/src/third_party/kinova/ros2_control/controller_manager/src/controller_manager.cpp
function: write
line: 3628
---
stamp:
  sec: 1778291956
  nanosec: 673559315
level: 30
name: controller_manager
msg: 'Overrun detected! The controller manager missed its desired rate of 1000 Hz. The loop took 1.441478 ms (missed cycles : 2).'
file: /home/helenlu/texture_sort/src/third_party/kinova/ros2_control/controller_manager/src/ros2_control_node.cpp
function: operator()
line: 176
---
stamp:
  sec: 1778291957
  nanosec: 557649435
level: 30
name: controller_manager
msg: 'Overrun might occur, Total time : 1463.830 us (Expected < 1000.000 us) --> Read time : 18.561 us, Update time : 103.890 us, Writ...'
file: /home/helenlu/texture_sort/src/third_party/kinova/ros2_control/controller_manager/src/controller_manager.cpp
function: write
line: 3628
---
stamp:
  sec: 1778291957
  nanosec: 680934794
level: 30
name: controller_manager
msg: 'Overrun detected! The controller manager missed its desired rate of 1000 Hz. The loop took 2.815798 ms (missed cycles : 3).'
file: /home/helenlu/texture_sort/src/third_party/kinova/ros2_control/controller_manager/src/ros2_control_node.cpp
function: operator()
line: 176
---
stamp:
  sec: 1778291958
  nanosec: 573632629
level: 30
name: controller_manager
msg: 'Overrun might occur, Total time : 1445.786 us (Expected < 1000.000 us) --> Read time : 21.117 us, Update time : 138.877 us, Writ...'
file: /home/helenlu/texture_sort/src/third_party/kinova/ros2_control/controller_manager/src/controller_manager.cpp
function: write
line: 3628
---
stamp:
  sec: 1778291958
  nanosec: 704476453
level: 30
name: controller_manager
msg: 'Overrun detected! The controller manager missed its desired rate of 1000 Hz. The loop took 1.355047 ms (missed cycles : 2).'
file: /home/helenlu/texture_sort/src/third_party/kinova/ros2_control/controller_manager/src/ros2_control_node.cpp
function: operator()
line: 176
---
stamp:
  sec: 1778291959
  nanosec: 587307710
level: 30
name: controller_manager
msg: 'Overrun might occur, Total time : 2119.679 us (Expected < 1000.000 us) --> Read time : 19.931 us, Update time : 164.177 us, Writ...'
file: /home/helenlu/texture_sort/src/third_party/kinova/ros2_control/controller_manager/src/controller_manager.cpp
function: write
line: 3628
---
stamp:
  sec: 1778291959
  nanosec: 714308260
level: 30
name: controller_manager
msg: 'Overrun detected! The controller manager missed its desired rate of 1000 Hz. The loop took 2.189736 ms (missed cycles : 3).'
file: /home/helenlu/texture_sort/src/third_party/kinova/ros2_control/controller_manager/src/ros2_control_node.cpp
function: operator()
line: 176
---
stamp:
  sec: 1778291960
  nanosec: 600656574
level: 30
name: controller_manager
msg: 'Overrun might occur, Total time : 1464.508 us (Expected < 1000.000 us) --> Read time : 23.538 us, Update time : 137.053 us, Writ...'
file: /home/helenlu/texture_sort/src/third_party/kinova/ros2_control/controller_manager/src/controller_manager.cpp
function: write
line: 3628
---
stamp:
  sec: 1778291960
  nanosec: 715149994
level: 30
name: controller_manager
msg: 'Overrun detected! The controller manager missed its desired rate of 1000 Hz. The loop took 1.030635 ms (missed cycles : 2).'
file: /home/helenlu/texture_sort/src/third_party/kinova/ros2_control/controller_manager/src/ros2_control_node.cpp
function: operator()
line: 176
---
stamp:
  sec: 1778291961
  nanosec: 603426876
level: 30
name: controller_manager
msg: 'Overrun might occur, Total time : 1102.670 us (Expected < 1000.000 us) --> Read time : 39.186 us, Update time : 565.445 us, Writ...'
file: /home/helenlu/texture_sort/src/third_party/kinova/ros2_control/controller_manager/src/controller_manager.cpp
function: write
line: 3628
---
stamp:
  sec: 1778291961
  nanosec: 723249334
level: 30
name: controller_manager
msg: 'Overrun detected! The controller manager missed its desired rate of 1000 Hz. The loop took 1.131118 ms (missed cycles : 2).'
file: /home/helenlu/texture_sort/src/third_party/kinova/ros2_control/controller_manager/src/ros2_control_node.cpp
function: operator()
line: 176
---
stamp:
  sec: 1778291962
  nanosec: 603559263
level: 30
name: controller_manager
msg: 'Overrun might occur, Total time : 3018.357 us (Expected < 1000.000 us) --> Read time : 26.419 us, Update time : 2518.273 us, Wri...'
file: /home/helenlu/texture_sort/src/third_party/kinova/ros2_control/controller_manager/src/controller_manager.cpp
function: write
line: 3628
---
stamp:
  sec: 1778291962
  nanosec: 724413172
level: 30
name: controller_manager
msg: 'Overrun detected! The controller manager missed its desired rate of 1000 Hz. The loop took 4.294124 ms (missed cycles : 5).'
file: /home/helenlu/texture_sort/src/third_party/kinova/ros2_control/controller_manager/src/ros2_control_node.cpp
function: operator()
line: 176
---
stamp:
  sec: 1778291963
  nanosec: 604669024
level: 30
name: controller_manager
msg: 'Overrun might occur, Total time : 1009.712 us (Expected < 1000.000 us) --> Read time : 87.541 us, Update time : 334.364 us, Writ...'
file: /home/helenlu/texture_sort/src/third_party/kinova/ros2_control/controller_manager/src/controller_manager.cpp
function: write
line: 3628
---
stamp:
  sec: 1778291963
  nanosec: 725958151
level: 30
name: controller_manager
msg: 'Overrun detected! The controller manager missed its desired rate of 1000 Hz. The loop took 3.839498 ms (missed cycles : 4).'
file: /home/helenlu/texture_sort/src/third_party/kinova/ros2_control/controller_manager/src/ros2_control_node.cpp
function: operator()
line: 176
---
stamp:
  sec: 1778291964
  nanosec: 611419092
level: 30
name: controller_manager
msg: 'Overrun might occur, Total time : 1216.615 us (Expected < 1000.000 us) --> Read time : 28.174 us, Update time : 161.539 us, Writ...'
file: /home/helenlu/texture_sort/src/third_party/kinova/ros2_control/controller_manager/src/controller_manager.cpp
function: write
line: 3628
---
stamp:
  sec: 1778291964
  nanosec: 736517489
level: 30
name: controller_manager
msg: 'Overrun detected! The controller manager missed its desired rate of 1000 Hz. The loop took 1.398935 ms (missed cycles : 2).'
file: /home/helenlu/texture_sort/src/third_party/kinova/ros2_control/controller_manager/src/ros2_control_node.cpp
function: operator()
line: 176
---
stamp:
  sec: 1778291965
  nanosec: 612406190
level: 30
name: controller_manager
msg: 'Overrun might occur, Total time : 2203.513 us (Expected < 1000.000 us) --> Read time : 26.912 us, Update time : 176.077 us, Writ...'
file: /home/helenlu/texture_sort/src/third_party/kinova/ros2_control/controller_manager/src/controller_manager.cpp
function: write
line: 3628
---
stamp:
  sec: 1778291965
  nanosec: 738433028
level: 30
name: controller_manager
msg: 'Overrun detected! The controller manager missed its desired rate of 1000 Hz. The loop took 2.314522 ms (missed cycles : 3).'
file: /home/helenlu/texture_sort/src/third_party/kinova/ros2_control/controller_manager/src/ros2_control_node.cpp
function: operator()
line: 176
---
stamp:
  sec: 1778291966
  nanosec: 614588130
level: 30
name: controller_manager
msg: 'Overrun might occur, Total time : 1358.200 us (Expected < 1000.000 us) --> Read time : 25.310 us, Update time : 177.225 us, Writ...'
file: /home/helenlu/texture_sort/src/third_party/kinova/ros2_control/controller_manager/src/controller_manager.cpp
function: write
line: 3628
---
stamp:
  sec: 1778291966
  nanosec: 748010489
level: 30
name: controller_manager
msg: 'Overrun detected! The controller manager missed its desired rate of 1000 Hz. The loop took 1.892018 ms (missed cycles : 2).'
file: /home/helenlu/texture_sort/src/third_party/kinova/ros2_control/controller_manager/src/ros2_control_node.cpp
function: operator()
line: 176
---
stamp:
  sec: 1778291967
  nanosec: 662838334
level: 30
name: controller_manager
msg: 'Overrun might occur, Total time : 1631.368 us (Expected < 1000.000 us) --> Read time : 55.187 us, Update time : 550.838 us, Writ...'
file: /home/helenlu/texture_sort/src/third_party/kinova/ros2_control/controller_manager/src/controller_manager.cpp
function: write
line: 3628
---
stamp:
  sec: 1778291967
  nanosec: 751388130
level: 30
name: controller_manager
msg: 'Overrun detected! The controller manager missed its desired rate of 1000 Hz. The loop took 2.270091 ms (missed cycles : 3).'
file: /home/helenlu/texture_sort/src/third_party/kinova/ros2_control/controller_manager/src/ros2_control_node.cpp
function: operator()
line: 176
---
stamp:
  sec: 1778291968
  nanosec: 683586663
level: 30
name: controller_manager
msg: 'Overrun might occur, Total time : 1402.415 us (Expected < 1000.000 us) --> Read time : 18.334 us, Update time : 106.115 us, Writ...'
file: /home/helenlu/texture_sort/src/third_party/kinova/ros2_control/controller_manager/src/controller_manager.cpp
function: write
line: 3628
---
stamp:
  sec: 1778291968
  nanosec: 762312820
level: 30
name: controller_manager
msg: 'Overrun detected! The controller manager missed its desired rate of 1000 Hz. The loop took 1.194540 ms (missed cycles : 2).'
file: /home/helenlu/texture_sort/src/third_party/kinova/ros2_control/controller_manager/src/ros2_control_node.cpp
function: operator()
line: 176
---
stamp:
  sec: 1778291969
  nanosec: 684484798
level: 30
name: controller_manager
msg: 'Overrun might occur, Total time : 1275.046 us (Expected < 1000.000 us) --> Read time : 24.331 us, Update time : 166.393 us, Writ...'
file: /home/helenlu/texture_sort/src/third_party/kinova/ros2_control/controller_manager/src/controller_manager.cpp
function: write
line: 3628
---
stamp:
  sec: 1778291969
  nanosec: 769928237
level: 30
name: controller_manager
msg: 'Overrun detected! The controller manager missed its desired rate of 1000 Hz. The loop took 1.809005 ms (missed cycles : 2).'
file: /home/helenlu/texture_sort/src/third_party/kinova/ros2_control/controller_manager/src/ros2_control_node.cpp
function: operator()
line: 176
---
stamp:
  sec: 1778291970
  nanosec: 692671861
level: 30
name: controller_manager
msg: 'Overrun might occur, Total time : 1462.581 us (Expected < 1000.000 us) --> Read time : 40.356 us, Update time : 371.996 us, Writ...'
file: /home/helenlu/texture_sort/src/third_party/kinova/ros2_control/controller_manager/src/controller_manager.cpp
function: write
line: 3628
---
stamp:
  sec: 1778291970
  nanosec: 772620822
level: 30
name: controller_manager
msg: 'Overrun detected! The controller manager missed its desired rate of 1000 Hz. The loop took 1.501653 ms (missed cycles : 2).'
file: /home/helenlu/texture_sort/src/third_party/kinova/ros2_control/controller_manager/src/ros2_control_node.cpp
function: operator()
line: 176
---
stamp:
  sec: 1778291971
  nanosec: 700473941
level: 30
name: controller_manager
msg: 'Overrun might occur, Total time : 1286.486 us (Expected < 1000.000 us) --> Read time : 18.858 us, Update time : 102.729 us, Writ...'
file: /home/helenlu/texture_sort/src/third_party/kinova/ros2_control/controller_manager/src/controller_manager.cpp
function: write
line: 3628
---
stamp:
  sec: 1778291971
  nanosec: 774943560
level: 30
name: controller_manager
msg: 'Overrun detected! The controller manager missed its desired rate of 1000 Hz. The loop took 1.825558 ms (missed cycles : 2).'
file: /home/helenlu/texture_sort/src/third_party/kinova/ros2_control/controller_manager/src/ros2_control_node.cpp
function: operator()
line: 176
---
stamp:
  sec: 1778291972
  nanosec: 700748441
level: 30
name: controller_manager
msg: 'Overrun might occur, Total time : 1533.865 us (Expected < 1000.000 us) --> Read time : 53.878 us, Update time : 242.480 us, Writ...'
file: /home/helenlu/texture_sort/src/third_party/kinova/ros2_control/controller_manager/src/controller_manager.cpp
function: write
line: 3628
---
stamp:
  sec: 1778291972
  nanosec: 783203797
level: 30
name: controller_manager
msg: 'Overrun detected! The controller manager missed its desired rate of 1000 Hz. The loop took 1.085577 ms (missed cycles : 2).'
file: /home/helenlu/texture_sort/src/third_party/kinova/ros2_control/controller_manager/src/ros2_control_node.cpp
function: operator()
line: 176
---
stamp:
  sec: 1778291973
  nanosec: 717957975
level: 30
name: controller_manager
msg: 'Overrun might occur, Total time : 2734.207 us (Expected < 1000.000 us) --> Read time : 23.243 us, Update time : 151.000 us, Writ...'
file: /home/helenlu/texture_sort/src/third_party/kinova/ros2_control/controller_manager/src/controller_manager.cpp
function: write
line: 3628
---
stamp:
  sec: 1778291973
  nanosec: 783240181
level: 30
name: controller_manager
msg: 'Overrun detected! The controller manager missed its desired rate of 1000 Hz. The loop took 1.121932 ms (missed cycles : 2).'
file: /home/helenlu/texture_sort/src/third_party/kinova/ros2_control/controller_manager/src/ros2_control_node.cpp
function: operator()
line: 176
---
stamp:
  sec: 1778291974
  nanosec: 729714336
level: 30
name: controller_manager
msg: 'Overrun might occur, Total time : 2527.758 us (Expected < 1000.000 us) --> Read time : 21.396 us, Update time : 152.258 us, Writ...'
file: /home/helenlu/texture_sort/src/third_party/kinova/ros2_control/controller_manager/src/controller_manager.cpp
function: write
line: 3628
---
stamp:
  sec: 1778291974
  nanosec: 783652942
level: 30
name: controller_manager
msg: 'Overrun detected! The controller manager missed its desired rate of 1000 Hz. The loop took 1.533383 ms (missed cycles : 2).'
file: /home/helenlu/texture_sort/src/third_party/kinova/ros2_control/controller_manager/src/ros2_control_node.cpp
function: operator()
line: 176
---
stamp:
  sec: 1778291975
  nanosec: 729846394
level: 30
name: controller_manager
msg: 'Overrun might occur, Total time : 1101.736 us (Expected < 1000.000 us) --> Read time : 50.137 us, Update time : 280.796 us, Writ...'
file: /home/helenlu/texture_sort/src/third_party/kinova/ros2_control/controller_manager/src/controller_manager.cpp
function: write
line: 3628
---
stamp:
  sec: 1778291975
  nanosec: 785012477
level: 30
name: controller_manager
msg: 'Overrun detected! The controller manager missed its desired rate of 1000 Hz. The loop took 1.894063 ms (missed cycles : 2).'
file: /home/helenlu/texture_sort/src/third_party/kinova/ros2_control/controller_manager/src/ros2_control_node.cpp
function: operator()
line: 176
---
stamp:
  sec: 1778291976
  nanosec: 741373855
level: 30
name: controller_manager
msg: 'Overrun might occur, Total time : 1163.515 us (Expected < 1000.000 us) --> Read time : 24.668 us, Update time : 169.959 us, Writ...'
file: /home/helenlu/texture_sort/src/third_party/kinova/ros2_control/controller_manager/src/controller_manager.cpp
function: write
line: 3628
---
stamp:
  sec: 1778291976
  nanosec: 785483068
level: 30
name: controller_manager
msg: 'Overrun detected! The controller manager missed its desired rate of 1000 Hz. The loop took 1.364827 ms (missed cycles : 2).'
file: /home/helenlu/texture_sort/src/third_party/kinova/ros2_control/controller_manager/src/ros2_control_node.cpp
function: operator()
line: 176
---
stamp:
  sec: 1778291977
  nanosec: 742728436
level: 30
name: controller_manager
msg: 'Overrun might occur, Total time : 2530.175 us (Expected < 1000.000 us) --> Read time : 38.896 us, Update time : 242.401 us, Writ...'
file: /home/helenlu/texture_sort/src/third_party/kinova/ros2_control/controller_manager/src/controller_manager.cpp
function: write
line: 3628
---
stamp:
  sec: 1778291977
  nanosec: 787653239
level: 30
name: controller_manager
msg: 'Overrun detected! The controller manager missed its desired rate of 1000 Hz. The loop took 2.535383 ms (missed cycles : 3).'
file: /home/helenlu/texture_sort/src/third_party/kinova/ros2_control/controller_manager/src/ros2_control_node.cpp
function: operator()
line: 176
---
stamp:
  sec: 1778291978
  nanosec: 750026513
level: 30
name: controller_manager
msg: 'Overrun might occur, Total time : 9825.404 us (Expected < 1000.000 us) --> Read time : 55.198 us, Update time : 455.698 us, Writ...'
file: /home/helenlu/texture_sort/src/third_party/kinova/ros2_control/controller_manager/src/controller_manager.cpp
function: write
line: 3628
---
stamp:
  sec: 1778291978
  nanosec: 789029624
level: 30
name: controller_manager
msg: 'Overrun detected! The controller manager missed its desired rate of 1000 Hz. The loop took 3.910024 ms (missed cycles : 4).'
file: /home/helenlu/texture_sort/src/third_party/kinova/ros2_control/controller_manager/src/ros2_control_node.cpp
function: operator()
line: 176
---
stamp:
  sec: 1778291979
  nanosec: 756999332
level: 30
name: controller_manager
msg: 'Overrun might occur, Total time : 1751.757 us (Expected < 1000.000 us) --> Read time : 35.182 us, Update time : 1105.010 us, Wri...'
file: /home/helenlu/texture_sort/src/third_party/kinova/ros2_control/controller_manager/src/controller_manager.cpp
function: write
line: 3628
---
stamp:
  sec: 1778291979
  nanosec: 791099316
level: 30
name: controller_manager
msg: 'Overrun detected! The controller manager missed its desired rate of 1000 Hz. The loop took 2.981481 ms (missed cycles : 3).'
file: /home/helenlu/texture_sort/src/third_party/kinova/ros2_control/controller_manager/src/ros2_control_node.cpp
function: operator()
line: 176
---
stamp:
  sec: 1778291980
  nanosec: 783629649
level: 30
name: controller_manager
msg: 'Overrun might occur, Total time : 1419.225 us (Expected < 1000.000 us) --> Read time : 33.134 us, Update time : 473.271 us, Writ...'
file: /home/helenlu/texture_sort/src/third_party/kinova/ros2_control/controller_manager/src/controller_manager.cpp
function: write
line: 3628
---
stamp:
  sec: 1778291980
  nanosec: 811389261
level: 30
name: controller_manager
msg: 'Overrun detected! The controller manager missed its desired rate of 1000 Hz. The loop took 1.271688 ms (missed cycles : 2).'
file: /home/helenlu/texture_sort/src/third_party/kinova/ros2_control/controller_manager/src/ros2_control_node.cpp
function: operator()
line: 176
---
stamp:
  sec: 1778291981
  nanosec: 784230227
level: 30
name: controller_manager
msg: 'Overrun might occur, Total time : 1038.612 us (Expected < 1000.000 us) --> Read time : 43.747 us, Update time : 292.374 us, Writ...'
file: /home/helenlu/texture_sort/src/third_party/kinova/ros2_control/controller_manager/src/controller_manager.cpp
function: write
line: 3628
---
stamp:
  sec: 1778291981
  nanosec: 814624305
level: 30
name: controller_manager
msg: 'Overrun detected! The controller manager missed its desired rate of 1000 Hz. The loop took 3.506394 ms (missed cycles : 4).'
file: /home/helenlu/texture_sort/src/third_party/kinova/ros2_control/controller_manager/src/ros2_control_node.cpp
function: operator()
line: 176
---
stamp:
  sec: 1778291982
  nanosec: 803634806
level: 30
name: controller_manager
msg: 'Overrun might occur, Total time : 2447.396 us (Expected < 1000.000 us) --> Read time : 17.329 us, Update time : 113.062 us, Writ...'
file: /home/helenlu/texture_sort/src/third_party/kinova/ros2_control/controller_manager/src/controller_manager.cpp
function: write
line: 3628
---
stamp:
  sec: 1778291982
  nanosec: 863520393
level: 30
name: controller_manager
msg: 'Overrun detected! The controller manager missed its desired rate of 1000 Hz. The loop took 2.401513 ms (missed cycles : 3).'
file: /home/helenlu/texture_sort/src/third_party/kinova/ros2_control/controller_manager/src/ros2_control_node.cpp
function: operator()
line: 176
---
stamp:
  sec: 1778291983
  nanosec: 806415884
level: 30
name: controller_manager
msg: 'Overrun might occur, Total time : 1203.610 us (Expected < 1000.000 us) --> Read time : 29.238 us, Update time : 173.653 us, Writ...'
file: /home/helenlu/texture_sort/src/third_party/kinova/ros2_control/controller_manager/src/controller_manager.cpp
function: write
line: 3628
---
stamp:
  sec: 1778291983
  nanosec: 869523470
level: 30
name: controller_manager
msg: 'Overrun detected! The controller manager missed its desired rate of 1000 Hz. The loop took 2.404612 ms (missed cycles : 3).'
file: /home/helenlu/texture_sort/src/third_party/kinova/ros2_control/controller_manager/src/ros2_control_node.cpp
function: operator()
line: 176
---
stamp:
  sec: 1778291984
  nanosec: 806958633
level: 30
name: controller_manager
msg: 'Overrun might occur, Total time : 2737.750 us (Expected < 1000.000 us) --> Read time : 27.309 us, Update time : 199.286 us, Writ...'
file: /home/helenlu/texture_sort/src/third_party/kinova/ros2_control/controller_manager/src/controller_manager.cpp
function: write
line: 3628
---
stamp:
  sec: 1778291984
  nanosec: 874179058
level: 30
name: controller_manager
msg: 'Overrun detected! The controller manager missed its desired rate of 1000 Hz. The loop took 1.059875 ms (missed cycles : 2).'
file: /home/helenlu/texture_sort/src/third_party/kinova/ros2_control/controller_manager/src/ros2_control_node.cpp
function: operator()
line: 176
---
stamp:
  sec: 1778291985
  nanosec: 809224085
level: 30
name: controller_manager
msg: 'Overrun might occur, Total time : 1009.002 us (Expected < 1000.000 us) --> Read time : 27.527 us, Update time : 433.338 us, Writ...'
file: /home/helenlu/texture_sort/src/third_party/kinova/ros2_control/controller_manager/src/controller_manager.cpp
function: write
line: 3628
---
stamp:
  sec: 1778291985
  nanosec: 880181117
level: 30
name: controller_manager
msg: 'Overrun detected! The controller manager missed its desired rate of 1000 Hz. The loop took 1.061367 ms (missed cycles : 2).'
file: /home/helenlu/texture_sort/src/third_party/kinova/ros2_control/controller_manager/src/ros2_control_node.cpp
function: operator()
line: 176
---
stamp:
  sec: 1778291986
  nanosec: 816212050
level: 30
name: controller_manager
msg: 'Overrun might occur, Total time : 4020.353 us (Expected < 1000.000 us) --> Read time : 23.401 us, Update time : 149.974 us, Writ...'
file: /home/helenlu/texture_sort/src/third_party/kinova/ros2_control/controller_manager/src/controller_manager.cpp
function: write
line: 3628
---
stamp:
  sec: 1778291986
  nanosec: 882131591
level: 30
name: controller_manager
msg: 'Overrun detected! The controller manager missed its desired rate of 1000 Hz. The loop took 4.013338 ms (missed cycles : 5).'
file: /home/helenlu/texture_sort/src/third_party/kinova/ros2_control/controller_manager/src/ros2_control_node.cpp
function: operator()
line: 176
---
stamp:
  sec: 1778291987
  nanosec: 818612800
level: 30
name: controller_manager
msg: 'Overrun might occur, Total time : 1425.693 us (Expected < 1000.000 us) --> Read time : 20.816 us, Update time : 155.862 us, Writ...'
file: /home/helenlu/texture_sort/src/third_party/kinova/ros2_control/controller_manager/src/controller_manager.cpp
function: write
line: 3628
---
stamp:
  sec: 1778291987
  nanosec: 897587827
level: 30
name: controller_manager
msg: 'Overrun detected! The controller manager missed its desired rate of 1000 Hz. The loop took 1.467919 ms (missed cycles : 2).'
file: /home/helenlu/texture_sort/src/third_party/kinova/ros2_control/controller_manager/src/ros2_control_node.cpp
function: operator()
line: 176
---
stamp:
  sec: 1778291988
  nanosec: 831400185
level: 30
name: controller_manager
msg: 'Overrun might occur, Total time : 1207.798 us (Expected < 1000.000 us) --> Read time : 26.187 us, Update time : 156.658 us, Writ...'
file: /home/helenlu/texture_sort/src/third_party/kinova/ros2_control/controller_manager/src/controller_manager.cpp
function: write
line: 3628
---
stamp:
  sec: 1778291988
  nanosec: 898726036
level: 30
name: controller_manager
msg: 'Overrun detected! The controller manager missed its desired rate of 1000 Hz. The loop took 2.606673 ms (missed cycles : 3).'
file: /home/helenlu/texture_sort/src/third_party/kinova/ros2_control/controller_manager/src/ros2_control_node.cpp
function: operator()
line: 176
---
stamp:
  sec: 1778291989
  nanosec: 848581811
level: 30
name: controller_manager
msg: 'Overrun might occur, Total time : 2370.458 us (Expected < 1000.000 us) --> Read time : 31.730 us, Update time : 283.053 us, Writ...'
file: /home/helenlu/texture_sort/src/third_party/kinova/ros2_control/controller_manager/src/controller_manager.cpp
function: write
line: 3628
---
stamp:
  sec: 1778291989
  nanosec: 909201930
level: 30
name: controller_manager
msg: 'Overrun detected! The controller manager missed its desired rate of 1000 Hz. The loop took 2.083231 ms (missed cycles : 3).'
file: /home/helenlu/texture_sort/src/third_party/kinova/ros2_control/controller_manager/src/ros2_control_node.cpp
function: operator()
line: 176
---
stamp:
  sec: 1778291990
  nanosec: 882464533
level: 30
name: controller_manager
msg: 'Overrun might occur, Total time : 1272.932 us (Expected < 1000.000 us) --> Read time : 21.964 us, Update time : 338.072 us, Writ...'
file: /home/helenlu/texture_sort/src/third_party/kinova/ros2_control/controller_manager/src/controller_manager.cpp
function: write
line: 3628
---
stamp:
  sec: 1778291990
  nanosec: 918154174
level: 30
name: controller_manager
msg: 'Overrun detected! The controller manager missed its desired rate of 1000 Hz. The loop took 1.034765 ms (missed cycles : 2).'
file: /home/helenlu/texture_sort/src/third_party/kinova/ros2_control/controller_manager/src/ros2_control_node.cpp
function: operator()
line: 176
---
stamp:
  sec: 1778291991
  nanosec: 883778998
level: 30
name: controller_manager
msg: 'Overrun might occur, Total time : 2551.123 us (Expected < 1000.000 us) --> Read time : 29.963 us, Update time : 596.636 us, Writ...'
file: /home/helenlu/texture_sort/src/third_party/kinova/ros2_control/controller_manager/src/controller_manager.cpp
function: write
line: 3628
---
stamp:
  sec: 1778291991
  nanosec: 947957524
level: 30
name: controller_manager
msg: 'Overrun detected! The controller manager missed its desired rate of 1000 Hz. The loop took 3.838078 ms (missed cycles : 4).'
file: /home/helenlu/texture_sort/src/third_party/kinova/ros2_control/controller_manager/src/ros2_control_node.cpp
function: operator()
line: 176
---
stamp:
  sec: 1778291992
  nanosec: 883952379
level: 30
name: controller_manager
msg: 'Overrun might occur, Total time : 1134.738 us (Expected < 1000.000 us) --> Read time : 68.269 us, Update time : 328.564 us, Writ...'
file: /home/helenlu/texture_sort/src/third_party/kinova/ros2_control/controller_manager/src/controller_manager.cpp
function: write
line: 3628
---
stamp:
  sec: 1778291992
  nanosec: 948467912
level: 30
name: controller_manager
msg: 'Overrun detected! The controller manager missed its desired rate of 1000 Hz. The loop took 2.349402 ms (missed cycles : 3).'
file: /home/helenlu/texture_sort/src/third_party/kinova/ros2_control/controller_manager/src/ros2_control_node.cpp
function: operator()
line: 176
---
stamp:
  sec: 1778291993
  nanosec: 897347378
level: 30
name: controller_manager
msg: 'Overrun might occur, Total time : 1157.041 us (Expected < 1000.000 us) --> Read time : 218.519 us, Update time : 302.364 us, Wri...'
file: /home/helenlu/texture_sort/src/third_party/kinova/ros2_control/controller_manager/src/controller_manager.cpp
function: write
line: 3628
---
stamp:
  sec: 1778291993
  nanosec: 951964605
level: 30
name: controller_manager
msg: 'Overrun detected! The controller manager missed its desired rate of 1000 Hz. The loop took 2.846176 ms (missed cycles : 3).'
file: /home/helenlu/texture_sort/src/third_party/kinova/ros2_control/controller_manager/src/ros2_control_node.cpp
function: operator()
line: 176
---
stamp:
  sec: 1778291994
  nanosec: 899254202
level: 30
name: controller_manager
msg: 'Overrun might occur, Total time : 2062.271 us (Expected < 1000.000 us) --> Read time : 34.009 us, Update time : 234.320 us, Writ...'
file: /home/helenlu/texture_sort/src/third_party/kinova/ros2_control/controller_manager/src/controller_manager.cpp
function: write
line: 3628
---
stamp:
  sec: 1778291994
  nanosec: 956276721
level: 30
name: controller_manager
msg: 'Overrun detected! The controller manager missed its desired rate of 1000 Hz. The loop took 2.158139 ms (missed cycles : 3).'
file: /home/helenlu/texture_sort/src/third_party/kinova/ros2_control/controller_manager/src/ros2_control_node.cpp
function: operator()
line: 176
---
stamp:
  sec: 1778291995
  nanosec: 901181648
level: 30
name: controller_manager
msg: 'Overrun might occur, Total time : 1963.638 us (Expected < 1000.000 us) --> Read time : 94.560 us, Update time : 366.205 us, Writ...'
file: /home/helenlu/texture_sort/src/third_party/kinova/ros2_control/controller_manager/src/controller_manager.cpp
function: write
line: 3628
---
stamp:
  sec: 1778291995
  nanosec: 961186462
level: 30
name: controller_manager
msg: 'Overrun detected! The controller manager missed its desired rate of 1000 Hz. The loop took 1.066344 ms (missed cycles : 2).'
file: /home/helenlu/texture_sort/src/third_party/kinova/ros2_control/controller_manager/src/ros2_control_node.cpp
function: operator()
line: 176
---
stamp:
  sec: 1778291996
  nanosec: 901250840
level: 30
name: controller_manager
msg: 'Overrun might occur, Total time : 3026.537 us (Expected < 1000.000 us) --> Read time : 25.349 us, Update time : 595.255 us, Writ...'
file: /home/helenlu/texture_sort/src/third_party/kinova/ros2_control/controller_manager/src/controller_manager.cpp
function: write
line: 3628
---
stamp:
  sec: 1778291996
  nanosec: 961251749
level: 30
name: controller_manager
msg: 'Overrun detected! The controller manager missed its desired rate of 1000 Hz. The loop took 1.133401 ms (missed cycles : 2).'
file: /home/helenlu/texture_sort/src/third_party/kinova/ros2_control/controller_manager/src/ros2_control_node.cpp
function: operator()
line: 176
---
stamp:
  sec: 1778291997
  nanosec: 912769264
level: 30
name: controller_manager
msg: 'Overrun might occur, Total time : 2574.852 us (Expected < 1000.000 us) --> Read time : 32.300 us, Update time : 1974.904 us, Wri...'
file: /home/helenlu/texture_sort/src/third_party/kinova/ros2_control/controller_manager/src/controller_manager.cpp
function: write
line: 3628
---
stamp:
  sec: 1778291997
  nanosec: 964145734
level: 30
name: controller_manager
msg: 'Overrun detected! The controller manager missed its desired rate of 1000 Hz. The loop took 1.025964 ms (missed cycles : 2).'
file: /home/helenlu/texture_sort/src/third_party/kinova/ros2_control/controller_manager/src/ros2_control_node.cpp
function: operator()
line: 176
---
stamp:
  sec: 1778291998
  nanosec: 913320594
level: 30
name: controller_manager
msg: 'Overrun might occur, Total time : 1124.928 us (Expected < 1000.000 us) --> Read time : 33.953 us, Update time : 289.573 us, Writ...'
file: /home/helenlu/texture_sort/src/third_party/kinova/ros2_control/controller_manager/src/controller_manager.cpp
function: write
line: 3628
---
stamp:
  sec: 1778291998
  nanosec: 966324996
level: 30
name: controller_manager
msg: 'Overrun detected! The controller manager missed its desired rate of 1000 Hz. The loop took 1.205320 ms (missed cycles : 2).'
file: /home/helenlu/texture_sort/src/third_party/kinova/ros2_control/controller_manager/src/ros2_control_node.cpp
function: operator()
line: 176
---
stamp:
  sec: 1778291999
  nanosec: 914535254
level: 30
name: controller_manager
msg: 'Overrun might occur, Total time : 1336.067 us (Expected < 1000.000 us) --> Read time : 26.722 us, Update time : 271.018 us, Writ...'
file: /home/helenlu/texture_sort/src/third_party/kinova/ros2_control/controller_manager/src/controller_manager.cpp
function: write
line: 3628
---
stamp:
  sec: 1778291999
  nanosec: 981449604
level: 30
name: controller_manager
msg: 'Overrun detected! The controller manager missed its desired rate of 1000 Hz. The loop took 2.329627 ms (missed cycles : 3).'
file: /home/helenlu/texture_sort/src/third_party/kinova/ros2_control/controller_manager/src/ros2_control_node.cpp
function: operator()
line: 176
---
stamp:
  sec: 1778292000
  nanosec: 917009187
level: 30
name: controller_manager
msg: 'Overrun might occur, Total time : 2808.912 us (Expected < 1000.000 us) --> Read time : 38.069 us, Update time : 247.765 us, Writ...'
file: /home/helenlu/texture_sort/src/third_party/kinova/ros2_control/controller_manager/src/controller_manager.cpp
function: write
line: 3628
---
stamp:
  sec: 1778292000
  nanosec: 984825460
level: 30
name: controller_manager
msg: 'Overrun detected! The controller manager missed its desired rate of 1000 Hz. The loop took 1.706430 ms (missed cycles : 2).'
file: /home/helenlu/texture_sort/src/third_party/kinova/ros2_control/controller_manager/src/ros2_control_node.cpp
function: operator()
line: 176
---
stamp:
  sec: 1778292001
  nanosec: 921951940
level: 30
name: controller_manager
msg: 'Overrun might occur, Total time : 2757.788 us (Expected < 1000.000 us) --> Read time : 28.563 us, Update time : 271.738 us, Writ...'
file: /home/helenlu/texture_sort/src/third_party/kinova/ros2_control/controller_manager/src/controller_manager.cpp
function: write
line: 3628
---
stamp:
  sec: 1778292001
  nanosec: 986744486
level: 30
name: controller_manager
msg: 'Overrun detected! The controller manager missed its desired rate of 1000 Hz. The loop took 4.625901 ms (missed cycles : 5).'
file: /home/helenlu/texture_sort/src/third_party/kinova/ros2_control/controller_manager/src/ros2_control_node.cpp
function: operator()
line: 176
---
stamp:
  sec: 1778292002
  nanosec: 939625267
level: 30
name: controller_manager
msg: 'Overrun might occur, Total time : 1414.712 us (Expected < 1000.000 us) --> Read time : 90.825 us, Update time : 541.569 us, Writ...'
file: /home/helenlu/texture_sort/src/third_party/kinova/ros2_control/controller_manager/src/controller_manager.cpp
function: write
line: 3628
---
stamp:
  sec: 1778292002
  nanosec: 990812373
level: 30
name: controller_manager
msg: 'Overrun detected! The controller manager missed its desired rate of 1000 Hz. The loop took 1.693575 ms (missed cycles : 2).'
file: /home/helenlu/texture_sort/src/third_party/kinova/ros2_control/controller_manager/src/ros2_control_node.cpp
function: operator()
line: 176
---
stamp:
  sec: 1778292003
  nanosec: 958635761
level: 30
name: controller_manager
msg: 'Overrun might occur, Total time : 1405.861 us (Expected < 1000.000 us) --> Read time : 134.574 us, Update time : 586.166 us, Wri...'
file: /home/helenlu/texture_sort/src/third_party/kinova/ros2_control/controller_manager/src/controller_manager.cpp
function: write
line: 3628
---
stamp:
  sec: 1778292004
  nanosec: 12329865
level: 30
name: controller_manager
msg: 'Overrun detected! The controller manager missed its desired rate of 1000 Hz. The loop took 1.211791 ms (missed cycles : 2).'
file: /home/helenlu/texture_sort/src/third_party/kinova/ros2_control/controller_manager/src/ros2_control_node.cpp
function: operator()
line: 176
---
stamp:
  sec: 1778292004
  nanosec: 959561463
level: 30
name: controller_manager
msg: 'Overrun might occur, Total time : 1370.714 us (Expected < 1000.000 us) --> Read time : 26.723 us, Update time : 327.616 us, Writ...'
file: /home/helenlu/texture_sort/src/third_party/kinova/ros2_control/controller_manager/src/controller_manager.cpp
function: write
line: 3628
---
stamp:
  sec: 1778292005
  nanosec: 18331490
level: 30
name: controller_manager
msg: 'Overrun detected! The controller manager missed its desired rate of 1000 Hz. The loop took 4.212445 ms (missed cycles : 5).'
file: /home/helenlu/texture_sort/src/third_party/kinova/ros2_control/controller_manager/src/ros2_control_node.cpp
function: operator()
line: 176
---
stamp:
  sec: 1778292005
  nanosec: 969988255
level: 30
name: controller_manager
msg: 'Overrun might occur, Total time : 1623.033 us (Expected < 1000.000 us) --> Read time : 24.679 us, Update time : 171.962 us, Writ...'
file: /home/helenlu/texture_sort/src/third_party/kinova/ros2_control/controller_manager/src/controller_manager.cpp
function: write
line: 3628
---
stamp:
  sec: 1778292006
  nanosec: 20961745
level: 30
name: controller_manager
msg: 'Overrun detected! The controller manager missed its desired rate of 1000 Hz. The loop took 4.843174 ms (missed cycles : 5).'
file: /home/helenlu/texture_sort/src/third_party/kinova/ros2_control/controller_manager/src/ros2_control_node.cpp
function: operator()
line: 176
---
stamp:
  sec: 1778292006
  nanosec: 970567799
level: 30
name: controller_manager
msg: 'Overrun might occur, Total time : 1375.408 us (Expected < 1000.000 us) --> Read time : 24.465 us, Update time : 426.819 us, Writ...'
file: /home/helenlu/texture_sort/src/third_party/kinova/ros2_control/controller_manager/src/controller_manager.cpp
function: write
line: 3628
---
stamp:
  sec: 1778292007
  nanosec: 38962623
level: 30
name: controller_manager
msg: 'Overrun detected! The controller manager missed its desired rate of 1000 Hz. The loop took 1.844716 ms (missed cycles : 2).'
file: /home/helenlu/texture_sort/src/third_party/kinova/ros2_control/controller_manager/src/ros2_control_node.cpp
function: operator()
line: 176
---
stamp:
  sec: 1778292007
  nanosec: 971139214
level: 30
name: controller_manager
msg: 'Overrun might occur, Total time : 1946.630 us (Expected < 1000.000 us) --> Read time : 25.984 us, Update time : 1092.191 us, Wri...'
file: /home/helenlu/texture_sort/src/third_party/kinova/ros2_control/controller_manager/src/controller_manager.cpp
function: write
line: 3628
---
stamp:
  sec: 1778292008
  nanosec: 45464648
level: 30
name: controller_manager
msg: 'Overrun detected! The controller manager missed its desired rate of 1000 Hz. The loop took 2.345758 ms (missed cycles : 3).'
file: /home/helenlu/texture_sort/src/third_party/kinova/ros2_control/controller_manager/src/ros2_control_node.cpp
function: operator()
line: 176
---
stamp:
  sec: 1778292008
  nanosec: 297585889
level: 20
name: grasp_node
msg: '[go_to_pre_grasp] loading_pre_grasp_pose'
file: /home/helenlu/texture_sort/install/manipulation/lib/python3.12/site-packages/manipulation/grasp_node.py
function: fb
line: 502
---
stamp:
  sec: 1778292008
  nanosec: 324130484
level: 20
name: grasp_node
msg: 'Moving to pre_grasp: joint_1=-0.2643, joint_2=0.1094, joint_3=0.2209, joint_4=1.5038, joint_5=-0.0231, joint_6=1.5097, joint_7=-...'
file: /home/helenlu/texture_sort/install/manipulation/lib/python3.12/site-packages/manipulation/grasp_node.py
function: _go_to_pre_grasp_callback
line: 524
---
stamp:
  sec: 1778292008
  nanosec: 327450966
level: 20
name: grasp_node
msg: '[go_to_pre_grasp] moving_to_pre_grasp'
file: /home/helenlu/texture_sort/install/manipulation/lib/python3.12/site-packages/manipulation/grasp_node.py
function: fb
line: 502
---
stamp:
  sec: 1778292008
  nanosec: 329599654
level: 20
name: move_group.moveit.moveit.ros.move_group.move_action
msg: 'MoveGroupMoveAction: Received request'
file: ./src/default_capabilities/move_action_capability.cpp
function: operator()
line: 71
---
stamp:
  sec: 1778292008
  nanosec: 330927394
level: 20
name: move_group.moveit.moveit.ros.move_group.move_action
msg: executing..
file: ./src/default_capabilities/move_action_capability.cpp
function: executeMoveCallback
line: 88
---
stamp:
  sec: 1778292008
  nanosec: 333560227
level: 30
name: move_group.moveit.moveit.ros.planning_scene_monitor
msg: Unable to transform object from frame 'external_camera_depth_frame' to planning frame'world' (Could not find a connection betwee...
file: ./planning_scene_monitor/src/planning_scene_monitor.cpp
function: getUpdatedFrameTransforms
line: 1574
---
stamp:
  sec: 1778292008
  nanosec: 334017831
level: 30
name: move_group.moveit.moveit.ros.planning_scene_monitor
msg: Unable to transform object from frame 'tag36h11:10' to planning frame'world' (Lookup would require extrapolation into the past. ...
file: ./planning_scene_monitor/src/planning_scene_monitor.cpp
function: getUpdatedFrameTransforms
line: 1574
---
stamp:
  sec: 1778292008
  nanosec: 336671638
level: 30
name: move_group.moveit.moveit.ros.validate_workspace_bounds
msg: It looks like the planning volume was not specified. Using default values.
file: ./planning_request_adapter_plugins/src/validate_workspace_bounds.cpp
function: adapt
line: 84
---
stamp:
  sec: 1778292008
  nanosec: 336811325
level: 20
name: move_group
msg: Calling PlanningRequestAdapter 'CheckStartStateBounds'
file: ./planning_pipeline/src/planning_pipeline.cpp
function: generatePlan
line: 278
---
stamp:
  sec: 1778292008
  nanosec: 336980335
level: 20
name: move_group
msg: Calling PlanningRequestAdapter 'CheckStartStateCollision'
file: ./planning_pipeline/src/planning_pipeline.cpp
function: generatePlan
line: 278
---
stamp:
  sec: 1778292008
  nanosec: 337732322
level: 20
name: move_group.moveit.moveit.planners.ompl.model_based_planning_context
msg: Planner configuration 'manipulator' will use planner 'geometric::RRTConnect'. Additional configuration parameters will be set wh...
file: ./ompl_interface/src/model_based_planning_context.cpp
function: useConfig
line: 420
---
stamp:
  sec: 1778292008
  nanosec: 337837985
level: 20
name: move_group
msg: Calling Planner 'OMPL'
file: ./planning_pipeline/src/planning_pipeline.cpp
function: generatePlan
line: 318
---
stamp:
  sec: 1778292008
  nanosec: 360971867
level: 20
name: move_group
msg: Calling PlanningResponseAdapter 'AddTimeOptimalParameterization'
file: ./planning_pipeline/src/planning_pipeline.cpp
function: generatePlan
line: 339
---
stamp:
  sec: 1778292008
  nanosec: 373648608
level: 20
name: move_group
msg: Calling PlanningResponseAdapter 'ValidateSolution'
file: ./planning_pipeline/src/planning_pipeline.cpp
function: generatePlan
line: 339
---
stamp:
  sec: 1778292008
  nanosec: 380753469
level: 20
name: move_group
msg: Calling PlanningResponseAdapter 'DisplayMotionPath'
file: ./planning_pipeline/src/planning_pipeline.cpp
function: generatePlan
line: 339
---
stamp:
  sec: 1778292008
  nanosec: 381818593
level: 30
name: move_group.moveit.moveit.ros.planning_pipeline
msg: The planner plugin did not fill out the 'planner_id' field of the MotionPlanResponse. Setting it to the planner ID name of the M...
file: ./planning_pipeline/src/planning_pipeline.cpp
function: generatePlan
line: 364
---
stamp:
  sec: 1778292008
  nanosec: 386460912
level: 20
name: move_group.moveit.moveit.plugins.simple_controller_manager
msg: Returned 2 controllers in list
file: ./src/moveit_simple_controller_manager.cpp
function: getControllersList
line: 274
---
stamp:
  sec: 1778292008
  nanosec: 386536003
level: 20
name: move_group.moveit.moveit.plugins.simple_controller_manager
msg: Returned 2 controllers in list
file: ./src/moveit_simple_controller_manager.cpp
function: getControllersList
line: 274
---
stamp:
  sec: 1778292008
  nanosec: 386668913
level: 20
name: move_group.moveit.moveit.ros.trajectory_execution_manager
msg: Validating trajectory with allowed_start_tolerance 0.01
file: ./trajectory_execution_manager/src/trajectory_execution_manager.cpp
function: validate
line: 933
---
stamp:
  sec: 1778292008
  nanosec: 388787268
level: 20
name: move_group.moveit.moveit.ros.trajectory_execution_manager
msg: Starting trajectory execution ...
file: ./trajectory_execution_manager/src/trajectory_execution_manager.cpp
function: executeThread
line: 1325
---
stamp:
  sec: 1778292008
  nanosec: 388937203
level: 20
name: move_group.moveit.moveit.plugins.simple_controller_manager
msg: Returned 2 controllers in list
file: ./src/moveit_simple_controller_manager.cpp
function: getControllersList
line: 274
---
stamp:
  sec: 1778292008
  nanosec: 388999736
level: 20
name: move_group.moveit.moveit.plugins.simple_controller_manager
msg: Returned 2 controllers in list
file: ./src/moveit_simple_controller_manager.cpp
function: getControllersList
line: 274
---
stamp:
  sec: 1778292008
  nanosec: 390249269
level: 20
name: joint_trajectory_controller
msg: Received new action goal
file: /home/helenlu/texture_sort/src/third_party/kinova/ros2_controllers/joint_trajectory_controller/src/joint_trajectory_controller.c...
function: goal_received_callback
line: 1490
---
stamp:
  sec: 1778292008
  nanosec: 390557068
level: 20
name: joint_trajectory_controller
msg: Accepted new action goal
file: /home/helenlu/texture_sort/src/third_party/kinova/ros2_controllers/joint_trajectory_controller/src/joint_trajectory_controller.c...
function: goal_received_callback
line: 1505
---
stamp:
  sec: 1778292008
  nanosec: 972912016
level: 30
name: controller_manager
msg: 'Overrun might occur, Total time : 1720.409 us (Expected < 1000.000 us) --> Read time : 63.034 us, Update time : 324.627 us, Writ...'
file: /home/helenlu/texture_sort/src/third_party/kinova/ros2_control/controller_manager/src/controller_manager.cpp
function: write
line: 3628
---
stamp:
  sec: 1778292009
  nanosec: 46250697
level: 30
name: controller_manager
msg: 'Overrun detected! The controller manager missed its desired rate of 1000 Hz. The loop took 2.132885 ms (missed cycles : 3).'
file: /home/helenlu/texture_sort/src/third_party/kinova/ros2_control/controller_manager/src/ros2_control_node.cpp
function: operator()
line: 176
---
stamp:
  sec: 1778292009
  nanosec: 975201368
level: 30
name: controller_manager
msg: 'Overrun might occur, Total time : 1008.779 us (Expected < 1000.000 us) --> Read time : 31.518 us, Update time : 264.739 us, Writ...'
file: /home/helenlu/texture_sort/src/third_party/kinova/ros2_control/controller_manager/src/controller_manager.cpp
function: write
line: 3628
---
stamp:
  sec: 1778292010
  nanosec: 48154373
level: 30
name: controller_manager
msg: 'Overrun detected! The controller manager missed its desired rate of 1000 Hz. The loop took 1.035376 ms (missed cycles : 2).'
file: /home/helenlu/texture_sort/src/third_party/kinova/ros2_control/controller_manager/src/ros2_control_node.cpp
function: operator()
line: 176
---
stamp:
  sec: 1778292010
  nanosec: 984394977
level: 30
name: controller_manager
msg: 'Overrun might occur, Total time : 2432.372 us (Expected < 1000.000 us) --> Read time : 67.194 us, Update time : 344.946 us, Writ...'
file: /home/helenlu/texture_sort/src/third_party/kinova/ros2_control/controller_manager/src/controller_manager.cpp
function: write
line: 3628
---
stamp:
  sec: 1778292011
  nanosec: 53913791
level: 30
name: controller_manager
msg: 'Overrun detected! The controller manager missed its desired rate of 1000 Hz. The loop took 5.794237 ms (missed cycles : 6).'
file: /home/helenlu/texture_sort/src/third_party/kinova/ros2_control/controller_manager/src/ros2_control_node.cpp
function: operator()
line: 176
---
stamp:
  sec: 1778292011
  nanosec: 985253842
level: 30
name: controller_manager
msg: 'Overrun might occur, Total time : 2060.534 us (Expected < 1000.000 us) --> Read time : 59.178 us, Update time : 641.822 us, Writ...'
file: /home/helenlu/texture_sort/src/third_party/kinova/ros2_control/controller_manager/src/controller_manager.cpp
function: write
line: 3628
---
stamp:
  sec: 1778292012
  nanosec: 94404016
level: 30
name: controller_manager
msg: 'Overrun detected! The controller manager missed its desired rate of 1000 Hz. The loop took 1.285345 ms (missed cycles : 2).'
file: /home/helenlu/texture_sort/src/third_party/kinova/ros2_control/controller_manager/src/ros2_control_node.cpp
function: operator()
line: 176
---
stamp:
  sec: 1778292012
  nanosec: 985261771
level: 30
name: controller_manager
msg: 'Overrun might occur, Total time : 1628.118 us (Expected < 1000.000 us) --> Read time : 98.971 us, Update time : 372.464 us, Writ...'
file: /home/helenlu/texture_sort/src/third_party/kinova/ros2_control/controller_manager/src/controller_manager.cpp
function: write
line: 3628
---
stamp:
  sec: 1778292013
  nanosec: 105451957
level: 30
name: controller_manager
msg: 'Overrun detected! The controller manager missed its desired rate of 1000 Hz. The loop took 1.333221 ms (missed cycles : 2).'
file: /home/helenlu/texture_sort/src/third_party/kinova/ros2_control/controller_manager/src/ros2_control_node.cpp
function: operator()
line: 176
---
stamp:
  sec: 1778292014
  nanosec: 4637239
level: 30
name: controller_manager
msg: 'Overrun might occur, Total time : 2440.376 us (Expected < 1000.000 us) --> Read time : 32.731 us, Update time : 306.239 us, Writ...'
file: /home/helenlu/texture_sort/src/third_party/kinova/ros2_control/controller_manager/src/controller_manager.cpp
function: write
line: 3628
---
stamp:
  sec: 1778292014
  nanosec: 89271973
level: 20
name: joint_trajectory_controller
msg: Goal reached, success!
file: /home/helenlu/texture_sort/src/third_party/kinova/ros2_controllers/joint_trajectory_controller/src/joint_trajectory_controller.c...
function: update
line: 493
---
stamp:
  sec: 1778292014
  nanosec: 94503521
level: 20
name: move_group.moveit.moveit.ros.trajectory_execution_manager
msg: Completed trajectory execution with status SUCCEEDED ...
file: ./trajectory_execution_manager/src/trajectory_execution_manager.cpp
function: executeThread
line: 1354
---
stamp:
  sec: 1778292014
  nanosec: 98973555
level: 20
name: move_group.moveit.moveit.ros.move_group.move_action
msg: Solution was found and executed.
file: ./src/default_capabilities/move_action_capability.cpp
function: executeMoveCallback
line: 111
---
stamp:
  sec: 1778292014
  nanosec: 108981234
level: 20
name: grasp_node
msg: '[go_to_pre_grasp] done'
file: /home/helenlu/texture_sort/install/manipulation/lib/python3.12/site-packages/manipulation/grasp_node.py
function: fb
line: 502
---
stamp:
  sec: 1778292014
  nanosec: 110580869
level: 30
name: controller_manager
msg: 'Overrun detected! The controller manager missed its desired rate of 1000 Hz. The loop took 1.462320 ms (missed cycles : 2).'
file: /home/helenlu/texture_sort/src/third_party/kinova/ros2_control/controller_manager/src/ros2_control_node.cpp
function: operator()
line: 176
---
stamp:
  sec: 1778292015
  nanosec: 4775967
level: 30
name: controller_manager
msg: 'Overrun might occur, Total time : 1832.017 us (Expected < 1000.000 us) --> Read time : 57.001 us, Update time : 538.611 us, Writ...'
file: /home/helenlu/texture_sort/src/third_party/kinova/ros2_control/controller_manager/src/controller_manager.cpp
function: write
line: 3628
---
stamp:
  sec: 1778292015
  nanosec: 111115025
level: 30
name: controller_manager
msg: 'Overrun detected! The controller manager missed its desired rate of 1000 Hz. The loop took 2.997164 ms (missed cycles : 3).'
file: /home/helenlu/texture_sort/src/third_party/kinova/ros2_control/controller_manager/src/ros2_control_node.cpp
function: operator()
line: 176
---
stamp:
  sec: 1778292016
  nanosec: 9320909
level: 30
name: controller_manager
msg: 'Overrun might occur, Total time : 2126.661 us (Expected < 1000.000 us) --> Read time : 24.569 us, Update time : 173.168 us, Writ...'
file: /home/helenlu/texture_sort/src/third_party/kinova/ros2_control/controller_manager/src/controller_manager.cpp
function: write
line: 3628
---
stamp:
  sec: 1778292016
  nanosec: 120647792
level: 30
name: controller_manager
msg: 'Overrun detected! The controller manager missed its desired rate of 1000 Hz. The loop took 1.529170 ms (missed cycles : 2).'
file: /home/helenlu/texture_sort/src/third_party/kinova/ros2_control/controller_manager/src/ros2_control_node.cpp
function: operator()
line: 176
---
stamp:
  sec: 1778292017
  nanosec: 28410978
level: 30
name: controller_manager
msg: 'Overrun might occur, Total time : 1203.971 us (Expected < 1000.000 us) --> Read time : 74.890 us, Update time : 521.928 us, Writ...'
file: /home/helenlu/texture_sort/src/third_party/kinova/ros2_control/controller_manager/src/controller_manager.cpp
function: write
line: 3628
---
stamp:
  sec: 1778292017
  nanosec: 136501893
level: 30
name: controller_manager
msg: 'Overrun detected! The controller manager missed its desired rate of 1000 Hz. The loop took 2.383064 ms (missed cycles : 3).'
file: /home/helenlu/texture_sort/src/third_party/kinova/ros2_control/controller_manager/src/ros2_control_node.cpp
function: operator()
line: 176
---
stamp:
  sec: 1778292018
  nanosec: 31749113
level: 30
name: controller_manager
msg: 'Overrun might occur, Total time : 1510.221 us (Expected < 1000.000 us) --> Read time : 29.184 us, Update time : 782.323 us, Writ...'
file: /home/helenlu/texture_sort/src/third_party/kinova/ros2_control/controller_manager/src/controller_manager.cpp
function: write
line: 3628
---
stamp:
  sec: 1778292018
  nanosec: 138433455
level: 30
name: controller_manager
msg: 'Overrun detected! The controller manager missed its desired rate of 1000 Hz. The loop took 1.315080 ms (missed cycles : 2).'
file: /home/helenlu/texture_sort/src/third_party/kinova/ros2_control/controller_manager/src/ros2_control_node.cpp
function: operator()
line: 176
---
stamp:
  sec: 1778292019
  nanosec: 45633931
level: 30
name: controller_manager
msg: 'Overrun might occur, Total time : 2441.568 us (Expected < 1000.000 us) --> Read time : 22.445 us, Update time : 151.818 us, Writ...'
file: /home/helenlu/texture_sort/src/third_party/kinova/ros2_control/controller_manager/src/controller_manager.cpp
function: write
line: 3628
---
stamp:
  sec: 1778292019
  nanosec: 143952273
level: 30
name: controller_manager
msg: 'Overrun detected! The controller manager missed its desired rate of 1000 Hz. The loop took 2.833441 ms (missed cycles : 3).'
file: /home/helenlu/texture_sort/src/third_party/kinova/ros2_control/controller_manager/src/ros2_control_node.cpp
function: operator()
line: 176
---
stamp:
  sec: 1778292020
  nanosec: 58008041
level: 30
name: controller_manager
msg: 'Overrun might occur, Total time : 2812.549 us (Expected < 1000.000 us) --> Read time : 28.228 us, Update time : 200.379 us, Writ...'
file: /home/helenlu/texture_sort/src/third_party/kinova/ros2_control/controller_manager/src/controller_manager.cpp
function: write
line: 3628
---
stamp:
  sec: 1778292020
  nanosec: 146190432
level: 30
name: controller_manager
msg: 'Overrun detected! The controller manager missed its desired rate of 1000 Hz. The loop took 2.071991 ms (missed cycles : 3).'
file: /home/helenlu/texture_sort/src/third_party/kinova/ros2_control/controller_manager/src/ros2_control_node.cpp
function: operator()
line: 176
---
stamp:
  sec: 1778292021
  nanosec: 72848761
level: 30
name: controller_manager
msg: 'Overrun might occur, Total time : 2655.798 us (Expected < 1000.000 us) --> Read time : 22.980 us, Update time : 891.661 us, Writ...'
file: /home/helenlu/texture_sort/src/third_party/kinova/ros2_control/controller_manager/src/controller_manager.cpp
function: write
line: 3628
---
stamp:
  sec: 1778292021
  nanosec: 162133608
level: 30
name: controller_manager
msg: 'Overrun detected! The controller manager missed its desired rate of 1000 Hz. The loop took 1.014021 ms (missed cycles : 2).'
file: /home/helenlu/texture_sort/src/third_party/kinova/ros2_control/controller_manager/src/ros2_control_node.cpp
function: operator()
line: 176
---
stamp:
  sec: 1778292022
  nanosec: 73249898
level: 30
name: controller_manager
msg: 'Overrun might occur, Total time : 1052.444 us (Expected < 1000.000 us) --> Read time : 25.788 us, Update time : 329.550 us, Writ...'
file: /home/helenlu/texture_sort/src/third_party/kinova/ros2_control/controller_manager/src/controller_manager.cpp
function: write
line: 3628
---
stamp:
  sec: 1778292022
  nanosec: 163123965
level: 30
name: controller_manager
msg: 'Overrun detected! The controller manager missed its desired rate of 1000 Hz. The loop took 1.005066 ms (missed cycles : 2).'
file: /home/helenlu/texture_sort/src/third_party/kinova/ros2_control/controller_manager/src/ros2_control_node.cpp
function: operator()
line: 176
---
stamp:
  sec: 1778292023
  nanosec: 83010866
level: 30
name: controller_manager
msg: 'Overrun might occur, Total time : 2807.358 us (Expected < 1000.000 us) --> Read time : 33.861 us, Update time : 198.800 us, Writ...'
file: /home/helenlu/texture_sort/src/third_party/kinova/ros2_control/controller_manager/src/controller_manager.cpp
function: write
line: 3628
---
stamp:
  sec: 1778292023
  nanosec: 164101989
level: 30
name: controller_manager
msg: 'Overrun detected! The controller manager missed its desired rate of 1000 Hz. The loop took 3.981430 ms (missed cycles : 4).'
file: /home/helenlu/texture_sort/src/third_party/kinova/ros2_control/controller_manager/src/ros2_control_node.cpp
function: operator()
line: 176
---
stamp:
  sec: 1778292024
  nanosec: 101671290
level: 30
name: controller_manager
msg: 'Overrun might occur, Total time : 2476.102 us (Expected < 1000.000 us) --> Read time : 29.040 us, Update time : 196.719 us, Writ...'
file: /home/helenlu/texture_sort/src/third_party/kinova/ros2_control/controller_manager/src/controller_manager.cpp
function: write
line: 3628
---
stamp:
  sec: 1778292024
  nanosec: 168530533
level: 30
name: controller_manager
msg: 'Overrun detected! The controller manager missed its desired rate of 1000 Hz. The loop took 1.411756 ms (missed cycles : 2).'
file: /home/helenlu/texture_sort/src/third_party/kinova/ros2_control/controller_manager/src/ros2_control_node.cpp
function: operator()
line: 176
---
stamp:
  sec: 1778292025
  nanosec: 107930166
level: 30
name: controller_manager
msg: 'Overrun might occur, Total time : 1739.733 us (Expected < 1000.000 us) --> Read time : 26.872 us, Update time : 446.293 us, Writ...'
file: /home/helenlu/texture_sort/src/third_party/kinova/ros2_control/controller_manager/src/controller_manager.cpp
function: write
line: 3628
---
stamp:
  sec: 1778292025
  nanosec: 171356489
level: 30
name: controller_manager
msg: 'Overrun detected! The controller manager missed its desired rate of 1000 Hz. The loop took 1.238048 ms (missed cycles : 2).'
file: /home/helenlu/texture_sort/src/third_party/kinova/ros2_control/controller_manager/src/ros2_control_node.cpp
function: operator()
line: 176
---
stamp:
  sec: 1778292026
  nanosec: 138955398
level: 30
name: controller_manager
msg: 'Overrun might occur, Total time : 1750.397 us (Expected < 1000.000 us) --> Read time : 73.816 us, Update time : 759.765 us, Writ...'
file: /home/helenlu/texture_sort/src/third_party/kinova/ros2_control/controller_manager/src/controller_manager.cpp
function: write
line: 3628
---
stamp:
  sec: 1778292026
  nanosec: 173170813
level: 30
name: controller_manager
msg: 'Overrun detected! The controller manager missed its desired rate of 1000 Hz. The loop took 1.051575 ms (missed cycles : 2).'
file: /home/helenlu/texture_sort/src/third_party/kinova/ros2_control/controller_manager/src/ros2_control_node.cpp
function: operator()
line: 176
---
stamp:
  sec: 1778292027
  nanosec: 142227733
level: 30
name: controller_manager
msg: 'Overrun might occur, Total time : 1028.994 us (Expected < 1000.000 us) --> Read time : 23.468 us, Update time : 142.548 us, Writ...'
file: /home/helenlu/texture_sort/src/third_party/kinova/ros2_control/controller_manager/src/controller_manager.cpp
function: write
line: 3628
---
stamp:
  sec: 1778292027
  nanosec: 173262898
level: 30
name: controller_manager
msg: 'Overrun detected! The controller manager missed its desired rate of 1000 Hz. The loop took 2.143328 ms (missed cycles : 3).'
file: /home/helenlu/texture_sort/src/third_party/kinova/ros2_control/controller_manager/src/ros2_control_node.cpp
function: operator()
line: 176
---
stamp:
  sec: 1778292028
  nanosec: 154979582
level: 30
name: controller_manager
msg: 'Overrun might occur, Total time : 2786.610 us (Expected < 1000.000 us) --> Read time : 23.291 us, Update time : 156.416 us, Writ...'
file: /home/helenlu/texture_sort/src/third_party/kinova/ros2_control/controller_manager/src/controller_manager.cpp
function: write
line: 3628
---
stamp:
  sec: 1778292028
  nanosec: 180164288
level: 30
name: controller_manager
msg: 'Overrun detected! The controller manager missed its desired rate of 1000 Hz. The loop took 1.044848 ms (missed cycles : 2).'
file: /home/helenlu/texture_sort/src/third_party/kinova/ros2_control/controller_manager/src/ros2_control_node.cpp
function: operator()
line: 176
---
stamp:
  sec: 1778292029
  nanosec: 161622548
level: 30
name: controller_manager
msg: 'Overrun might occur, Total time : 1435.543 us (Expected < 1000.000 us) --> Read time : 31.076 us, Update time : 240.829 us, Writ...'
file: /home/helenlu/texture_sort/src/third_party/kinova/ros2_control/controller_manager/src/controller_manager.cpp
function: write
line: 3628
---
stamp:
  sec: 1778292029
  nanosec: 181179794
level: 30
name: controller_manager
msg: 'Overrun detected! The controller manager missed its desired rate of 1000 Hz. The loop took 1.060677 ms (missed cycles : 2).'
file: /home/helenlu/texture_sort/src/third_party/kinova/ros2_control/controller_manager/src/ros2_control_node.cpp
function: operator()
line: 176
---
stamp:
  sec: 1778292030
  nanosec: 162471019
level: 30
name: controller_manager
msg: 'Overrun might occur, Total time : 1213.529 us (Expected < 1000.000 us) --> Read time : 29.953 us, Update time : 699.967 us, Writ...'
file: /home/helenlu/texture_sort/src/third_party/kinova/ros2_control/controller_manager/src/controller_manager.cpp
function: write
line: 3628
---
stamp:
  sec: 1778292030
  nanosec: 185158404
level: 30
name: controller_manager
msg: 'Overrun detected! The controller manager missed its desired rate of 1000 Hz. The loop took 1.038695 ms (missed cycles : 2).'
file: /home/helenlu/texture_sort/src/third_party/kinova/ros2_control/controller_manager/src/ros2_control_node.cpp
function: operator()
line: 176
---
stamp:
  sec: 1778292031
  nanosec: 166360406
level: 30
name: controller_manager
msg: 'Overrun might occur, Total time : 1166.561 us (Expected < 1000.000 us) --> Read time : 32.422 us, Update time : 213.205 us, Writ...'
file: /home/helenlu/texture_sort/src/third_party/kinova/ros2_control/controller_manager/src/controller_manager.cpp
function: write
line: 3628
---
stamp:
  sec: 1778292031
  nanosec: 185263365
level: 30
name: controller_manager
msg: 'Overrun detected! The controller manager missed its desired rate of 1000 Hz. The loop took 3.143875 ms (missed cycles : 4).'
file: /home/helenlu/texture_sort/src/third_party/kinova/ros2_control/controller_manager/src/ros2_control_node.cpp
function: operator()
line: 176
---
stamp:
  sec: 1778292032
  nanosec: 176749578
level: 30
name: controller_manager
msg: 'Overrun might occur, Total time : 1534.973 us (Expected < 1000.000 us) --> Read time : 71.236 us, Update time : 335.520 us, Writ...'
file: /home/helenlu/texture_sort/src/third_party/kinova/ros2_control/controller_manager/src/controller_manager.cpp
function: write
line: 3628
---
stamp:
  sec: 1778292032
  nanosec: 186344947
level: 30
name: controller_manager
msg: 'Overrun detected! The controller manager missed its desired rate of 1000 Hz. The loop took 1.226755 ms (missed cycles : 2).'
file: /home/helenlu/texture_sort/src/third_party/kinova/ros2_control/controller_manager/src/ros2_control_node.cpp
function: operator()
line: 176
---
stamp:
  sec: 1778292033
  nanosec: 185101711
level: 30
name: controller_manager
msg: 'Overrun might occur, Total time : 3907.955 us (Expected < 1000.000 us) --> Read time : 35.173 us, Update time : 230.724 us, Writ...'
file: /home/helenlu/texture_sort/src/third_party/kinova/ros2_control/controller_manager/src/controller_manager.cpp
function: write
line: 3628
---
stamp:
  sec: 1778292033
  nanosec: 187955074
level: 30
name: controller_manager
msg: 'Overrun detected! The controller manager missed its desired rate of 1000 Hz. The loop took 1.837385 ms (missed cycles : 2).'
file: /home/helenlu/texture_sort/src/third_party/kinova/ros2_control/controller_manager/src/ros2_control_node.cpp
function: operator()
line: 176
---
stamp:
  sec: 1778292034
  nanosec: 185801684
level: 30
name: controller_manager
msg: 'Overrun might occur, Total time : 1610.608 us (Expected < 1000.000 us) --> Read time : 28.135 us, Update time : 458.799 us, Writ...'
file: /home/helenlu/texture_sort/src/third_party/kinova/ros2_control/controller_manager/src/controller_manager.cpp
function: write
line: 3628
---
stamp:
  sec: 1778292034
  nanosec: 189289667
level: 30
name: controller_manager
msg: 'Overrun detected! The controller manager missed its desired rate of 1000 Hz. The loop took 1.171215 ms (missed cycles : 2).'
file: /home/helenlu/texture_sort/src/third_party/kinova/ros2_control/controller_manager/src/ros2_control_node.cpp
function: operator()
line: 176
---
stamp:
  sec: 1778292035
  nanosec: 190716679
level: 30
name: controller_manager
msg: 'Overrun might occur, Total time : 1518.812 us (Expected < 1000.000 us) --> Read time : 24.303 us, Update time : 127.281 us, Writ...'
file: /home/helenlu/texture_sort/src/third_party/kinova/ros2_control/controller_manager/src/controller_manager.cpp
function: write
line: 3628
---
stamp:
  sec: 1778292035
  nanosec: 190877755
level: 30
name: controller_manager
msg: 'Overrun detected! The controller manager missed its desired rate of 1000 Hz. The loop took 1.757730 ms (missed cycles : 2).'
file: /home/helenlu/texture_sort/src/third_party/kinova/ros2_control/controller_manager/src/ros2_control_node.cpp
function: operator()
line: 176
---
stamp:
  sec: 1778292036
  nanosec: 192392906
level: 30
name: controller_manager
msg: 'Overrun might occur, Total time : 1192.154 us (Expected < 1000.000 us) --> Read time : 58.065 us, Update time : 502.467 us, Writ...'
file: /home/helenlu/texture_sort/src/third_party/kinova/ros2_control/controller_manager/src/controller_manager.cpp
function: write
line: 3628
---
stamp:
  sec: 1778292036
  nanosec: 192530594
level: 30
name: controller_manager
msg: 'Overrun detected! The controller manager missed its desired rate of 1000 Hz. The loop took 1.410933 ms (missed cycles : 2).'
file: /home/helenlu/texture_sort/src/third_party/kinova/ros2_control/controller_manager/src/ros2_control_node.cpp
function: operator()
line: 176
---
stamp:
  sec: 1778292037
  nanosec: 213503804
level: 30
name: controller_manager
msg: 'Overrun might occur, Total time : 1089.915 us (Expected < 1000.000 us) --> Read time : 79.145 us, Update time : 241.889 us, Writ...'
file: /home/helenlu/texture_sort/src/third_party/kinova/ros2_control/controller_manager/src/controller_manager.cpp
function: write
line: 3628
---
stamp:
  sec: 1778292037
  nanosec: 213670328
level: 30
name: controller_manager
msg: 'Overrun detected! The controller manager missed its desired rate of 1000 Hz. The loop took 2.550492 ms (missed cycles : 3).'
file: /home/helenlu/texture_sort/src/third_party/kinova/ros2_control/controller_manager/src/ros2_control_node.cpp
function: operator()
line: 176
---
stamp:
  sec: 1778292038
  nanosec: 218501299
level: 30
name: controller_manager
msg: 'Overrun detected! The controller manager missed its desired rate of 1000 Hz. The loop took 1.382532 ms (missed cycles : 2).'
file: /home/helenlu/texture_sort/src/third_party/kinova/ros2_control/controller_manager/src/ros2_control_node.cpp
function: operator()
line: 176
---
stamp:
  sec: 1778292038
  nanosec: 220316753
level: 30
name: controller_manager
msg: 'Overrun might occur, Total time : 1160.974 us (Expected < 1000.000 us) --> Read time : 28.121 us, Update time : 189.112 us, Writ...'
file: /home/helenlu/texture_sort/src/third_party/kinova/ros2_control/controller_manager/src/controller_manager.cpp
function: write
line: 3628
---
stamp:
  sec: 1778292039
  nanosec: 234223497
level: 30
name: controller_manager
msg: 'Overrun detected! The controller manager missed its desired rate of 1000 Hz. The loop took 1.101373 ms (missed cycles : 2).'
file: /home/helenlu/texture_sort/src/third_party/kinova/ros2_control/controller_manager/src/ros2_control_node.cpp
function: operator()
line: 176
---
stamp:
  sec: 1778292039
  nanosec: 236573424
level: 30
name: controller_manager
msg: 'Overrun might occur, Total time : 1389.189 us (Expected < 1000.000 us) --> Read time : 93.730 us, Update time : 339.219 us, Writ...'
file: /home/helenlu/texture_sort/src/third_party/kinova/ros2_control/controller_manager/src/controller_manager.cpp
function: write
line: 3628
---
stamp:
  sec: 1778292040
  nanosec: 236168060
level: 30
name: controller_manager
msg: 'Overrun detected! The controller manager missed its desired rate of 1000 Hz. The loop took 1.048933 ms (missed cycles : 2).'
file: /home/helenlu/texture_sort/src/third_party/kinova/ros2_control/controller_manager/src/ros2_control_node.cpp
function: operator()
line: 176
---
stamp:
  sec: 1778292040
  nanosec: 246286608
level: 30
name: controller_manager
msg: 'Overrun might occur, Total time : 1086.000 us (Expected < 1000.000 us) --> Read time : 23.714 us, Update time : 146.506 us, Writ...'
file: /home/helenlu/texture_sort/src/third_party/kinova/ros2_control/controller_manager/src/controller_manager.cpp
function: write
line: 3628
---
stamp:
  sec: 1778292041
  nanosec: 238142010
level: 30
name: controller_manager
msg: 'Overrun detected! The controller manager missed its desired rate of 1000 Hz. The loop took 1.022478 ms (missed cycles : 2).'
file: /home/helenlu/texture_sort/src/third_party/kinova/ros2_control/controller_manager/src/ros2_control_node.cpp
function: operator()
line: 176
---
stamp:
  sec: 1778292041
  nanosec: 265223224
level: 30
name: controller_manager
msg: 'Overrun might occur, Total time : 1031.052 us (Expected < 1000.000 us) --> Read time : 28.633 us, Update time : 217.484 us, Writ...'
file: /home/helenlu/texture_sort/src/third_party/kinova/ros2_control/controller_manager/src/controller_manager.cpp
function: write
line: 3628
---
stamp:
  sec: 1778292042
  nanosec: 249143541
level: 30
name: controller_manager
msg: 'Overrun detected! The controller manager missed its desired rate of 1000 Hz. The loop took 4.025118 ms (missed cycles : 5).'
file: /home/helenlu/texture_sort/src/third_party/kinova/ros2_control/controller_manager/src/ros2_control_node.cpp
function: operator()
line: 176
---
stamp:
  sec: 1778292042
  nanosec: 272947845
level: 30
name: controller_manager
msg: 'Overrun might occur, Total time : 2833.982 us (Expected < 1000.000 us) --> Read time : 45.527 us, Update time : 254.820 us, Writ...'
file: /home/helenlu/texture_sort/src/third_party/kinova/ros2_control/controller_manager/src/controller_manager.cpp
function: write
line: 3628
---
stamp:
  sec: 1778292043
  nanosec: 270182099
level: 30
name: controller_manager
msg: 'Overrun detected! The controller manager missed its desired rate of 1000 Hz. The loop took 1.063398 ms (missed cycles : 2).'
file: /home/helenlu/texture_sort/src/third_party/kinova/ros2_control/controller_manager/src/ros2_control_node.cpp
function: operator()
line: 176
---
stamp:
  sec: 1778292043
  nanosec: 288932192
level: 30
name: controller_manager
msg: 'Overrun might occur, Total time : 1099.291 us (Expected < 1000.000 us) --> Read time : 87.067 us, Update time : 310.197 us, Writ...'
file: /home/helenlu/texture_sort/src/third_party/kinova/ros2_control/controller_manager/src/controller_manager.cpp
function: write
line: 3628
---
stamp:
  sec: 1778292044
  nanosec: 280149017
level: 30
name: controller_manager
msg: 'Overrun detected! The controller manager missed its desired rate of 1000 Hz. The loop took 1.029133 ms (missed cycles : 2).'
file: /home/helenlu/texture_sort/src/third_party/kinova/ros2_control/controller_manager/src/ros2_control_node.cpp
function: operator()
line: 176
---
stamp:
  sec: 1778292044
  nanosec: 307652817
level: 30
name: controller_manager
msg: 'Overrun might occur, Total time : 2441.174 us (Expected < 1000.000 us) --> Read time : 32.060 us, Update time : 186.529 us, Writ...'
file: /home/helenlu/texture_sort/src/third_party/kinova/ros2_control/controller_manager/src/controller_manager.cpp
function: write
line: 3628
---
stamp:
  sec: 1778292045
  nanosec: 280562553
level: 30
name: controller_manager
msg: 'Overrun detected! The controller manager missed its desired rate of 1000 Hz. The loop took 1.443601 ms (missed cycles : 2).'
file: /home/helenlu/texture_sort/src/third_party/kinova/ros2_control/controller_manager/src/ros2_control_node.cpp
function: operator()
line: 176
---
stamp:
  sec: 1778292045
  nanosec: 315367571
level: 30
name: controller_manager
msg: 'Overrun might occur, Total time : 4170.595 us (Expected < 1000.000 us) --> Read time : 24.485 us, Update time : 168.315 us, Writ...'
file: /home/helenlu/texture_sort/src/third_party/kinova/ros2_control/controller_manager/src/controller_manager.cpp
function: write
line: 3628
---
stamp:
  sec: 1778292046
  nanosec: 280918736
level: 30
name: controller_manager
msg: 'Overrun detected! The controller manager missed its desired rate of 1000 Hz. The loop took 1.799016 ms (missed cycles : 2).'
file: /home/helenlu/texture_sort/src/third_party/kinova/ros2_control/controller_manager/src/ros2_control_node.cpp
function: operator()
line: 176
---
stamp:
  sec: 1778292046
  nanosec: 327198816
level: 30
name: controller_manager
msg: 'Overrun might occur, Total time : 1003.023 us (Expected < 1000.000 us) --> Read time : 39.013 us, Update time : 270.061 us, Writ...'
file: /home/helenlu/texture_sort/src/third_party/kinova/ros2_control/controller_manager/src/controller_manager.cpp
function: write
line: 3628
---
stamp:
  sec: 1778292047
  nanosec: 288002559
level: 30
name: controller_manager
msg: 'Overrun detected! The controller manager missed its desired rate of 1000 Hz. The loop took 1.881956 ms (missed cycles : 2).'
file: /home/helenlu/texture_sort/src/third_party/kinova/ros2_control/controller_manager/src/ros2_control_node.cpp
function: operator()
line: 176
---
stamp:
  sec: 1778292047
  nanosec: 341227706
level: 30
name: controller_manager
msg: 'Overrun might occur, Total time : 1035.641 us (Expected < 1000.000 us) --> Read time : 29.549 us, Update time : 157.391 us, Writ...'
file: /home/helenlu/texture_sort/src/third_party/kinova/ros2_control/controller_manager/src/controller_manager.cpp
function: write
line: 3628
---
stamp:
  sec: 1778292048
  nanosec: 303382781
level: 30
name: controller_manager
msg: 'Overrun detected! The controller manager missed its desired rate of 1000 Hz. The loop took 1.263407 ms (missed cycles : 2).'
file: /home/helenlu/texture_sort/src/third_party/kinova/ros2_control/controller_manager/src/ros2_control_node.cpp
function: operator()
line: 176
---
stamp:
  sec: 1778292048
  nanosec: 358251606
level: 30
name: controller_manager
msg: 'Overrun might occur, Total time : 1055.244 us (Expected < 1000.000 us) --> Read time : 51.334 us, Update time : 267.852 us, Writ...'
file: /home/helenlu/texture_sort/src/third_party/kinova/ros2_control/controller_manager/src/controller_manager.cpp
function: write
line: 3628
---
stamp:
  sec: 1778292049
  nanosec: 316937490
level: 30
name: controller_manager
msg: 'Overrun detected! The controller manager missed its desired rate of 1000 Hz. The loop took 2.818138 ms (missed cycles : 3).'
file: /home/helenlu/texture_sort/src/third_party/kinova/ros2_control/controller_manager/src/ros2_control_node.cpp
function: operator()
line: 176
---
stamp:
  sec: 1778292049
  nanosec: 380999213
level: 30
name: controller_manager
msg: 'Overrun might occur, Total time : 4017.871 us (Expected < 1000.000 us) --> Read time : 149.407 us, Update time : 680.328 us, Wri...'
file: /home/helenlu/texture_sort/src/third_party/kinova/ros2_control/controller_manager/src/controller_manager.cpp
function: write
line: 3628
---
stamp:
  sec: 1778292050
  nanosec: 328366621
level: 30
name: controller_manager
msg: 'Overrun detected! The controller manager missed its desired rate of 1000 Hz. The loop took 1.248897 ms (missed cycles : 2).'
file: /home/helenlu/texture_sort/src/third_party/kinova/ros2_control/controller_manager/src/ros2_control_node.cpp
function: operator()
line: 176
---
stamp:
  sec: 1778292050
  nanosec: 381052459
level: 30
name: controller_manager
msg: 'Overrun might occur, Total time : 1856.893 us (Expected < 1000.000 us) --> Read time : 24.483 us, Update time : 398.434 us, Writ...'
file: /home/helenlu/texture_sort/src/third_party/kinova/ros2_control/controller_manager/src/controller_manager.cpp
function: write
line: 3628
---
stamp:
  sec: 1778292051
  nanosec: 330443467
level: 30
name: controller_manager
msg: 'Overrun detected! The controller manager missed its desired rate of 1000 Hz. The loop took 2.324782 ms (missed cycles : 3).'
file: /home/helenlu/texture_sort/src/third_party/kinova/ros2_control/controller_manager/src/ros2_control_node.cpp
function: operator()
line: 176
---
stamp:
  sec: 1778292051
  nanosec: 415191502
level: 30
name: controller_manager
msg: 'Overrun might occur, Total time : 1000.498 us (Expected < 1000.000 us) --> Read time : 24.794 us, Update time : 204.784 us, Writ...'
file: /home/helenlu/texture_sort/src/third_party/kinova/ros2_control/controller_manager/src/controller_manager.cpp
function: write
line: 3628
---
stamp:
  sec: 1778292052
  nanosec: 341389858
level: 30
name: controller_manager
msg: 'Overrun detected! The controller manager missed its desired rate of 1000 Hz. The loop took 1.270985 ms (missed cycles : 2).'
file: /home/helenlu/texture_sort/src/third_party/kinova/ros2_control/controller_manager/src/ros2_control_node.cpp
function: operator()
line: 176
---
stamp:
  sec: 1778292052
  nanosec: 415372614
level: 30
name: controller_manager
msg: 'Overrun might occur, Total time : 1178.032 us (Expected < 1000.000 us) --> Read time : 30.921 us, Update time : 284.310 us, Writ...'
file: /home/helenlu/texture_sort/src/third_party/kinova/ros2_control/controller_manager/src/controller_manager.cpp
function: write
line: 3628
---
stamp:
  sec: 1778292053
  nanosec: 344162536
level: 30
name: controller_manager
msg: 'Overrun detected! The controller manager missed its desired rate of 1000 Hz. The loop took 1.043230 ms (missed cycles : 2).'
file: /home/helenlu/texture_sort/src/third_party/kinova/ros2_control/controller_manager/src/ros2_control_node.cpp
function: operator()
line: 176
---
stamp:
  sec: 1778292053
  nanosec: 415389479
level: 30
name: controller_manager
msg: 'Overrun might occur, Total time : 1198.196 us (Expected < 1000.000 us) --> Read time : 50.300 us, Update time : 487.397 us, Writ...'
file: /home/helenlu/texture_sort/src/third_party/kinova/ros2_control/controller_manager/src/controller_manager.cpp
function: write
line: 3628
---
stamp:
  sec: 1778292054
  nanosec: 348649352
level: 30
name: controller_manager
msg: 'Overrun detected! The controller manager missed its desired rate of 1000 Hz. The loop took 2.530736 ms (missed cycles : 3).'
file: /home/helenlu/texture_sort/src/third_party/kinova/ros2_control/controller_manager/src/ros2_control_node.cpp
function: operator()
line: 176
---
stamp:
  sec: 1778292054
  nanosec: 430841767
level: 30
name: controller_manager
msg: 'Overrun might occur, Total time : 1653.874 us (Expected < 1000.000 us) --> Read time : 21.661 us, Update time : 163.099 us, Writ...'
file: /home/helenlu/texture_sort/src/third_party/kinova/ros2_control/controller_manager/src/controller_manager.cpp
function: write
line: 3628
---
stamp:
  sec: 1778292055
  nanosec: 350224005
level: 30
name: controller_manager
msg: 'Overrun detected! The controller manager missed its desired rate of 1000 Hz. The loop took 1.105530 ms (missed cycles : 2).'
file: /home/helenlu/texture_sort/src/third_party/kinova/ros2_control/controller_manager/src/ros2_control_node.cpp
function: operator()
line: 176
---
stamp:
  sec: 1778292055
  nanosec: 454031407
level: 30
name: controller_manager
msg: 'Overrun might occur, Total time : 2827.562 us (Expected < 1000.000 us) --> Read time : 32.595 us, Update time : 232.477 us, Writ...'
file: /home/helenlu/texture_sort/src/third_party/kinova/ros2_control/controller_manager/src/controller_manager.cpp
function: write
line: 3628
---
stamp:
  sec: 1778292056
  nanosec: 359783758
level: 30
name: controller_manager
msg: 'Overrun detected! The controller manager missed its desired rate of 1000 Hz. The loop took 1.664966 ms (missed cycles : 2).'
file: /home/helenlu/texture_sort/src/third_party/kinova/ros2_control/controller_manager/src/ros2_control_node.cpp
function: operator()
line: 176
---
stamp:
  sec: 1778292056
  nanosec: 454287174
level: 30
name: controller_manager
msg: 'Overrun might occur, Total time : 1093.153 us (Expected < 1000.000 us) --> Read time : 40.844 us, Update time : 249.880 us, Writ...'
file: /home/helenlu/texture_sort/src/third_party/kinova/ros2_control/controller_manager/src/controller_manager.cpp
function: write
line: 3628
---
stamp:
  sec: 1778292057
  nanosec: 360973024
level: 30
name: controller_manager
msg: 'Overrun detected! The controller manager missed its desired rate of 1000 Hz. The loop took 1.854666 ms (missed cycles : 2).'
file: /home/helenlu/texture_sort/src/third_party/kinova/ros2_control/controller_manager/src/ros2_control_node.cpp
function: operator()
line: 176
---
stamp:
  sec: 1778292057
  nanosec: 459196936
level: 30
name: controller_manager
msg: 'Overrun might occur, Total time : 1002.942 us (Expected < 1000.000 us) --> Read time : 67.632 us, Update time : 297.828 us, Writ...'
file: /home/helenlu/texture_sort/src/third_party/kinova/ros2_control/controller_manager/src/controller_manager.cpp
function: write
line: 3628
---
stamp:
  sec: 1778292058
  nanosec: 368338445
level: 30
name: controller_manager
msg: 'Overrun detected! The controller manager missed its desired rate of 1000 Hz. The loop took 1.220746 ms (missed cycles : 2).'
file: /home/helenlu/texture_sort/src/third_party/kinova/ros2_control/controller_manager/src/ros2_control_node.cpp
function: operator()
line: 176
---
stamp:
  sec: 1778292058
  nanosec: 478159236
level: 30
name: controller_manager
msg: 'Overrun might occur, Total time : 1978.014 us (Expected < 1000.000 us) --> Read time : 16.805 us, Update time : 127.083 us, Writ...'
file: /home/helenlu/texture_sort/src/third_party/kinova/ros2_control/controller_manager/src/controller_manager.cpp
function: write
line: 3628
---
stamp:
  sec: 1778292059
  nanosec: 374412244
level: 30
name: controller_manager
msg: 'Overrun detected! The controller manager missed its desired rate of 1000 Hz. The loop took 1.292386 ms (missed cycles : 2).'
file: /home/helenlu/texture_sort/src/third_party/kinova/ros2_control/controller_manager/src/ros2_control_node.cpp
function: operator()
line: 176
---
stamp:
  sec: 1778292059
  nanosec: 483444144
level: 30
name: controller_manager
msg: 'Overrun might occur, Total time : 1256.758 us (Expected < 1000.000 us) --> Read time : 24.290 us, Update time : 235.477 us, Writ...'
file: /home/helenlu/texture_sort/src/third_party/kinova/ros2_control/controller_manager/src/controller_manager.cpp
function: write
line: 3628
---
stamp:
  sec: 1778292060
  nanosec: 381354211
level: 30
name: controller_manager
msg: 'Overrun detected! The controller manager missed its desired rate of 1000 Hz. The loop took 1.235376 ms (missed cycles : 2).'
file: /home/helenlu/texture_sort/src/third_party/kinova/ros2_control/controller_manager/src/ros2_control_node.cpp
function: operator()
line: 176
---
stamp:
  sec: 1778292060
  nanosec: 499342509
level: 30
name: controller_manager
msg: 'Overrun might occur, Total time : 1138.893 us (Expected < 1000.000 us) --> Read time : 29.175 us, Update time : 469.683 us, Writ...'
file: /home/helenlu/texture_sort/src/third_party/kinova/ros2_control/controller_manager/src/controller_manager.cpp
function: write
line: 3628
---
stamp:
  sec: 1778292061
  nanosec: 382959726
level: 30
name: controller_manager
msg: 'Overrun detected! The controller manager missed its desired rate of 1000 Hz. The loop took 2.841149 ms (missed cycles : 3).'
file: /home/helenlu/texture_sort/src/third_party/kinova/ros2_control/controller_manager/src/ros2_control_node.cpp
function: operator()
line: 176
---
stamp:
  sec: 1778292061
  nanosec: 508003444
level: 30
name: controller_manager
msg: 'Overrun might occur, Total time : 2806.426 us (Expected < 1000.000 us) --> Read time : 22.877 us, Update time : 207.655 us, Writ...'
file: /home/helenlu/texture_sort/src/third_party/kinova/ros2_control/controller_manager/src/controller_manager.cpp
function: write
line: 3628
---
stamp:
  sec: 1778292062
  nanosec: 401575565
level: 30
name: controller_manager
msg: 'Overrun detected! The controller manager missed its desired rate of 1000 Hz. The loop took 1.456832 ms (missed cycles : 2).'
file: /home/helenlu/texture_sort/src/third_party/kinova/ros2_control/controller_manager/src/ros2_control_node.cpp
function: operator()
line: 176
---
stamp:
  sec: 1778292062
  nanosec: 512940779
level: 30
name: controller_manager
msg: 'Overrun might occur, Total time : 1752.627 us (Expected < 1000.000 us) --> Read time : 38.475 us, Update time : 153.267 us, Writ...'
file: /home/helenlu/texture_sort/src/third_party/kinova/ros2_control/controller_manager/src/controller_manager.cpp
function: write
line: 3628
---
stamp:
  sec: 1778292063
  nanosec: 408014540
level: 30
name: controller_manager
msg: 'Overrun detected! The controller manager missed its desired rate of 1000 Hz. The loop took 2.896668 ms (missed cycles : 3).'
file: /home/helenlu/texture_sort/src/third_party/kinova/ros2_control/controller_manager/src/ros2_control_node.cpp
function: operator()
line: 176
---
stamp:
  sec: 1778292063
  nanosec: 516759548
level: 30
name: controller_manager
msg: 'Overrun might occur, Total time : 4546.871 us (Expected < 1000.000 us) --> Read time : 3376.229 us, Update time : 567.351 us, Wr...'
file: /home/helenlu/texture_sort/src/third_party/kinova/ros2_control/controller_manager/src/controller_manager.cpp
function: write
line: 3628
---
stamp:
  sec: 1778292064
  nanosec: 412231270
level: 30
name: controller_manager
msg: 'Overrun detected! The controller manager missed its desired rate of 1000 Hz. The loop took 1.112865 ms (missed cycles : 2).'
file: /home/helenlu/texture_sort/src/third_party/kinova/ros2_control/controller_manager/src/ros2_control_node.cpp
function: operator()
line: 176
---
stamp:
  sec: 1778292064
  nanosec: 571221595
level: 30
name: controller_manager
msg: 'Overrun might occur, Total time : 1011.645 us (Expected < 1000.000 us) --> Read time : 83.427 us, Update time : 216.893 us, Writ...'
file: /home/helenlu/texture_sort/src/third_party/kinova/ros2_control/controller_manager/src/controller_manager.cpp
function: write
line: 3628
---
stamp:
  sec: 1778292065
  nanosec: 422758954
level: 30
name: controller_manager
msg: 'Overrun detected! The controller manager missed its desired rate of 1000 Hz. The loop took 1.640428 ms (missed cycles : 2).'
file: /home/helenlu/texture_sort/src/third_party/kinova/ros2_control/controller_manager/src/ros2_control_node.cpp
function: operator()
line: 176
---
stamp:
  sec: 1778292065
  nanosec: 571252282
level: 30
name: controller_manager
msg: 'Overrun might occur, Total time : 1059.382 us (Expected < 1000.000 us) --> Read time : 26.701 us, Update time : 133.950 us, Writ...'
file: /home/helenlu/texture_sort/src/third_party/kinova/ros2_control/controller_manager/src/controller_manager.cpp
function: write
line: 3628
---
stamp:
  sec: 1778292066
  nanosec: 470273202
level: 30
name: controller_manager
msg: 'Overrun detected! The controller manager missed its desired rate of 1000 Hz. The loop took 2.153930 ms (missed cycles : 3).'
file: /home/helenlu/texture_sort/src/third_party/kinova/ros2_control/controller_manager/src/ros2_control_node.cpp
function: operator()
line: 176
---
stamp:
  sec: 1778292066
  nanosec: 580646082
level: 30
name: controller_manager
msg: 'Overrun might occur, Total time : 1455.186 us (Expected < 1000.000 us) --> Read time : 165.378 us, Update time : 348.594 us, Wri...'
file: /home/helenlu/texture_sort/src/third_party/kinova/ros2_control/controller_manager/src/controller_manager.cpp
function: write
line: 3628
---
stamp:
  sec: 1778292067
  nanosec: 471497712
level: 30
name: controller_manager
msg: 'Overrun detected! The controller manager missed its desired rate of 1000 Hz. The loop took 1.203295 ms (missed cycles : 2).'
file: /home/helenlu/texture_sort/src/third_party/kinova/ros2_control/controller_manager/src/ros2_control_node.cpp
function: operator()
line: 176
---
stamp:
  sec: 1778292067
  nanosec: 591716643
level: 30
name: controller_manager
msg: 'Overrun might occur, Total time : 1528.243 us (Expected < 1000.000 us) --> Read time : 36.352 us, Update time : 157.086 us, Writ...'
file: /home/helenlu/texture_sort/src/third_party/kinova/ros2_control/controller_manager/src/controller_manager.cpp
function: write
line: 3628
---
stamp:
  sec: 1778292068
  nanosec: 485220825
level: 30
name: controller_manager
msg: 'Overrun detected! The controller manager missed its desired rate of 1000 Hz. The loop took 1.102630 ms (missed cycles : 2).'
file: /home/helenlu/texture_sort/src/third_party/kinova/ros2_control/controller_manager/src/ros2_control_node.cpp
function: operator()
line: 176
---
stamp:
  sec: 1778292068
  nanosec: 629625005
level: 30
name: controller_manager
msg: 'Overrun might occur, Total time : 1437.517 us (Expected < 1000.000 us) --> Read time : 43.326 us, Update time : 149.957 us, Writ...'
file: /home/helenlu/texture_sort/src/third_party/kinova/ros2_control/controller_manager/src/controller_manager.cpp
function: write
line: 3628
---
stamp:
  sec: 1778292069
  nanosec: 502159147
level: 30
name: controller_manager
msg: 'Overrun detected! The controller manager missed its desired rate of 1000 Hz. The loop took 1.039738 ms (missed cycles : 2).'
file: /home/helenlu/texture_sort/src/third_party/kinova/ros2_control/controller_manager/src/ros2_control_node.cpp
function: operator()
line: 176
---
stamp:
  sec: 1778292069
  nanosec: 630910479
level: 30
name: controller_manager
msg: 'Overrun might occur, Total time : 1723.788 us (Expected < 1000.000 us) --> Read time : 15.640 us, Update time : 121.207 us, Writ...'
file: /home/helenlu/texture_sort/src/third_party/kinova/ros2_control/controller_manager/src/controller_manager.cpp
function: write
line: 3628
---
stamp:
  sec: 1778292070
  nanosec: 502252345
level: 30
name: controller_manager
msg: 'Overrun detected! The controller manager missed its desired rate of 1000 Hz. The loop took 1.133471 ms (missed cycles : 2).'
file: /home/helenlu/texture_sort/src/third_party/kinova/ros2_control/controller_manager/src/ros2_control_node.cpp
function: operator()
line: 176
---
stamp:
  sec: 1778292070
  nanosec: 633878209
level: 30
name: controller_manager
msg: 'Overrun might occur, Total time : 1719.105 us (Expected < 1000.000 us) --> Read time : 22.965 us, Update time : 284.377 us, Writ...'
file: /home/helenlu/texture_sort/src/third_party/kinova/ros2_control/controller_manager/src/controller_manager.cpp
function: write
line: 3628
---
stamp:
  sec: 1778292071
  nanosec: 505019794
level: 30
name: controller_manager
msg: 'Overrun detected! The controller manager missed its desired rate of 1000 Hz. The loop took 1.901058 ms (missed cycles : 2).'
file: /home/helenlu/texture_sort/src/third_party/kinova/ros2_control/controller_manager/src/ros2_control_node.cpp
function: operator()
line: 176
---
stamp:
  sec: 1778292071
  nanosec: 637439787
level: 30
name: controller_manager
msg: 'Overrun might occur, Total time : 2245.021 us (Expected < 1000.000 us) --> Read time : 44.474 us, Update time : 277.698 us, Writ...'
file: /home/helenlu/texture_sort/src/third_party/kinova/ros2_control/controller_manager/src/controller_manager.cpp
function: write
line: 3628
---
stamp:
  sec: 1778292072
  nanosec: 509003602
level: 30
name: controller_manager
msg: 'Overrun detected! The controller manager missed its desired rate of 1000 Hz. The loop took 3.884477 ms (missed cycles : 4).'
file: /home/helenlu/texture_sort/src/third_party/kinova/ros2_control/controller_manager/src/ros2_control_node.cpp
function: operator()
line: 176
---
stamp:
  sec: 1778292072
  nanosec: 644204281
level: 30
name: controller_manager
msg: 'Overrun might occur, Total time : 1000.195 us (Expected < 1000.000 us) --> Read time : 22.308 us, Update time : 231.934 us, Writ...'
file: /home/helenlu/texture_sort/src/third_party/kinova/ros2_control/controller_manager/src/controller_manager.cpp
function: write
line: 3628
---
stamp:
  sec: 1778292073
  nanosec: 516495990
level: 30
name: controller_manager
msg: 'Overrun detected! The controller manager missed its desired rate of 1000 Hz. The loop took 2.376550 ms (missed cycles : 3).'
file: /home/helenlu/texture_sort/src/third_party/kinova/ros2_control/controller_manager/src/ros2_control_node.cpp
function: operator()
line: 176
---
stamp:
  sec: 1778292073
  nanosec: 648954871
level: 30
name: controller_manager
msg: 'Overrun might occur, Total time : 3761.086 us (Expected < 1000.000 us) --> Read time : 23.876 us, Update time : 173.336 us, Writ...'
file: /home/helenlu/texture_sort/src/third_party/kinova/ros2_control/controller_manager/src/controller_manager.cpp
function: write
line: 3628
---
stamp:
  sec: 1778292074
  nanosec: 516936017
level: 30
name: controller_manager
msg: 'Overrun detected! The controller manager missed its desired rate of 1000 Hz. The loop took 1.818407 ms (missed cycles : 2).'
file: /home/helenlu/texture_sort/src/third_party/kinova/ros2_control/controller_manager/src/ros2_control_node.cpp
function: operator()
line: 176
---
stamp:
  sec: 1778292074
  nanosec: 650488310
level: 30
name: controller_manager
msg: 'Overrun might occur, Total time : 2281.415 us (Expected < 1000.000 us) --> Read time : 54.559 us, Update time : 431.598 us, Writ...'
file: /home/helenlu/texture_sort/src/third_party/kinova/ros2_control/controller_manager/src/controller_manager.cpp
function: write
line: 3628
---
stamp:
  sec: 1778292075
  nanosec: 520042539
level: 30
name: controller_manager
msg: 'Overrun detected! The controller manager missed its desired rate of 1000 Hz. The loop took 2.923722 ms (missed cycles : 3).'
file: /home/helenlu/texture_sort/src/third_party/kinova/ros2_control/controller_manager/src/ros2_control_node.cpp
function: operator()
line: 176
---
stamp:
  sec: 1778292075
  nanosec: 650583141
level: 30
name: controller_manager
msg: 'Overrun might occur, Total time : 1366.857 us (Expected < 1000.000 us) --> Read time : 32.867 us, Update time : 644.720 us, Writ...'
file: /home/helenlu/texture_sort/src/third_party/kinova/ros2_control/controller_manager/src/controller_manager.cpp
function: write
line: 3628
---
stamp:
  sec: 1778292076
  nanosec: 523949534
level: 30
name: controller_manager
msg: 'Overrun detected! The controller manager missed its desired rate of 1000 Hz. The loop took 2.831144 ms (missed cycles : 3).'
file: /home/helenlu/texture_sort/src/third_party/kinova/ros2_control/controller_manager/src/ros2_control_node.cpp
function: operator()
line: 176
---
stamp:
  sec: 1778292076
  nanosec: 653220676
level: 30
name: controller_manager
msg: 'Overrun might occur, Total time : 1026.991 us (Expected < 1000.000 us) --> Read time : 28.277 us, Update time : 569.795 us, Writ...'
file: /home/helenlu/texture_sort/src/third_party/kinova/ros2_control/controller_manager/src/controller_manager.cpp
function: write
line: 3628
---
stamp:
  sec: 1778292077
  nanosec: 525145093
level: 30
name: controller_manager
msg: 'Overrun detected! The controller manager missed its desired rate of 1000 Hz. The loop took 1.025913 ms (missed cycles : 2).'
file: /home/helenlu/texture_sort/src/third_party/kinova/ros2_control/controller_manager/src/ros2_control_node.cpp
function: operator()
line: 176
---
stamp:
  sec: 1778292077
  nanosec: 670836550
level: 30
name: controller_manager
msg: 'Overrun might occur, Total time : 1425.041 us (Expected < 1000.000 us) --> Read time : 110.090 us, Update time : 610.554 us, Wri...'
file: /home/helenlu/texture_sort/src/third_party/kinova/ros2_control/controller_manager/src/controller_manager.cpp
function: write
line: 3628
---
stamp:
  sec: 1778292078
  nanosec: 529436709
level: 30
name: controller_manager
msg: 'Overrun detected! The controller manager missed its desired rate of 1000 Hz. The loop took 1.319109 ms (missed cycles : 2).'
file: /home/helenlu/texture_sort/src/third_party/kinova/ros2_control/controller_manager/src/ros2_control_node.cpp
function: operator()
line: 176
---
stamp:
  sec: 1778292078
  nanosec: 681765425
level: 30
name: controller_manager
msg: 'Overrun might occur, Total time : 2562.269 us (Expected < 1000.000 us) --> Read time : 37.556 us, Update time : 266.859 us, Writ...'
file: /home/helenlu/texture_sort/src/third_party/kinova/ros2_control/controller_manager/src/controller_manager.cpp
function: write
line: 3628
---
stamp:
  sec: 1778292079
  nanosec: 541177557
level: 30
name: controller_manager
msg: 'Overrun detected! The controller manager missed its desired rate of 1000 Hz. The loop took 2.059199 ms (missed cycles : 3).'
file: /home/helenlu/texture_sort/src/third_party/kinova/ros2_control/controller_manager/src/ros2_control_node.cpp
function: operator()
line: 176
---
stamp:
  sec: 1778292079
  nanosec: 689423966
level: 30
name: controller_manager
msg: 'Overrun might occur, Total time : 1219.108 us (Expected < 1000.000 us) --> Read time : 32.899 us, Update time : 236.315 us, Writ...'
file: /home/helenlu/texture_sort/src/third_party/kinova/ros2_control/controller_manager/src/controller_manager.cpp
function: write
line: 3628
---
stamp:
  sec: 1778292080
  nanosec: 546470593
level: 30
name: controller_manager
msg: 'Overrun detected! The controller manager missed its desired rate of 1000 Hz. The loop took 1.352390 ms (missed cycles : 2).'
file: /home/helenlu/texture_sort/src/third_party/kinova/ros2_control/controller_manager/src/ros2_control_node.cpp
function: operator()
line: 176
---
stamp:
  sec: 1778292080
  nanosec: 718053730
level: 30
name: controller_manager
msg: 'Overrun might occur, Total time : 2847.886 us (Expected < 1000.000 us) --> Read time : 50.879 us, Update time : 230.492 us, Writ...'
file: /home/helenlu/texture_sort/src/third_party/kinova/ros2_control/controller_manager/src/controller_manager.cpp
function: write
line: 3628
---
stamp:
  sec: 1778292081
  nanosec: 554578435
level: 30
name: controller_manager
msg: 'Overrun detected! The controller manager missed its desired rate of 1000 Hz. The loop took 1.458944 ms (missed cycles : 2).'
file: /home/helenlu/texture_sort/src/third_party/kinova/ros2_control/controller_manager/src/ros2_control_node.cpp
function: operator()
line: 176
---
stamp:
  sec: 1778292081
  nanosec: 732423031
level: 30
name: controller_manager
msg: 'Overrun might occur, Total time : 1235.058 us (Expected < 1000.000 us) --> Read time : 56.696 us, Update time : 185.386 us, Writ...'
file: /home/helenlu/texture_sort/src/third_party/kinova/ros2_control/controller_manager/src/controller_manager.cpp
function: write
line: 3628
---
stamp:
  sec: 1778292082
  nanosec: 555575979
level: 30
name: controller_manager
msg: 'Overrun detected! The controller manager missed its desired rate of 1000 Hz. The loop took 1.457420 ms (missed cycles : 2).'
file: /home/helenlu/texture_sort/src/third_party/kinova/ros2_control/controller_manager/src/ros2_control_node.cpp
function: operator()
line: 176
---
stamp:
  sec: 1778292082
  nanosec: 758622893
level: 30
name: controller_manager
msg: 'Overrun might occur, Total time : 2434.937 us (Expected < 1000.000 us) --> Read time : 17.179 us, Update time : 127.726 us, Writ...'
file: /home/helenlu/texture_sort/src/third_party/kinova/ros2_control/controller_manager/src/controller_manager.cpp
function: write
line: 3628
---
stamp:
  sec: 1778292083
  nanosec: 557278620
level: 30
name: controller_manager
msg: 'Overrun detected! The controller manager missed its desired rate of 1000 Hz. The loop took 1.159947 ms (missed cycles : 2).'
file: /home/helenlu/texture_sort/src/third_party/kinova/ros2_control/controller_manager/src/ros2_control_node.cpp
function: operator()
line: 176
---
stamp:
  sec: 1778292083
  nanosec: 762208166
level: 30
name: controller_manager
msg: 'Overrun might occur, Total time : 1023.331 us (Expected < 1000.000 us) --> Read time : 25.094 us, Update time : 398.811 us, Writ...'
file: /home/helenlu/texture_sort/src/third_party/kinova/ros2_control/controller_manager/src/controller_manager.cpp
function: write
line: 3628
---
stamp:
  sec: 1778292084
  nanosec: 563298290
level: 30
name: controller_manager
msg: 'Overrun detected! The controller manager missed its desired rate of 1000 Hz. The loop took 1.179037 ms (missed cycles : 2).'
file: /home/helenlu/texture_sort/src/third_party/kinova/ros2_control/controller_manager/src/ros2_control_node.cpp
function: operator()
line: 176
---
stamp:
  sec: 1778292084
  nanosec: 763673704
level: 30
name: controller_manager
msg: 'Overrun might occur, Total time : 2474.690 us (Expected < 1000.000 us) --> Read time : 33.618 us, Update time : 244.330 us, Writ...'
file: /home/helenlu/texture_sort/src/third_party/kinova/ros2_control/controller_manager/src/controller_manager.cpp
function: write
line: 3628
---
stamp:
  sec: 1778292085
  nanosec: 564361038
level: 30
name: controller_manager
msg: 'Overrun detected! The controller manager missed its desired rate of 1000 Hz. The loop took 2.242842 ms (missed cycles : 3).'
file: /home/helenlu/texture_sort/src/third_party/kinova/ros2_control/controller_manager/src/ros2_control_node.cpp
function: operator()
line: 176
---
stamp:
  sec: 1778292085
  nanosec: 779006238
level: 30
name: controller_manager
msg: 'Overrun might occur, Total time : 1765.883 us (Expected < 1000.000 us) --> Read time : 24.766 us, Update time : 1212.770 us, Wri...'
file: /home/helenlu/texture_sort/src/third_party/kinova/ros2_control/controller_manager/src/controller_manager.cpp
function: write
line: 3628
---
stamp:
  sec: 1778292086
  nanosec: 565132618
level: 30
name: controller_manager
msg: 'Overrun detected! The controller manager missed its desired rate of 1000 Hz. The loop took 1.013136 ms (missed cycles : 2).'
file: /home/helenlu/texture_sort/src/third_party/kinova/ros2_control/controller_manager/src/ros2_control_node.cpp
function: operator()
line: 176
---
stamp:
  sec: 1778292086
  nanosec: 779346281
level: 30
name: controller_manager
msg: 'Overrun might occur, Total time : 1133.297 us (Expected < 1000.000 us) --> Read time : 38.359 us, Update time : 371.568 us, Writ...'
file: /home/helenlu/texture_sort/src/third_party/kinova/ros2_control/controller_manager/src/controller_manager.cpp
function: write
line: 3628
---
stamp:
  sec: 1778292087
  nanosec: 569182453
level: 30
name: controller_manager
msg: 'Overrun detected! The controller manager missed its desired rate of 1000 Hz. The loop took 1.063055 ms (missed cycles : 2).'
file: /home/helenlu/texture_sort/src/third_party/kinova/ros2_control/controller_manager/src/ros2_control_node.cpp
function: operator()
line: 176
---
stamp:
  sec: 1778292087
  nanosec: 781916622
level: 30
name: controller_manager
msg: 'Overrun might occur, Total time : 1722.026 us (Expected < 1000.000 us) --> Read time : 24.115 us, Update time : 254.639 us, Writ...'
file: /home/helenlu/texture_sort/src/third_party/kinova/ros2_control/controller_manager/src/controller_manager.cpp
function: write
line: 3628
---
stamp:
  sec: 1778292088
  nanosec: 571990423
level: 30
name: controller_manager
msg: 'Overrun detected! The controller manager missed its desired rate of 1000 Hz. The loop took 2.872623 ms (missed cycles : 3).'
file: /home/helenlu/texture_sort/src/third_party/kinova/ros2_control/controller_manager/src/ros2_control_node.cpp
function: operator()
line: 176
---
stamp:
  sec: 1778292088
  nanosec: 786945700
level: 30
name: controller_manager
msg: 'Overrun might occur, Total time : 4005.048 us (Expected < 1000.000 us) --> Read time : 66.914 us, Update time : 302.353 us, Writ...'
file: /home/helenlu/texture_sort/src/third_party/kinova/ros2_control/controller_manager/src/controller_manager.cpp
function: write
line: 3628
---
stamp:
  sec: 1778292089
  nanosec: 573768293
level: 30
name: controller_manager
msg: 'Overrun detected! The controller manager missed its desired rate of 1000 Hz. The loop took 5.648995 ms (missed cycles : 6).'
file: /home/helenlu/texture_sort/src/third_party/kinova/ros2_control/controller_manager/src/ros2_control_node.cpp
function: operator()
line: 176
---
stamp:
  sec: 1778292089
  nanosec: 787092099
level: 30
name: controller_manager
msg: 'Overrun might occur, Total time : 3896.955 us (Expected < 1000.000 us) --> Read time : 34.865 us, Update time : 245.248 us, Writ...'
file: /home/helenlu/texture_sort/src/third_party/kinova/ros2_control/controller_manager/src/controller_manager.cpp
function: write
line: 3628
---
stamp:
  sec: 1778292090
  nanosec: 574397160
level: 30
name: controller_manager
msg: 'Overrun detected! The controller manager missed its desired rate of 1000 Hz. The loop took 1.278460 ms (missed cycles : 2).'
file: /home/helenlu/texture_sort/src/third_party/kinova/ros2_control/controller_manager/src/ros2_control_node.cpp
function: operator()
line: 176
---
stamp:
  sec: 1778292090
  nanosec: 788150226
level: 30
name: controller_manager
msg: 'Overrun might occur, Total time : 1926.723 us (Expected < 1000.000 us) --> Read time : 127.703 us, Update time : 834.130 us, Wri...'
file: /home/helenlu/texture_sort/src/third_party/kinova/ros2_control/controller_manager/src/controller_manager.cpp
function: write
line: 3628
---
stamp:
  sec: 1778292091
  nanosec: 577882590
level: 30
name: controller_manager
msg: 'Overrun detected! The controller manager missed its desired rate of 1000 Hz. The loop took 2.763965 ms (missed cycles : 3).'
file: /home/helenlu/texture_sort/src/third_party/kinova/ros2_control/controller_manager/src/ros2_control_node.cpp
function: operator()
line: 176
---
stamp:
  sec: 1778292091
  nanosec: 789027586
level: 30
name: controller_manager
msg: 'Overrun might occur, Total time : 3823.816 us (Expected < 1000.000 us) --> Read time : 25.368 us, Update time : 170.496 us, Writ...'
file: /home/helenlu/texture_sort/src/third_party/kinova/ros2_control/controller_manager/src/controller_manager.cpp
function: write
line: 3628
---
stamp:
  sec: 1778292092
  nanosec: 584947697
level: 30
name: controller_manager
msg: 'Overrun detected! The controller manager missed its desired rate of 1000 Hz. The loop took 1.829240 ms (missed cycles : 2).'
file: /home/helenlu/texture_sort/src/third_party/kinova/ros2_control/controller_manager/src/ros2_control_node.cpp
function: operator()
line: 176
---
stamp:
  sec: 1778292092
  nanosec: 793081445
level: 30
name: controller_manager
msg: 'Overrun might occur, Total time : 1885.223 us (Expected < 1000.000 us) --> Read time : 25.166 us, Update time : 169.442 us, Writ...'
file: /home/helenlu/texture_sort/src/third_party/kinova/ros2_control/controller_manager/src/controller_manager.cpp
function: write
line: 3628
---
stamp:
  sec: 1778292093
  nanosec: 585083894
level: 30
name: controller_manager
msg: 'Overrun detected! The controller manager missed its desired rate of 1000 Hz. The loop took 1.965428 ms (missed cycles : 2).'
file: /home/helenlu/texture_sort/src/third_party/kinova/ros2_control/controller_manager/src/ros2_control_node.cpp
function: operator()
line: 176
---
stamp:
  sec: 1778292093
  nanosec: 805456407
level: 30
name: controller_manager
msg: 'Overrun might occur, Total time : 2260.622 us (Expected < 1000.000 us) --> Read time : 29.965 us, Update time : 1806.753 us, Wri...'
file: /home/helenlu/texture_sort/src/third_party/kinova/ros2_control/controller_manager/src/controller_manager.cpp
function: write
line: 3628
---
stamp:
  sec: 1778292094
  nanosec: 588167912
level: 30
name: controller_manager
msg: 'Overrun detected! The controller manager missed its desired rate of 1000 Hz. The loop took 1.047948 ms (missed cycles : 2).'
file: /home/helenlu/texture_sort/src/third_party/kinova/ros2_control/controller_manager/src/ros2_control_node.cpp
function: operator()
line: 176
---
stamp:
  sec: 1778292094
  nanosec: 809940768
level: 30
name: controller_manager
msg: 'Overrun might occur, Total time : 4733.103 us (Expected < 1000.000 us) --> Read time : 54.262 us, Update time : 473.325 us, Writ...'
file: /home/helenlu/texture_sort/src/third_party/kinova/ros2_control/controller_manager/src/controller_manager.cpp
function: write
line: 3628
---
stamp:
  sec: 1778292095
  nanosec: 607412930
level: 30
name: controller_manager
msg: 'Overrun detected! The controller manager missed its desired rate of 1000 Hz. The loop took 2.294244 ms (missed cycles : 3).'
file: /home/helenlu/texture_sort/src/third_party/kinova/ros2_control/controller_manager/src/ros2_control_node.cpp
function: operator()
line: 176
---
stamp:
  sec: 1778292095
  nanosec: 811217580
level: 30
name: controller_manager
msg: 'Overrun might occur, Total time : 1024.595 us (Expected < 1000.000 us) --> Read time : 21.487 us, Update time : 351.804 us, Writ...'
file: /home/helenlu/texture_sort/src/third_party/kinova/ros2_control/controller_manager/src/controller_manager.cpp
function: write
line: 3628
---
stamp:
  sec: 1778292096
  nanosec: 621659584
level: 30
name: controller_manager
msg: 'Overrun detected! The controller manager missed its desired rate of 1000 Hz. The loop took 1.540183 ms (missed cycles : 2).'
file: /home/helenlu/texture_sort/src/third_party/kinova/ros2_control/controller_manager/src/ros2_control_node.cpp
function: operator()
line: 176
---
stamp:
  sec: 1778292096
  nanosec: 829397181
level: 30
name: controller_manager
msg: 'Overrun might occur, Total time : 1214.318 us (Expected < 1000.000 us) --> Read time : 21.954 us, Update time : 178.007 us, Writ...'
file: /home/helenlu/texture_sort/src/third_party/kinova/ros2_control/controller_manager/src/controller_manager.cpp
function: write
line: 3628
---
stamp:
  sec: 1778292097
  nanosec: 623309299
level: 30
name: controller_manager
msg: 'Overrun detected! The controller manager missed its desired rate of 1000 Hz. The loop took 3.190242 ms (missed cycles : 4).'
file: /home/helenlu/texture_sort/src/third_party/kinova/ros2_control/controller_manager/src/ros2_control_node.cpp
function: operator()
line: 176
---
stamp:
  sec: 1778292097
  nanosec: 829937914
level: 30
name: controller_manager
msg: 'Overrun might occur, Total time : 2748.857 us (Expected < 1000.000 us) --> Read time : 28.793 us, Update time : 197.009 us, Writ...'
file: /home/helenlu/texture_sort/src/third_party/kinova/ros2_control/controller_manager/src/controller_manager.cpp
function: write
line: 3628
---
stamp:
  sec: 1778292098
  nanosec: 640123523
level: 30
name: controller_manager
msg: 'Overrun detected! The controller manager missed its desired rate of 1000 Hz. The loop took 1.004207 ms (missed cycles : 2).'
file: /home/helenlu/texture_sort/src/third_party/kinova/ros2_control/controller_manager/src/ros2_control_node.cpp
function: operator()
line: 176
---
stamp:
  sec: 1778292098
  nanosec: 848473573
level: 30
name: controller_manager
msg: 'Overrun might occur, Total time : 1283.517 us (Expected < 1000.000 us) --> Read time : 110.484 us, Update time : 686.114 us, Wri...'
file: /home/helenlu/texture_sort/src/third_party/kinova/ros2_control/controller_manager/src/controller_manager.cpp
function: write
line: 3628
---
stamp:
  sec: 1778292099
  nanosec: 640310632
level: 30
name: controller_manager
msg: 'Overrun detected! The controller manager missed its desired rate of 1000 Hz. The loop took 2.192564 ms (missed cycles : 3).'
file: /home/helenlu/texture_sort/src/third_party/kinova/ros2_control/controller_manager/src/ros2_control_node.cpp
function: operator()
line: 176
---
stamp:
  sec: 1778292099
  nanosec: 849962360
level: 30
name: controller_manager
msg: 'Overrun might occur, Total time : 1766.593 us (Expected < 1000.000 us) --> Read time : 38.585 us, Update time : 275.672 us, Writ...'
file: /home/helenlu/texture_sort/src/third_party/kinova/ros2_control/controller_manager/src/controller_manager.cpp
function: write
line: 3628
---
stamp:
  sec: 1778292100
  nanosec: 643206236
level: 30
name: controller_manager
msg: 'Overrun detected! The controller manager missed its desired rate of 1000 Hz. The loop took 1.086365 ms (missed cycles : 2).'
file: /home/helenlu/texture_sort/src/third_party/kinova/ros2_control/controller_manager/src/ros2_control_node.cpp
function: operator()
line: 176
---
stamp:
  sec: 1778292100
  nanosec: 867538634
level: 30
name: controller_manager
msg: 'Overrun might occur, Total time : 3347.049 us (Expected < 1000.000 us) --> Read time : 34.246 us, Update time : 253.995 us, Writ...'
file: /home/helenlu/texture_sort/src/third_party/kinova/ros2_control/controller_manager/src/controller_manager.cpp
function: write
line: 3628
---
stamp:
  sec: 1778292101
  nanosec: 645245362
level: 30
name: controller_manager
msg: 'Overrun detected! The controller manager missed its desired rate of 1000 Hz. The loop took 2.127682 ms (missed cycles : 3).'
file: /home/helenlu/texture_sort/src/third_party/kinova/ros2_control/controller_manager/src/ros2_control_node.cpp
function: operator()
line: 176
---
stamp:
  sec: 1778292101
  nanosec: 872923778
level: 30
name: controller_manager
msg: 'Overrun might occur, Total time : 5728.145 us (Expected < 1000.000 us) --> Read time : 29.316 us, Update time : 185.020 us, Writ...'
file: /home/helenlu/texture_sort/src/third_party/kinova/ros2_control/controller_manager/src/controller_manager.cpp
function: write
line: 3628
---
stamp:
  sec: 1778292102
  nanosec: 657471451
level: 30
name: controller_manager
msg: 'Overrun detected! The controller manager missed its desired rate of 1000 Hz. The loop took 1.353196 ms (missed cycles : 2).'
file: /home/helenlu/texture_sort/src/third_party/kinova/ros2_control/controller_manager/src/ros2_control_node.cpp
function: operator()
line: 176
---
stamp:
  sec: 1778292102
  nanosec: 879373067
level: 30
name: controller_manager
msg: 'Overrun might occur, Total time : 2170.723 us (Expected < 1000.000 us) --> Read time : 21.977 us, Update time : 365.030 us, Writ...'
file: /home/helenlu/texture_sort/src/third_party/kinova/ros2_control/controller_manager/src/controller_manager.cpp
function: write
line: 3628
---
stamp:
  sec: 1778292103
  nanosec: 658496497
level: 30
name: controller_manager
msg: 'Overrun detected! The controller manager missed its desired rate of 1000 Hz. The loop took 1.378349 ms (missed cycles : 2).'
file: /home/helenlu/texture_sort/src/third_party/kinova/ros2_control/controller_manager/src/ros2_control_node.cpp
function: operator()
line: 176
---
stamp:
  sec: 1778292103
  nanosec: 880681190
level: 30
name: controller_manager
msg: 'Overrun might occur, Total time : 1449.608 us (Expected < 1000.000 us) --> Read time : 118.853 us, Update time : 602.311 us, Wri...'
file: /home/helenlu/texture_sort/src/third_party/kinova/ros2_control/controller_manager/src/controller_manager.cpp
function: write
line: 3628
---
stamp:
  sec: 1778292104
  nanosec: 662413067
level: 30
name: controller_manager
msg: 'Overrun detected! The controller manager missed its desired rate of 1000 Hz. The loop took 1.294839 ms (missed cycles : 2).'
file: /home/helenlu/texture_sort/src/third_party/kinova/ros2_control/controller_manager/src/ros2_control_node.cpp
function: operator()
line: 176
---
stamp:
  sec: 1778292104
  nanosec: 881992423
level: 30
name: controller_manager
msg: 'Overrun might occur, Total time : 1781.975 us (Expected < 1000.000 us) --> Read time : 81.868 us, Update time : 268.522 us, Writ...'
file: /home/helenlu/texture_sort/src/third_party/kinova/ros2_control/controller_manager/src/controller_manager.cpp
function: write
line: 3628
---
stamp:
  sec: 1778292105
  nanosec: 663121627
level: 30
name: controller_manager
msg: 'Overrun detected! The controller manager missed its desired rate of 1000 Hz. The loop took 1.001802 ms (missed cycles : 2).'
file: /home/helenlu/texture_sort/src/third_party/kinova/ros2_control/controller_manager/src/ros2_control_node.cpp
function: operator()
line: 176
---
stamp:
  sec: 1778292105
  nanosec: 883067833
level: 30
name: controller_manager
msg: 'Overrun might occur, Total time : 1860.745 us (Expected < 1000.000 us) --> Read time : 25.306 us, Update time : 988.185 us, Writ...'
file: /home/helenlu/texture_sort/src/third_party/kinova/ros2_control/controller_manager/src/controller_manager.cpp
function: write
line: 3628
---
stamp:
  sec: 1778292106
  nanosec: 664172287
level: 30
name: controller_manager
msg: 'Overrun detected! The controller manager missed its desired rate of 1000 Hz. The loop took 1.053108 ms (missed cycles : 2).'
file: /home/helenlu/texture_sort/src/third_party/kinova/ros2_control/controller_manager/src/ros2_control_node.cpp
function: operator()
line: 176
---
stamp:
  sec: 1778292106
  nanosec: 889585815
level: 30
name: controller_manager
msg: 'Overrun might occur, Total time : 1400.322 us (Expected < 1000.000 us) --> Read time : 21.556 us, Update time : 143.829 us, Writ...'
file: /home/helenlu/texture_sort/src/third_party/kinova/ros2_control/controller_manager/src/controller_manager.cpp
function: write
line: 3628
---
stamp:
  sec: 1778292107
  nanosec: 678359509
level: 30
name: controller_manager
msg: 'Overrun detected! The controller manager missed its desired rate of 1000 Hz. The loop took 1.241364 ms (missed cycles : 2).'
file: /home/helenlu/texture_sort/src/third_party/kinova/ros2_control/controller_manager/src/ros2_control_node.cpp
function: operator()
line: 176
---
stamp:
  sec: 1778292107
  nanosec: 890363227
level: 30
name: controller_manager
msg: 'Overrun might occur, Total time : 1089.994 us (Expected < 1000.000 us) --> Read time : 40.333 us, Update time : 230.559 us, Writ...'
file: /home/helenlu/texture_sort/src/third_party/kinova/ros2_control/controller_manager/src/controller_manager.cpp
function: write
line: 3628
---
stamp:
  sec: 1778292108
  nanosec: 684170822
level: 30
name: controller_manager
msg: 'Overrun detected! The controller manager missed its desired rate of 1000 Hz. The loop took 1.051366 ms (missed cycles : 2).'
file: /home/helenlu/texture_sort/src/third_party/kinova/ros2_control/controller_manager/src/ros2_control_node.cpp
function: operator()
line: 176
---
stamp:
  sec: 1778292108
  nanosec: 901699135
level: 30
name: controller_manager
msg: 'Overrun might occur, Total time : 2494.080 us (Expected < 1000.000 us) --> Read time : 33.396 us, Update time : 221.273 us, Writ...'
file: /home/helenlu/texture_sort/src/third_party/kinova/ros2_control/controller_manager/src/controller_manager.cpp
function: write
line: 3628
---
stamp:
  sec: 1778292109
  nanosec: 687496804
level: 30
name: controller_manager
msg: 'Overrun detected! The controller manager missed its desired rate of 1000 Hz. The loop took 2.377538 ms (missed cycles : 3).'
file: /home/helenlu/texture_sort/src/third_party/kinova/ros2_control/controller_manager/src/ros2_control_node.cpp
function: operator()
line: 176
---
stamp:
  sec: 1778292109
  nanosec: 903938132
level: 30
name: controller_manager
msg: 'Overrun might occur, Total time : 1743.848 us (Expected < 1000.000 us) --> Read time : 70.691 us, Update time : 442.805 us, Writ...'
file: /home/helenlu/texture_sort/src/third_party/kinova/ros2_control/controller_manager/src/controller_manager.cpp
function: write
line: 3628
---
stamp:
  sec: 1778292110
  nanosec: 688727912
level: 30
name: controller_manager
msg: 'Overrun detected! The controller manager missed its desired rate of 1000 Hz. The loop took 1.608402 ms (missed cycles : 2).'
file: /home/helenlu/texture_sort/src/third_party/kinova/ros2_control/controller_manager/src/ros2_control_node.cpp
function: operator()
line: 176
---
stamp:
  sec: 1778292110
  nanosec: 905057443
level: 30
name: controller_manager
msg: 'Overrun might occur, Total time : 1856.913 us (Expected < 1000.000 us) --> Read time : 36.043 us, Update time : 927.249 us, Writ...'
file: /home/helenlu/texture_sort/src/third_party/kinova/ros2_control/controller_manager/src/controller_manager.cpp
function: write
line: 3628
---
stamp:
  sec: 1778292111
  nanosec: 691306250
level: 30
name: controller_manager
msg: 'Overrun detected! The controller manager missed its desired rate of 1000 Hz. The loop took 1.187687 ms (missed cycles : 2).'
file: /home/helenlu/texture_sort/src/third_party/kinova/ros2_control/controller_manager/src/ros2_control_node.cpp
function: operator()
line: 176
---
stamp:
  sec: 1778292111
  nanosec: 905251736
level: 30
name: controller_manager
msg: 'Overrun might occur, Total time : 1053.717 us (Expected < 1000.000 us) --> Read time : 38.846 us, Update time : 423.003 us, Writ...'
file: /home/helenlu/texture_sort/src/third_party/kinova/ros2_control/controller_manager/src/controller_manager.cpp
function: write
line: 3628
---
stamp:
  sec: 1778292112
  nanosec: 702630066
level: 30
name: controller_manager
msg: 'Overrun detected! The controller manager missed its desired rate of 1000 Hz. The loop took 8.511324 ms (missed cycles : 9).'
file: /home/helenlu/texture_sort/src/third_party/kinova/ros2_control/controller_manager/src/ros2_control_node.cpp
function: operator()
line: 176
---
stamp:
  sec: 1778292112
  nanosec: 907083631
level: 30
name: controller_manager
msg: 'Overrun might occur, Total time : 1889.688 us (Expected < 1000.000 us) --> Read time : 28.180 us, Update time : 1133.502 us, Wri...'
file: /home/helenlu/texture_sort/src/third_party/kinova/ros2_control/controller_manager/src/controller_manager.cpp
function: write
line: 3628
---
stamp:
  sec: 1778292113
  nanosec: 707717663
level: 30
name: controller_manager
msg: 'Overrun detected! The controller manager missed its desired rate of 1000 Hz. The loop took 1.598143 ms (missed cycles : 2).'
file: /home/helenlu/texture_sort/src/third_party/kinova/ros2_control/controller_manager/src/ros2_control_node.cpp
function: operator()
line: 176
---
stamp:
  sec: 1778292113
  nanosec: 907996759
level: 30
name: controller_manager
msg: 'Overrun might occur, Total time : 3782.633 us (Expected < 1000.000 us) --> Read time : 75.679 us, Update time : 380.646 us, Writ...'
file: /home/helenlu/texture_sort/src/third_party/kinova/ros2_control/controller_manager/src/controller_manager.cpp
function: write
line: 3628
---
stamp:
  sec: 1778292114
  nanosec: 712722278
level: 30
name: controller_manager
msg: 'Overrun detected! The controller manager missed its desired rate of 1000 Hz. The loop took 3.603542 ms (missed cycles : 4).'
file: /home/helenlu/texture_sort/src/third_party/kinova/ros2_control/controller_manager/src/ros2_control_node.cpp
function: operator()
line: 176
---
stamp:
  sec: 1778292114
  nanosec: 912842556
level: 30
name: controller_manager
msg: 'Overrun might occur, Total time : 1645.895 us (Expected < 1000.000 us) --> Read time : 27.039 us, Update time : 164.035 us, Writ...'
file: /home/helenlu/texture_sort/src/third_party/kinova/ros2_control/controller_manager/src/controller_manager.cpp
function: write
line: 3628
---
stamp:
  sec: 1778292115
  nanosec: 717875485
level: 30
name: controller_manager
msg: 'Overrun detected! The controller manager missed its desired rate of 1000 Hz. The loop took 1.756549 ms (missed cycles : 2).'
file: /home/helenlu/texture_sort/src/third_party/kinova/ros2_control/controller_manager/src/ros2_control_node.cpp
function: operator()
line: 176
---
stamp:
  sec: 1778292115
  nanosec: 915674211
level: 30
name: controller_manager
msg: 'Overrun might occur, Total time : 1466.664 us (Expected < 1000.000 us) --> Read time : 35.758 us, Update time : 259.868 us, Writ...'
file: /home/helenlu/texture_sort/src/third_party/kinova/ros2_control/controller_manager/src/controller_manager.cpp
function: write
line: 3628
---
stamp:
  sec: 1778292116
  nanosec: 727764046
level: 30
name: controller_manager
msg: 'Overrun detected! The controller manager missed its desired rate of 1000 Hz. The loop took 1.645804 ms (missed cycles : 2).'
file: /home/helenlu/texture_sort/src/third_party/kinova/ros2_control/controller_manager/src/ros2_control_node.cpp
function: operator()
line: 176
---
stamp:
  sec: 1778292116
  nanosec: 920737704
level: 30
name: controller_manager
msg: 'Overrun might occur, Total time : 3328.369 us (Expected < 1000.000 us) --> Read time : 35.790 us, Update time : 242.827 us, Writ...'
file: /home/helenlu/texture_sort/src/third_party/kinova/ros2_control/controller_manager/src/controller_manager.cpp
function: write
line: 3628
---
stamp:
  sec: 1778292117
  nanosec: 728973820
level: 30
name: controller_manager
msg: 'Overrun detected! The controller manager missed its desired rate of 1000 Hz. The loop took 1.855716 ms (missed cycles : 2).'
file: /home/helenlu/texture_sort/src/third_party/kinova/ros2_control/controller_manager/src/ros2_control_node.cpp
function: operator()
line: 176
---
stamp:
  sec: 1778292117
  nanosec: 924003985
level: 30
name: controller_manager
msg: 'Overrun might occur, Total time : 2814.990 us (Expected < 1000.000 us) --> Read time : 40.261 us, Update time : 357.248 us, Writ...'
file: /home/helenlu/texture_sort/src/third_party/kinova/ros2_control/controller_manager/src/controller_manager.cpp
function: write
line: 3628
---
stamp:
  sec: 1778292118
  nanosec: 730506587
level: 30
name: controller_manager
msg: 'Overrun detected! The controller manager missed its desired rate of 1000 Hz. The loop took 1.388053 ms (missed cycles : 2).'
file: /home/helenlu/texture_sort/src/third_party/kinova/ros2_control/controller_manager/src/ros2_control_node.cpp
function: operator()
line: 176
---
stamp:
  sec: 1778292118
  nanosec: 924152890
level: 30
name: controller_manager
msg: 'Overrun might occur, Total time : 4953.666 us (Expected < 1000.000 us) --> Read time : 43.938 us, Update time : 262.822 us, Writ...'
file: /home/helenlu/texture_sort/src/third_party/kinova/ros2_control/controller_manager/src/controller_manager.cpp
function: write
line: 3628
---
stamp:
  sec: 1778292119
  nanosec: 750099515
level: 30
name: controller_manager
msg: 'Overrun detected! The controller manager missed its desired rate of 1000 Hz. The loop took 1.980520 ms (missed cycles : 2).'
file: /home/helenlu/texture_sort/src/third_party/kinova/ros2_control/controller_manager/src/ros2_control_node.cpp
function: operator()
line: 176
---
stamp:
  sec: 1778292119
  nanosec: 925211804
level: 30
name: controller_manager
msg: 'Overrun might occur, Total time : 1013.116 us (Expected < 1000.000 us) --> Read time : 52.785 us, Update time : 487.643 us, Writ...'
file: /home/helenlu/texture_sort/src/third_party/kinova/ros2_control/controller_manager/src/controller_manager.cpp
function: write
line: 3628
---
stamp:
  sec: 1778292120
  nanosec: 750969671
level: 30
name: controller_manager
msg: 'Overrun detected! The controller manager missed its desired rate of 1000 Hz. The loop took 1.851233 ms (missed cycles : 2).'
file: /home/helenlu/texture_sort/src/third_party/kinova/ros2_control/controller_manager/src/ros2_control_node.cpp
function: operator()
line: 176
---
stamp:
  sec: 1778292120
  nanosec: 927343369
level: 30
name: controller_manager
msg: 'Overrun might occur, Total time : 1153.293 us (Expected < 1000.000 us) --> Read time : 25.513 us, Update time : 200.826 us, Writ...'
file: /home/helenlu/texture_sort/src/third_party/kinova/ros2_control/controller_manager/src/controller_manager.cpp
function: write
line: 3628
---
stamp:
  sec: 1778292121
  nanosec: 752282353
level: 30
name: controller_manager
msg: 'Overrun detected! The controller manager missed its desired rate of 1000 Hz. The loop took 1.164173 ms (missed cycles : 2).'
file: /home/helenlu/texture_sort/src/third_party/kinova/ros2_control/controller_manager/src/ros2_control_node.cpp
function: operator()
line: 176
---
stamp:
  sec: 1778292121
  nanosec: 928883793
level: 30
name: controller_manager
msg: 'Overrun might occur, Total time : 2687.784 us (Expected < 1000.000 us) --> Read time : 33.207 us, Update time : 225.994 us, Writ...'
file: /home/helenlu/texture_sort/src/third_party/kinova/ros2_control/controller_manager/src/controller_manager.cpp
function: write
line: 3628
---
stamp:
  sec: 1778292122
  nanosec: 760571125
level: 30
name: controller_manager
msg: 'Overrun detected! The controller manager missed its desired rate of 1000 Hz. The loop took 2.451751 ms (missed cycles : 3).'
file: /home/helenlu/texture_sort/src/third_party/kinova/ros2_control/controller_manager/src/ros2_control_node.cpp
function: operator()
line: 176
---
stamp:
  sec: 1778292122
  nanosec: 929572677
level: 30
name: controller_manager
msg: 'Overrun might occur, Total time : 1379.339 us (Expected < 1000.000 us) --> Read time : 25.693 us, Update time : 288.235 us, Writ...'
file: /home/helenlu/texture_sort/src/third_party/kinova/ros2_control/controller_manager/src/controller_manager.cpp
function: write
line: 3628
---
stamp:
  sec: 1778292123
  nanosec: 785596421
level: 30
name: controller_manager
msg: 'Overrun detected! The controller manager missed its desired rate of 1000 Hz. The loop took 1.478019 ms (missed cycles : 2).'
file: /home/helenlu/texture_sort/src/third_party/kinova/ros2_control/controller_manager/src/ros2_control_node.cpp
function: operator()
line: 176
---
stamp:
  sec: 1778292123
  nanosec: 930236268
level: 30
name: controller_manager
msg: 'Overrun might occur, Total time : 4827.321 us (Expected < 1000.000 us) --> Read time : 63.510 us, Update time : 2978.661 us, Wri...'
file: /home/helenlu/texture_sort/src/third_party/kinova/ros2_control/controller_manager/src/controller_manager.cpp
function: write
line: 3628
---
stamp:
  sec: 1778292124
  nanosec: 829953678
level: 30
name: controller_manager
msg: 'Overrun detected! The controller manager missed its desired rate of 1000 Hz. The loop took 1.835363 ms (missed cycles : 2).'
file: /home/helenlu/texture_sort/src/third_party/kinova/ros2_control/controller_manager/src/ros2_control_node.cpp
function: operator()
line: 176
---
stamp:
  sec: 1778292124
  nanosec: 951576482
level: 30
name: controller_manager
msg: 'Overrun might occur, Total time : 1144.011 us (Expected < 1000.000 us) --> Read time : 36.547 us, Update time : 228.871 us, Writ...'
file: /home/helenlu/texture_sort/src/third_party/kinova/ros2_control/controller_manager/src/controller_manager.cpp
function: write
line: 3628
---
stamp:
  sec: 1778292125
  nanosec: 834456566
level: 30
name: controller_manager
msg: 'Overrun detected! The controller manager missed its desired rate of 1000 Hz. The loop took 2.337497 ms (missed cycles : 3).'
file: /home/helenlu/texture_sort/src/third_party/kinova/ros2_control/controller_manager/src/ros2_control_node.cpp
function: operator()
line: 176
---
stamp:
  sec: 1778292125
  nanosec: 953946218
level: 30
name: controller_manager
msg: 'Overrun might occur, Total time : 1909.933 us (Expected < 1000.000 us) --> Read time : 75.975 us, Update time : 344.293 us, Writ...'
file: /home/helenlu/texture_sort/src/third_party/kinova/ros2_control/controller_manager/src/controller_manager.cpp
function: write
line: 3628
---
stamp:
  sec: 1778292126
  nanosec: 845513607
level: 30
name: controller_manager
msg: 'Overrun detected! The controller manager missed its desired rate of 1000 Hz. The loop took 1.395966 ms (missed cycles : 2).'
file: /home/helenlu/texture_sort/src/third_party/kinova/ros2_control/controller_manager/src/ros2_control_node.cpp
function: operator()
line: 176
---
stamp:
  sec: 1778292127
  nanosec: 37494104
level: 30
name: controller_manager
msg: 'Overrun might occur, Total time : 1302.223 us (Expected < 1000.000 us) --> Read time : 25.983 us, Update time : 729.377 us, Writ...'
file: /home/helenlu/texture_sort/src/third_party/kinova/ros2_control/controller_manager/src/controller_manager.cpp
function: write
line: 3628
---
stamp:
  sec: 1778292127
  nanosec: 848645663
level: 30
name: controller_manager
msg: 'Overrun detected! The controller manager missed its desired rate of 1000 Hz. The loop took 2.527406 ms (missed cycles : 3).'
file: /home/helenlu/texture_sort/src/third_party/kinova/ros2_control/controller_manager/src/ros2_control_node.cpp
function: operator()
line: 176
---
stamp:
  sec: 1778292128
  nanosec: 38979727
level: 30
name: controller_manager
msg: 'Overrun might occur, Total time : 1791.066 us (Expected < 1000.000 us) --> Read time : 31.999 us, Update time : 241.325 us, Writ...'
file: /home/helenlu/texture_sort/src/third_party/kinova/ros2_control/controller_manager/src/controller_manager.cpp
function: write
line: 3628
---
stamp:
  sec: 1778292128
  nanosec: 852961269
level: 30
name: controller_manager
msg: 'Overrun detected! The controller manager missed its desired rate of 1000 Hz. The loop took 3.842988 ms (missed cycles : 4).'
file: /home/helenlu/texture_sort/src/third_party/kinova/ros2_control/controller_manager/src/ros2_control_node.cpp
function: operator()
line: 176
---
stamp:
  sec: 1778292129
  nanosec: 40939625
level: 30
name: controller_manager
msg: 'Overrun might occur, Total time : 1719.924 us (Expected < 1000.000 us) --> Read time : 27.080 us, Update time : 169.705 us, Writ...'
file: /home/helenlu/texture_sort/src/third_party/kinova/ros2_control/controller_manager/src/controller_manager.cpp
function: write
line: 3628
---
stamp:
  sec: 1778292129
  nanosec: 897399058
level: 30
name: controller_manager
msg: 'Overrun detected! The controller manager missed its desired rate of 1000 Hz. The loop took 2.278769 ms (missed cycles : 3).'
file: /home/helenlu/texture_sort/src/third_party/kinova/ros2_control/controller_manager/src/ros2_control_node.cpp
function: operator()
line: 176
---
stamp:
  sec: 1778292130
  nanosec: 63998685
level: 30
name: controller_manager
msg: 'Overrun might occur, Total time : 1807.782 us (Expected < 1000.000 us) --> Read time : 79.208 us, Update time : 277.816 us, Writ...'
file: /home/helenlu/texture_sort/src/third_party/kinova/ros2_control/controller_manager/src/controller_manager.cpp
function: write
line: 3628
---
stamp:
  sec: 1778292130
  nanosec: 898134520
level: 30
name: controller_manager
msg: 'Overrun detected! The controller manager missed its desired rate of 1000 Hz. The loop took 3.015482 ms (missed cycles : 4).'
file: /home/helenlu/texture_sort/src/third_party/kinova/ros2_control/controller_manager/src/ros2_control_node.cpp
function: operator()
line: 176
---
stamp:
  sec: 1778292131
  nanosec: 65986844
level: 30
name: controller_manager
msg: 'Overrun might occur, Total time : 3701.304 us (Expected < 1000.000 us) --> Read time : 56.364 us, Update time : 299.818 us, Writ...'
file: /home/helenlu/texture_sort/src/third_party/kinova/ros2_control/controller_manager/src/controller_manager.cpp
function: write
line: 3628
---
stamp:
  sec: 1778292131
  nanosec: 899182552
level: 30
name: controller_manager
msg: 'Overrun detected! The controller manager missed its desired rate of 1000 Hz. The loop took 1.063437 ms (missed cycles : 2).'
file: /home/helenlu/texture_sort/src/third_party/kinova/ros2_control/controller_manager/src/ros2_control_node.cpp
function: operator()
line: 176
---
stamp:
  sec: 1778292132
  nanosec: 80608187
level: 30
name: controller_manager
msg: 'Overrun might occur, Total time : 2405.904 us (Expected < 1000.000 us) --> Read time : 31.145 us, Update time : 206.766 us, Writ...'
file: /home/helenlu/texture_sort/src/third_party/kinova/ros2_control/controller_manager/src/controller_manager.cpp
function: write
line: 3628
---
stamp:
  sec: 1778292132
  nanosec: 905218271
level: 30
name: controller_manager
msg: 'Overrun detected! The controller manager missed its desired rate of 1000 Hz. The loop took 1.098833 ms (missed cycles : 2).'
file: /home/helenlu/texture_sort/src/third_party/kinova/ros2_control/controller_manager/src/ros2_control_node.cpp
function: operator()
line: 176
---
stamp:
  sec: 1778292133
  nanosec: 84768872
level: 30
name: controller_manager
msg: 'Overrun might occur, Total time : 3581.215 us (Expected < 1000.000 us) --> Read time : 21.657 us, Update time : 111.589 us, Writ...'
file: /home/helenlu/texture_sort/src/third_party/kinova/ros2_control/controller_manager/src/controller_manager.cpp
function: write
line: 3628
---
stamp:
  sec: 1778292133
  nanosec: 925005836
level: 30
name: controller_manager
msg: 'Overrun detected! The controller manager missed its desired rate of 1000 Hz. The loop took 1.888025 ms (missed cycles : 2).'
file: /home/helenlu/texture_sort/src/third_party/kinova/ros2_control/controller_manager/src/ros2_control_node.cpp
function: operator()
line: 176
---
stamp:
  sec: 1778292134
  nanosec: 94957132
level: 30
name: controller_manager
msg: 'Overrun might occur, Total time : 3465.828 us (Expected < 1000.000 us) --> Read time : 22.013 us, Update time : 163.358 us, Writ...'
file: /home/helenlu/texture_sort/src/third_party/kinova/ros2_control/controller_manager/src/controller_manager.cpp
function: write
line: 3628
---
stamp:
  sec: 1778292134
  nanosec: 956438378
level: 30
name: controller_manager
msg: 'Overrun detected! The controller manager missed its desired rate of 1000 Hz. The loop took 1.319964 ms (missed cycles : 2).'
file: /home/helenlu/texture_sort/src/third_party/kinova/ros2_control/controller_manager/src/ros2_control_node.cpp
function: operator()
line: 176
---
stamp:
  sec: 1778292135
  nanosec: 95985287
level: 30
name: controller_manager
msg: 'Overrun might occur, Total time : 1794.294 us (Expected < 1000.000 us) --> Read time : 26.941 us, Update time : 192.191 us, Writ...'
file: /home/helenlu/texture_sort/src/third_party/kinova/ros2_control/controller_manager/src/controller_manager.cpp
function: write
line: 3628
---
stamp:
  sec: 1778292135
  nanosec: 984568823
level: 30
name: controller_manager
msg: 'Overrun detected! The controller manager missed its desired rate of 1000 Hz. The loop took 3.449660 ms (missed cycles : 4).'
file: /home/helenlu/texture_sort/src/third_party/kinova/ros2_control/controller_manager/src/ros2_control_node.cpp
function: operator()
line: 176
---
stamp:
  sec: 1778292136
  nanosec: 109038527
level: 30
name: controller_manager
msg: 'Overrun might occur, Total time : 3844.196 us (Expected < 1000.000 us) --> Read time : 28.207 us, Update time : 170.510 us, Writ...'
file: /home/helenlu/texture_sort/src/third_party/kinova/ros2_control/controller_manager/src/controller_manager.cpp
function: write
line: 3628
---
stamp:
  sec: 1778292136
  nanosec: 986150205
level: 30
name: controller_manager
msg: 'Overrun detected! The controller manager missed its desired rate of 1000 Hz. The loop took 1.030945 ms (missed cycles : 2).'
file: /home/helenlu/texture_sort/src/third_party/kinova/ros2_control/controller_manager/src/ros2_control_node.cpp
function: operator()
line: 176
---
stamp:
  sec: 1778292137
  nanosec: 136836572
level: 30
name: controller_manager
msg: 'Overrun might occur, Total time : 1619.198 us (Expected < 1000.000 us) --> Read time : 70.218 us, Update time : 581.469 us, Writ...'
file: /home/helenlu/texture_sort/src/third_party/kinova/ros2_control/controller_manager/src/controller_manager.cpp
function: write
line: 3628
---
stamp:
  sec: 1778292137
  nanosec: 988456531
level: 30
name: controller_manager
msg: 'Overrun detected! The controller manager missed its desired rate of 1000 Hz. The loop took 1.337115 ms (missed cycles : 2).'
file: /home/helenlu/texture_sort/src/third_party/kinova/ros2_control/controller_manager/src/ros2_control_node.cpp
function: operator()
line: 176
---
stamp:
  sec: 1778292138
  nanosec: 156961478
level: 30
name: controller_manager
msg: 'Overrun might occur, Total time : 2760.908 us (Expected < 1000.000 us) --> Read time : 38.841 us, Update time : 300.521 us, Writ...'
file: /home/helenlu/texture_sort/src/third_party/kinova/ros2_control/controller_manager/src/controller_manager.cpp
function: write
line: 3628
---
stamp:
  sec: 1778292138
  nanosec: 993986915
level: 30
name: controller_manager
msg: 'Overrun detected! The controller manager missed its desired rate of 1000 Hz. The loop took 2.868246 ms (missed cycles : 3).'
file: /home/helenlu/texture_sort/src/third_party/kinova/ros2_control/controller_manager/src/ros2_control_node.cpp
function: operator()
line: 176
---
stamp:
  sec: 1778292139
  nanosec: 195995688
level: 30
name: controller_manager
msg: 'Overrun might occur, Total time : 2802.728 us (Expected < 1000.000 us) --> Read time : 19.222 us, Update time : 110.016 us, Writ...'
file: /home/helenlu/texture_sort/src/third_party/kinova/ros2_control/controller_manager/src/controller_manager.cpp
function: write
line: 3628
---
stamp:
  sec: 1778292139
  nanosec: 996552018
level: 30
name: controller_manager
msg: 'Overrun detected! The controller manager missed its desired rate of 1000 Hz. The loop took 2.433236 ms (missed cycles : 3).'
file: /home/helenlu/texture_sort/src/third_party/kinova/ros2_control/controller_manager/src/ros2_control_node.cpp
function: operator()
line: 176
---
stamp:
  sec: 1778292140
  nanosec: 205300562
level: 30
name: controller_manager
msg: 'Overrun might occur, Total time : 3097.930 us (Expected < 1000.000 us) --> Read time : 23.293 us, Update time : 149.936 us, Writ...'
file: /home/helenlu/texture_sort/src/third_party/kinova/ros2_control/controller_manager/src/controller_manager.cpp
function: write
line: 3628
---
stamp:
  sec: 1778292141
  nanosec: 17202776
level: 30
name: controller_manager
msg: 'Overrun detected! The controller manager missed its desired rate of 1000 Hz. The loop took 1.083370 ms (missed cycles : 2).'
file: /home/helenlu/texture_sort/src/third_party/kinova/ros2_control/controller_manager/src/ros2_control_node.cpp
function: operator()
line: 176
---
stamp:
  sec: 1778292141
  nanosec: 210548672
level: 30
name: controller_manager
msg: 'Overrun might occur, Total time : 2346.437 us (Expected < 1000.000 us) --> Read time : 24.195 us, Update time : 164.772 us, Writ...'
file: /home/helenlu/texture_sort/src/third_party/kinova/ros2_control/controller_manager/src/controller_manager.cpp
function: write
line: 3628
---
stamp:
  sec: 1778292142
  nanosec: 19648647
level: 30
name: controller_manager
msg: 'Overrun detected! The controller manager missed its desired rate of 1000 Hz. The loop took 2.530166 ms (missed cycles : 3).'
file: /home/helenlu/texture_sort/src/third_party/kinova/ros2_control/controller_manager/src/ros2_control_node.cpp
function: operator()
line: 176
---
stamp:
  sec: 1778292142
  nanosec: 210647393
level: 30
name: controller_manager
msg: 'Overrun might occur, Total time : 4447.931 us (Expected < 1000.000 us) --> Read time : 22.557 us, Update time : 359.761 us, Writ...'
file: /home/helenlu/texture_sort/src/third_party/kinova/ros2_control/controller_manager/src/controller_manager.cpp
function: write
line: 3628
---
stamp:
  sec: 1778292143
  nanosec: 24543944
level: 30
name: controller_manager
msg: 'Overrun detected! The controller manager missed its desired rate of 1000 Hz. The loop took 1.424375 ms (missed cycles : 2).'
file: /home/helenlu/texture_sort/src/third_party/kinova/ros2_control/controller_manager/src/ros2_control_node.cpp
function: operator()
line: 176
---
stamp:
  sec: 1778292143
  nanosec: 215296302
level: 30
name: controller_manager
msg: 'Overrun might occur, Total time : 1106.426 us (Expected < 1000.000 us) --> Read time : 26.763 us, Update time : 190.224 us, Writ...'
file: /home/helenlu/texture_sort/src/third_party/kinova/ros2_control/controller_manager/src/controller_manager.cpp
function: write
line: 3628
---
stamp:
  sec: 1778292144
  nanosec: 29193828
level: 30
name: controller_manager
msg: 'Overrun detected! The controller manager missed its desired rate of 1000 Hz. The loop took 1.074371 ms (missed cycles : 2).'
file: /home/helenlu/texture_sort/src/third_party/kinova/ros2_control/controller_manager/src/ros2_control_node.cpp
function: operator()
line: 176
---
stamp:
  sec: 1778292144
  nanosec: 250211865
level: 30
name: controller_manager
msg: 'Overrun might occur, Total time : 1274.157 us (Expected < 1000.000 us) --> Read time : 153.179 us, Update time : 516.141 us, Wri...'
file: /home/helenlu/texture_sort/src/third_party/kinova/ros2_control/controller_manager/src/controller_manager.cpp
function: write
line: 3628
---
stamp:
  sec: 1778292145
  nanosec: 29257887
level: 30
name: controller_manager
msg: 'Overrun detected! The controller manager missed its desired rate of 1000 Hz. The loop took 1.139068 ms (missed cycles : 2).'
file: /home/helenlu/texture_sort/src/third_party/kinova/ros2_control/controller_manager/src/ros2_control_node.cpp
function: operator()
line: 176
---
stamp:
  sec: 1778292145
  nanosec: 251466678
level: 30
name: controller_manager
msg: 'Overrun might occur, Total time : 1250.495 us (Expected < 1000.000 us) --> Read time : 22.162 us, Update time : 242.977 us, Writ...'
file: /home/helenlu/texture_sort/src/third_party/kinova/ros2_control/controller_manager/src/controller_manager.cpp
function: write
line: 3628
---
stamp:
  sec: 1778292146
  nanosec: 68301711
level: 30
name: controller_manager
msg: 'Overrun detected! The controller manager missed its desired rate of 1000 Hz. The loop took 1.183008 ms (missed cycles : 2).'
file: /home/helenlu/texture_sort/src/third_party/kinova/ros2_control/controller_manager/src/ros2_control_node.cpp
function: operator()
line: 176
---
stamp:
  sec: 1778292146
  nanosec: 257250766
level: 30
name: controller_manager
msg: 'Overrun might occur, Total time : 2044.710 us (Expected < 1000.000 us) --> Read time : 31.046 us, Update time : 222.299 us, Writ...'
file: /home/helenlu/texture_sort/src/third_party/kinova/ros2_control/controller_manager/src/controller_manager.cpp
function: write
line: 3628
---
stamp:
  sec: 1778292147
  nanosec: 71188408
level: 30
name: controller_manager
msg: 'Overrun detected! The controller manager missed its desired rate of 1000 Hz. The loop took 2.068387 ms (missed cycles : 3).'
file: /home/helenlu/texture_sort/src/third_party/kinova/ros2_control/controller_manager/src/ros2_control_node.cpp
function: operator()
line: 176
---
stamp:
  sec: 1778292147
  nanosec: 259310801
level: 30
name: controller_manager
msg: 'Overrun might occur, Total time : 4115.751 us (Expected < 1000.000 us) --> Read time : 23.178 us, Update time : 184.742 us, Writ...'
file: /home/helenlu/texture_sort/src/third_party/kinova/ros2_control/controller_manager/src/controller_manager.cpp
function: write
line: 3628
---
stamp:
  sec: 1778292148
  nanosec: 80098513
level: 30
name: controller_manager
msg: 'Overrun detected! The controller manager missed its desired rate of 1000 Hz. The loop took 1.978362 ms (missed cycles : 2).'
file: /home/helenlu/texture_sort/src/third_party/kinova/ros2_control/controller_manager/src/ros2_control_node.cpp
function: operator()
line: 176
---
stamp:
  sec: 1778292148
  nanosec: 262870091
level: 30
name: controller_manager
msg: 'Overrun might occur, Total time : 3666.304 us (Expected < 1000.000 us) --> Read time : 36.763 us, Update time : 338.169 us, Writ...'
file: /home/helenlu/texture_sort/src/third_party/kinova/ros2_control/controller_manager/src/controller_manager.cpp
function: write
line: 3628
---
stamp:
  sec: 1778292149
  nanosec: 81304034
level: 30
name: controller_manager
msg: 'Overrun detected! The controller manager missed its desired rate of 1000 Hz. The loop took 1.184866 ms (missed cycles : 2).'
file: /home/helenlu/texture_sort/src/third_party/kinova/ros2_control/controller_manager/src/ros2_control_node.cpp
function: operator()
line: 176
---
stamp:
  sec: 1778292149
  nanosec: 264397637
level: 30
name: controller_manager
msg: 'Overrun might occur, Total time : 1207.480 us (Expected < 1000.000 us) --> Read time : 56.409 us, Update time : 387.514 us, Writ...'
file: /home/helenlu/texture_sort/src/third_party/kinova/ros2_control/controller_manager/src/controller_manager.cpp
function: write
line: 3628
---
stamp:
  sec: 1778292150
  nanosec: 85121442
level: 30
name: controller_manager
msg: 'Overrun detected! The controller manager missed its desired rate of 1000 Hz. The loop took 1.002769 ms (missed cycles : 2).'
file: /home/helenlu/texture_sort/src/third_party/kinova/ros2_control/controller_manager/src/ros2_control_node.cpp
function: operator()
line: 176
---
stamp:
  sec: 1778292150
  nanosec: 266519936
level: 30
name: controller_manager
msg: 'Overrun might occur, Total time : 5313.204 us (Expected < 1000.000 us) --> Read time : 65.467 us, Update time : 287.455 us, Writ...'
file: /home/helenlu/texture_sort/src/third_party/kinova/ros2_control/controller_manager/src/controller_manager.cpp
function: write
line: 3628
---
stamp:
  sec: 1778292151
  nanosec: 125183970
level: 30
name: controller_manager
msg: 'Overrun detected! The controller manager missed its desired rate of 1000 Hz. The loop took 2.065567 ms (missed cycles : 3).'
file: /home/helenlu/texture_sort/src/third_party/kinova/ros2_control/controller_manager/src/ros2_control_node.cpp
function: operator()
line: 176
---
stamp:
  sec: 1778292151
  nanosec: 268570149
level: 30
name: controller_manager
msg: 'Overrun might occur, Total time : 1338.123 us (Expected < 1000.000 us) --> Read time : 23.856 us, Update time : 181.509 us, Writ...'
file: /home/helenlu/texture_sort/src/third_party/kinova/ros2_control/controller_manager/src/controller_manager.cpp
function: write
line: 3628
---
stamp:
  sec: 1778292152
  nanosec: 127924544
level: 30
name: controller_manager
msg: 'Overrun detected! The controller manager missed its desired rate of 1000 Hz. The loop took 1.806943 ms (missed cycles : 2).'
file: /home/helenlu/texture_sort/src/third_party/kinova/ros2_control/controller_manager/src/ros2_control_node.cpp
function: operator()
line: 176
---
stamp:
  sec: 1778292152
  nanosec: 288238435
level: 30
name: controller_manager
msg: 'Overrun might occur, Total time : 1037.178 us (Expected < 1000.000 us) --> Read time : 62.505 us, Update time : 283.669 us, Writ...'
file: /home/helenlu/texture_sort/src/third_party/kinova/ros2_control/controller_manager/src/controller_manager.cpp
function: write
line: 3628
---
stamp:
  sec: 1778292153
  nanosec: 129436022
level: 30
name: controller_manager
msg: 'Overrun detected! The controller manager missed its desired rate of 1000 Hz. The loop took 1.318181 ms (missed cycles : 2).'
file: /home/helenlu/texture_sort/src/third_party/kinova/ros2_control/controller_manager/src/ros2_control_node.cpp
function: operator()
line: 176
---
stamp:
  sec: 1778292153
  nanosec: 293214861
level: 30
name: controller_manager
msg: 'Overrun might occur, Total time : 1773.840 us (Expected < 1000.000 us) --> Read time : 117.148 us, Update time : 531.210 us, Wri...'
file: /home/helenlu/texture_sort/src/third_party/kinova/ros2_control/controller_manager/src/controller_manager.cpp
function: write
line: 3628
---
stamp:
  sec: 1778292154
  nanosec: 130082564
level: 30
name: controller_manager
msg: 'Overrun detected! The controller manager missed its desired rate of 1000 Hz. The loop took 2.866499 ms (missed cycles : 3).'
file: /home/helenlu/texture_sort/src/third_party/kinova/ros2_control/controller_manager/src/ros2_control_node.cpp
function: operator()
line: 176
---
stamp:
  sec: 1778292154
  nanosec: 338231864
level: 30
name: controller_manager
msg: 'Overrun might occur, Total time : 2012.095 us (Expected < 1000.000 us) --> Read time : 30.668 us, Update time : 321.784 us, Writ...'
file: /home/helenlu/texture_sort/src/third_party/kinova/ros2_control/controller_manager/src/controller_manager.cpp
function: write
line: 3628
---
stamp:
  sec: 1778292155
  nanosec: 130459938
level: 30
name: controller_manager
msg: 'Overrun detected! The controller manager missed its desired rate of 1000 Hz. The loop took 2.341245 ms (missed cycles : 3).'
file: /home/helenlu/texture_sort/src/third_party/kinova/ros2_control/controller_manager/src/ros2_control_node.cpp
function: operator()
line: 176
---
stamp:
  sec: 1778292155
  nanosec: 344666013
level: 30
name: controller_manager
msg: 'Overrun might occur, Total time : 1536.677 us (Expected < 1000.000 us) --> Read time : 69.004 us, Update time : 280.020 us, Writ...'
file: /home/helenlu/texture_sort/src/third_party/kinova/ros2_control/controller_manager/src/controller_manager.cpp
function: write
line: 3628
---
stamp:
  sec: 1778292156
  nanosec: 132151005
level: 30
name: controller_manager
msg: 'Overrun detected! The controller manager missed its desired rate of 1000 Hz. The loop took 1.031631 ms (missed cycles : 2).'
file: /home/helenlu/texture_sort/src/third_party/kinova/ros2_control/controller_manager/src/ros2_control_node.cpp
function: operator()
line: 176
---
stamp:
  sec: 1778292156
  nanosec: 350490171
level: 30
name: controller_manager
msg: 'Overrun might occur, Total time : 1298.512 us (Expected < 1000.000 us) --> Read time : 23.799 us, Update time : 155.845 us, Writ...'
file: /home/helenlu/texture_sort/src/third_party/kinova/ros2_control/controller_manager/src/controller_manager.cpp
function: write
line: 3628
---
stamp:
  sec: 1778292157
  nanosec: 132967904
level: 30
name: controller_manager
msg: 'Overrun detected! The controller manager missed its desired rate of 1000 Hz. The loop took 2.849293 ms (missed cycles : 3).'
file: /home/helenlu/texture_sort/src/third_party/kinova/ros2_control/controller_manager/src/ros2_control_node.cpp
function: operator()
line: 176
---
stamp:
  sec: 1778292157
  nanosec: 351195601
level: 30
name: controller_manager
msg: 'Overrun might occur, Total time : 2008.206 us (Expected < 1000.000 us) --> Read time : 26.761 us, Update time : 188.328 us, Writ...'
file: /home/helenlu/texture_sort/src/third_party/kinova/ros2_control/controller_manager/src/controller_manager.cpp
function: write
line: 3628
---
stamp:
  sec: 1778292158
  nanosec: 141380711
level: 30
name: controller_manager
msg: 'Overrun detected! The controller manager missed its desired rate of 1000 Hz. The loop took 1.262554 ms (missed cycles : 2).'
file: /home/helenlu/texture_sort/src/third_party/kinova/ros2_control/controller_manager/src/ros2_control_node.cpp
function: operator()
line: 176
---
stamp:
  sec: 1778292158
  nanosec: 367984804
level: 30
name: controller_manager
msg: 'Overrun might occur, Total time : 1794.313 us (Expected < 1000.000 us) --> Read time : 21.549 us, Update time : 141.916 us, Writ...'
file: /home/helenlu/texture_sort/src/third_party/kinova/ros2_control/controller_manager/src/controller_manager.cpp
function: write
line: 3628
---
stamp:
  sec: 1778292159
  nanosec: 149102350
level: 30
name: controller_manager
msg: 'Overrun detected! The controller manager missed its desired rate of 1000 Hz. The loop took 2.982512 ms (missed cycles : 3).'
file: /home/helenlu/texture_sort/src/third_party/kinova/ros2_control/controller_manager/src/ros2_control_node.cpp
function: operator()
line: 176
---
stamp:
  sec: 1778292159
  nanosec: 401306315
level: 30
name: controller_manager
msg: 'Overrun might occur, Total time : 2107.404 us (Expected < 1000.000 us) --> Read time : 26.887 us, Update time : 190.347 us, Writ...'
file: /home/helenlu/texture_sort/src/third_party/kinova/ros2_control/controller_manager/src/controller_manager.cpp
function: write
line: 3628
---
stamp:
  sec: 1778292160
  nanosec: 149676006
level: 30
name: controller_manager
msg: 'Overrun detected! The controller manager missed its desired rate of 1000 Hz. The loop took 1.557570 ms (missed cycles : 2).'
file: /home/helenlu/texture_sort/src/third_party/kinova/ros2_control/controller_manager/src/ros2_control_node.cpp
function: operator()
line: 176
---
stamp:
  sec: 1778292160
  nanosec: 407600095
level: 30
name: controller_manager
msg: 'Overrun might occur, Total time : 2198.851 us (Expected < 1000.000 us) --> Read time : 42.437 us, Update time : 288.999 us, Writ...'
file: /home/helenlu/texture_sort/src/third_party/kinova/ros2_control/controller_manager/src/controller_manager.cpp
function: write
line: 3628
---
stamp:
  sec: 1778292161
  nanosec: 151826489
level: 30
name: controller_manager
msg: 'Overrun detected! The controller manager missed its desired rate of 1000 Hz. The loop took 2.706940 ms (missed cycles : 3).'
file: /home/helenlu/texture_sort/src/third_party/kinova/ros2_control/controller_manager/src/ros2_control_node.cpp
function: operator()
line: 176
---
stamp:
  sec: 1778292161
  nanosec: 409712800
level: 30
name: controller_manager
msg: 'Overrun might occur, Total time : 3467.581 us (Expected < 1000.000 us) --> Read time : 34.393 us, Update time : 2690.624 us, Wri...'
file: /home/helenlu/texture_sort/src/third_party/kinova/ros2_control/controller_manager/src/controller_manager.cpp
function: write
line: 3628
---
stamp:
  sec: 1778292162
  nanosec: 163184068
level: 30
name: controller_manager
msg: 'Overrun detected! The controller manager missed its desired rate of 1000 Hz. The loop took 3.065812 ms (missed cycles : 4).'
file: /home/helenlu/texture_sort/src/third_party/kinova/ros2_control/controller_manager/src/ros2_control_node.cpp
function: operator()
line: 176
---
stamp:
  sec: 1778292162
  nanosec: 413973764
level: 30
name: controller_manager
msg: 'Overrun might occur, Total time : 2555.789 us (Expected < 1000.000 us) --> Read time : 31.879 us, Update time : 161.482 us, Writ...'
file: /home/helenlu/texture_sort/src/third_party/kinova/ros2_control/controller_manager/src/controller_manager.cpp
function: write
line: 3628
---
stamp:
  sec: 1778292163
  nanosec: 168293194
level: 30
name: controller_manager
msg: 'Overrun detected! The controller manager missed its desired rate of 1000 Hz. The loop took 2.175029 ms (missed cycles : 3).'
file: /home/helenlu/texture_sort/src/third_party/kinova/ros2_control/controller_manager/src/ros2_control_node.cpp
function: operator()
line: 176
---
stamp:
  sec: 1778292163
  nanosec: 426409700
level: 30
name: controller_manager
msg: 'Overrun might occur, Total time : 1218.435 us (Expected < 1000.000 us) --> Read time : 33.004 us, Update time : 444.589 us, Writ...'
file: /home/helenlu/texture_sort/src/third_party/kinova/ros2_control/controller_manager/src/controller_manager.cpp
function: write
line: 3628
---
stamp:
  sec: 1778292164
  nanosec: 175744565
level: 30
name: controller_manager
msg: 'Overrun detected! The controller manager missed its desired rate of 1000 Hz. The loop took 1.626017 ms (missed cycles : 2).'
file: /home/helenlu/texture_sort/src/third_party/kinova/ros2_control/controller_manager/src/ros2_control_node.cpp
function: operator()
line: 176
---
stamp:
  sec: 1778292164
  nanosec: 430493190
level: 30
name: controller_manager
msg: 'Overrun might occur, Total time : 4321.499 us (Expected < 1000.000 us) --> Read time : 28.473 us, Update time : 191.197 us, Writ...'
file: /home/helenlu/texture_sort/src/third_party/kinova/ros2_control/controller_manager/src/controller_manager.cpp
function: write
line: 3628
---
stamp:
  sec: 1778292165
  nanosec: 194663540
level: 30
name: controller_manager
msg: 'Overrun detected! The controller manager missed its desired rate of 1000 Hz. The loop took 1.544959 ms (missed cycles : 2).'
file: /home/helenlu/texture_sort/src/third_party/kinova/ros2_control/controller_manager/src/ros2_control_node.cpp
function: operator()
line: 176
---
stamp:
  sec: 1778292165
  nanosec: 431896624
level: 30
name: controller_manager
msg: 'Overrun might occur, Total time : 1649.318 us (Expected < 1000.000 us) --> Read time : 151.653 us, Update time : 633.685 us, Wri...'
file: /home/helenlu/texture_sort/src/third_party/kinova/ros2_control/controller_manager/src/controller_manager.cpp
function: write
line: 3628
---
stamp:
  sec: 1778292166
  nanosec: 199320337
level: 30
name: controller_manager
msg: 'Overrun detected! The controller manager missed its desired rate of 1000 Hz. The loop took 3.201766 ms (missed cycles : 4).'
file: /home/helenlu/texture_sort/src/third_party/kinova/ros2_control/controller_manager/src/ros2_control_node.cpp
function: operator()
line: 176
---
stamp:
  sec: 1778292166
  nanosec: 433528795
level: 30
name: controller_manager
msg: 'Overrun might occur, Total time : 1337.516 us (Expected < 1000.000 us) --> Read time : 29.482 us, Update time : 320.508 us, Writ...'
file: /home/helenlu/texture_sort/src/third_party/kinova/ros2_control/controller_manager/src/controller_manager.cpp
function: write
line: 3628
---
stamp:
  sec: 1778292167
  nanosec: 199359555
level: 30
name: controller_manager
msg: 'Overrun detected! The controller manager missed its desired rate of 1000 Hz. The loop took 2.240852 ms (missed cycles : 3).'
file: /home/helenlu/texture_sort/src/third_party/kinova/ros2_control/controller_manager/src/ros2_control_node.cpp
function: operator()
line: 176
---
stamp:
  sec: 1778292167
  nanosec: 434170250
level: 30
name: controller_manager
msg: 'Overrun might occur, Total time : 1969.293 us (Expected < 1000.000 us) --> Read time : 66.021 us, Update time : 290.647 us, Writ...'
file: /home/helenlu/texture_sort/src/third_party/kinova/ros2_control/controller_manager/src/controller_manager.cpp
function: write
line: 3628
---
stamp:
  sec: 1778292168
  nanosec: 216622462
level: 30
name: controller_manager
msg: 'Overrun detected! The controller manager missed its desired rate of 1000 Hz. The loop took 2.503387 ms (missed cycles : 3).'
file: /home/helenlu/texture_sort/src/third_party/kinova/ros2_control/controller_manager/src/ros2_control_node.cpp
function: operator()
line: 176
---
stamp:
  sec: 1778292168
  nanosec: 441553199
level: 30
name: controller_manager
msg: 'Overrun might occur, Total time : 2364.443 us (Expected < 1000.000 us) --> Read time : 21.979 us, Update time : 178.861 us, Writ...'
file: /home/helenlu/texture_sort/src/third_party/kinova/ros2_control/controller_manager/src/controller_manager.cpp
function: write
line: 3628
---
stamp:
  sec: 1778292169
  nanosec: 217259722
level: 30
name: controller_manager
msg: 'Overrun detected! The controller manager missed its desired rate of 1000 Hz. The loop took 1.141585 ms (missed cycles : 2).'
file: /home/helenlu/texture_sort/src/third_party/kinova/ros2_control/controller_manager/src/ros2_control_node.cpp
function: operator()
line: 176
---
stamp:
  sec: 1778292169
  nanosec: 444190484
level: 30
name: controller_manager
msg: 'Overrun might occur, Total time : 1004.645 us (Expected < 1000.000 us) --> Read time : 24.177 us, Update time : 389.894 us, Writ...'
file: /home/helenlu/texture_sort/src/third_party/kinova/ros2_control/controller_manager/src/controller_manager.cpp
function: write
line: 3628
---
stamp:
  sec: 1778292170
  nanosec: 230406978
level: 30
name: controller_manager
msg: 'Overrun detected! The controller manager missed its desired rate of 1000 Hz. The loop took 1.287503 ms (missed cycles : 2).'
file: /home/helenlu/texture_sort/src/third_party/kinova/ros2_control/controller_manager/src/ros2_control_node.cpp
function: operator()
line: 176
---
stamp:
  sec: 1778292170
  nanosec: 448921400
level: 30
name: controller_manager
msg: 'Overrun might occur, Total time : 3729.417 us (Expected < 1000.000 us) --> Read time : 22.713 us, Update time : 161.088 us, Writ...'
file: /home/helenlu/texture_sort/src/third_party/kinova/ros2_control/controller_manager/src/controller_manager.cpp
function: write
line: 3628
---
stamp:
  sec: 1778292171
  nanosec: 231413801
level: 30
name: controller_manager
msg: 'Overrun detected! The controller manager missed its desired rate of 1000 Hz. The loop took 1.294518 ms (missed cycles : 2).'
file: /home/helenlu/texture_sort/src/third_party/kinova/ros2_control/controller_manager/src/ros2_control_node.cpp
function: operator()
line: 176
---
stamp:
  sec: 1778292171
  nanosec: 465532210
level: 30
name: controller_manager
msg: 'Overrun might occur, Total time : 1264.129 us (Expected < 1000.000 us) --> Read time : 100.443 us, Update time : 546.401 us, Wri...'
file: /home/helenlu/texture_sort/src/third_party/kinova/ros2_control/controller_manager/src/controller_manager.cpp
function: write
line: 3628
---
stamp:
  sec: 1778292172
  nanosec: 235460065
level: 30
name: controller_manager
msg: 'Overrun detected! The controller manager missed its desired rate of 1000 Hz. The loop took 1.340834 ms (missed cycles : 2).'
file: /home/helenlu/texture_sort/src/third_party/kinova/ros2_control/controller_manager/src/ros2_control_node.cpp
function: operator()
line: 176
---
stamp:
  sec: 1778292172
  nanosec: 478604867
level: 30
name: controller_manager
msg: 'Overrun might occur, Total time : 1405.469 us (Expected < 1000.000 us) --> Read time : 23.787 us, Update time : 395.020 us, Writ...'
file: /home/helenlu/texture_sort/src/third_party/kinova/ros2_control/controller_manager/src/controller_manager.cpp
function: write
line: 3628
---
stamp:
  sec: 1778292173
  nanosec: 236568020
level: 30
name: controller_manager
msg: 'Overrun detected! The controller manager missed its desired rate of 1000 Hz. The loop took 1.449567 ms (missed cycles : 2).'
file: /home/helenlu/texture_sort/src/third_party/kinova/ros2_control/controller_manager/src/ros2_control_node.cpp
function: operator()
line: 176
---
stamp:
  sec: 1778292173
  nanosec: 498970487
level: 30
name: controller_manager
msg: 'Overrun might occur, Total time : 3769.907 us (Expected < 1000.000 us) --> Read time : 34.682 us, Update time : 242.965 us, Writ...'
file: /home/helenlu/texture_sort/src/third_party/kinova/ros2_control/controller_manager/src/controller_manager.cpp
function: write
line: 3628
---
stamp:
  sec: 1778292174
  nanosec: 285312372
level: 30
name: controller_manager
msg: 'Overrun detected! The controller manager missed its desired rate of 1000 Hz. The loop took 2.193364 ms (missed cycles : 3).'
file: /home/helenlu/texture_sort/src/third_party/kinova/ros2_control/controller_manager/src/ros2_control_node.cpp
function: operator()
line: 176
---
stamp:
  sec: 1778292174
  nanosec: 500740159
level: 30
name: controller_manager
msg: 'Overrun might occur, Total time : 1084.409 us (Expected < 1000.000 us) --> Read time : 80.516 us, Update time : 253.853 us, Writ...'
file: /home/helenlu/texture_sort/src/third_party/kinova/ros2_control/controller_manager/src/controller_manager.cpp
function: write
line: 3628
---
stamp:
  sec: 1778292175
  nanosec: 319885079
level: 30
name: controller_manager
msg: 'Overrun detected! The controller manager missed its desired rate of 1000 Hz. The loop took 2.766782 ms (missed cycles : 3).'
file: /home/helenlu/texture_sort/src/third_party/kinova/ros2_control/controller_manager/src/ros2_control_node.cpp
function: operator()
line: 176
---
stamp:
  sec: 1778292175
  nanosec: 534027894
level: 30
name: controller_manager
msg: 'Overrun might occur, Total time : 2793.563 us (Expected < 1000.000 us) --> Read time : 22.670 us, Update time : 483.378 us, Writ...'
file: /home/helenlu/texture_sort/src/third_party/kinova/ros2_control/controller_manager/src/controller_manager.cpp
function: write
line: 3628
---
stamp:
  sec: 1778292176
  nanosec: 321017518
level: 30
name: controller_manager
msg: 'Overrun detected! The controller manager missed its desired rate of 1000 Hz. The loop took 1.898933 ms (missed cycles : 2).'
file: /home/helenlu/texture_sort/src/third_party/kinova/ros2_control/controller_manager/src/ros2_control_node.cpp
function: operator()
line: 176
---
stamp:
  sec: 1778292176
  nanosec: 539923507
level: 30
name: controller_manager
msg: 'Overrun might occur, Total time : 2731.747 us (Expected < 1000.000 us) --> Read time : 24.407 us, Update time : 131.919 us, Writ...'
file: /home/helenlu/texture_sort/src/third_party/kinova/ros2_control/controller_manager/src/controller_manager.cpp
function: write
line: 3628
---
stamp:
  sec: 1778292177
  nanosec: 338045422
level: 30
name: controller_manager
msg: 'Overrun detected! The controller manager missed its desired rate of 1000 Hz. The loop took 1.926817 ms (missed cycles : 2).'
file: /home/helenlu/texture_sort/src/third_party/kinova/ros2_control/controller_manager/src/ros2_control_node.cpp
function: operator()
line: 176
---
stamp:
  sec: 1778292177
  nanosec: 564442304
level: 30
name: controller_manager
msg: 'Overrun might occur, Total time : 1217.191 us (Expected < 1000.000 us) --> Read time : 38.197 us, Update time : 276.556 us, Writ...'
file: /home/helenlu/texture_sort/src/third_party/kinova/ros2_control/controller_manager/src/controller_manager.cpp
function: write
line: 3628
---
stamp:
  sec: 1778292178
  nanosec: 353503992
level: 30
name: controller_manager
msg: 'Overrun detected! The controller manager missed its desired rate of 1000 Hz. The loop took 2.385884 ms (missed cycles : 3).'
file: /home/helenlu/texture_sort/src/third_party/kinova/ros2_control/controller_manager/src/ros2_control_node.cpp
function: operator()
line: 176
---
stamp:
  sec: 1778292178
  nanosec: 574126185
level: 30
name: controller_manager
msg: 'Overrun might occur, Total time : 2883.845 us (Expected < 1000.000 us) --> Read time : 31.254 us, Update time : 571.568 us, Writ...'
file: /home/helenlu/texture_sort/src/third_party/kinova/ros2_control/controller_manager/src/controller_manager.cpp
function: write
line: 3628
---
stamp:
  sec: 1778292179
  nanosec: 383140659
level: 30
name: controller_manager
msg: 'Overrun detected! The controller manager missed its desired rate of 1000 Hz. The loop took 1.020491 ms (missed cycles : 2).'
file: /home/helenlu/texture_sort/src/third_party/kinova/ros2_control/controller_manager/src/ros2_control_node.cpp
function: operator()
line: 176
---
stamp:
  sec: 1778292179
  nanosec: 614447962
level: 30
name: controller_manager
msg: 'Overrun might occur, Total time : 2243.792 us (Expected < 1000.000 us) --> Read time : 31.827 us, Update time : 379.967 us, Writ...'
file: /home/helenlu/texture_sort/src/third_party/kinova/ros2_control/controller_manager/src/controller_manager.cpp
function: write
line: 3628
---
stamp:
  sec: 1778292180
  nanosec: 383286552
level: 30
name: controller_manager
msg: 'Overrun detected! The controller manager missed its desired rate of 1000 Hz. The loop took 1.167883 ms (missed cycles : 2).'
file: /home/helenlu/texture_sort/src/third_party/kinova/ros2_control/controller_manager/src/ros2_control_node.cpp
function: operator()
line: 176
---
stamp:
  sec: 1778292180
  nanosec: 615210413
level: 30
name: controller_manager
msg: 'Overrun might occur, Total time : 1012.154 us (Expected < 1000.000 us) --> Read time : 37.663 us, Update time : 256.105 us, Writ...'
file: /home/helenlu/texture_sort/src/third_party/kinova/ros2_control/controller_manager/src/controller_manager.cpp
function: write
line: 3628
---
stamp:
  sec: 1778292181
  nanosec: 391143589
level: 30
name: controller_manager
msg: 'Overrun detected! The controller manager missed its desired rate of 1000 Hz. The loop took 1.023343 ms (missed cycles : 2).'
file: /home/helenlu/texture_sort/src/third_party/kinova/ros2_control/controller_manager/src/ros2_control_node.cpp
function: operator()
line: 176
---
stamp:
  sec: 1778292181
  nanosec: 648643410
level: 30
name: controller_manager
msg: 'Overrun might occur, Total time : 1451.737 us (Expected < 1000.000 us) --> Read time : 23.622 us, Update time : 129.982 us, Writ...'
file: /home/helenlu/texture_sort/src/third_party/kinova/ros2_control/controller_manager/src/controller_manager.cpp
function: write
line: 3628
---
stamp:
  sec: 1778292182
  nanosec: 391425120
level: 30
name: controller_manager
msg: 'Overrun detected! The controller manager missed its desired rate of 1000 Hz. The loop took 1.306025 ms (missed cycles : 2).'
file: /home/helenlu/texture_sort/src/third_party/kinova/ros2_control/controller_manager/src/ros2_control_node.cpp
function: operator()
line: 176
---
stamp:
  sec: 1778292182
  nanosec: 653692564
level: 30
name: controller_manager
msg: 'Overrun might occur, Total time : 1488.021 us (Expected < 1000.000 us) --> Read time : 820.430 us, Update time : 237.344 us, Wri...'
file: /home/helenlu/texture_sort/src/third_party/kinova/ros2_control/controller_manager/src/controller_manager.cpp
function: write
line: 3628
---
stamp:
  sec: 1778292183
  nanosec: 392405173
level: 30
name: controller_manager
msg: 'Overrun detected! The controller manager missed its desired rate of 1000 Hz. The loop took 1.287227 ms (missed cycles : 2).'
file: /home/helenlu/texture_sort/src/third_party/kinova/ros2_control/controller_manager/src/ros2_control_node.cpp
function: operator()
line: 176
---
stamp:
  sec: 1778292183
  nanosec: 677307898
level: 30
name: controller_manager
msg: 'Overrun might occur, Total time : 2110.758 us (Expected < 1000.000 us) --> Read time : 31.694 us, Update time : 277.679 us, Writ...'
file: /home/helenlu/texture_sort/src/third_party/kinova/ros2_control/controller_manager/src/controller_manager.cpp
function: write
line: 3628
---
stamp:
  sec: 1778292184
  nanosec: 394346043
level: 30
name: controller_manager
msg: 'Overrun detected! The controller manager missed its desired rate of 1000 Hz. The loop took 1.227635 ms (missed cycles : 2).'
file: /home/helenlu/texture_sort/src/third_party/kinova/ros2_control/controller_manager/src/ros2_control_node.cpp
function: operator()
line: 176
---
stamp:
  sec: 1778292184
  nanosec: 681404626
level: 30
name: controller_manager
msg: 'Overrun might occur, Total time : 1125.216 us (Expected < 1000.000 us) --> Read time : 83.195 us, Update time : 198.018 us, Writ...'
file: /home/helenlu/texture_sort/src/third_party/kinova/ros2_control/controller_manager/src/controller_manager.cpp
function: write
line: 3628
---
stamp:
  sec: 1778292185
  nanosec: 428231461
level: 30
name: controller_manager
msg: 'Overrun detected! The controller manager missed its desired rate of 1000 Hz. The loop took 1.076564 ms (missed cycles : 2).'
file: /home/helenlu/texture_sort/src/third_party/kinova/ros2_control/controller_manager/src/ros2_control_node.cpp
function: operator()
line: 176
---
stamp:
  sec: 1778292185
  nanosec: 682104013
level: 30
name: controller_manager
msg: 'Overrun might occur, Total time : 1718.452 us (Expected < 1000.000 us) --> Read time : 28.004 us, Update time : 181.716 us, Writ...'
file: /home/helenlu/texture_sort/src/third_party/kinova/ros2_control/controller_manager/src/controller_manager.cpp
function: write
line: 3628
---
stamp:
  sec: 1778292186
  nanosec: 428626154
level: 30
name: controller_manager
msg: 'Overrun detected! The controller manager missed its desired rate of 1000 Hz. The loop took 3.507414 ms (missed cycles : 4).'
file: /home/helenlu/texture_sort/src/third_party/kinova/ros2_control/controller_manager/src/ros2_control_node.cpp
function: operator()
line: 176
---
stamp:
  sec: 1778292186
  nanosec: 721662515
level: 30
name: controller_manager
msg: 'Overrun might occur, Total time : 1451.404 us (Expected < 1000.000 us) --> Read time : 111.628 us, Update time : 566.456 us, Wri...'
file: /home/helenlu/texture_sort/src/third_party/kinova/ros2_control/controller_manager/src/controller_manager.cpp
function: write
line: 3628
---
stamp:
  sec: 1778292187
  nanosec: 431505944
level: 30
name: controller_manager
msg: 'Overrun detected! The controller manager missed its desired rate of 1000 Hz. The loop took 1.386424 ms (missed cycles : 2).'
file: /home/helenlu/texture_sort/src/third_party/kinova/ros2_control/controller_manager/src/ros2_control_node.cpp
function: operator()
line: 176
---
stamp:
  sec: 1778292187
  nanosec: 737693756
level: 30
name: controller_manager
msg: 'Overrun might occur, Total time : 1453.285 us (Expected < 1000.000 us) --> Read time : 23.685 us, Update time : 1016.346 us, Wri...'
file: /home/helenlu/texture_sort/src/third_party/kinova/ros2_control/controller_manager/src/controller_manager.cpp
function: write
line: 3628
---
stamp:
  sec: 1778292188
  nanosec: 432946012
level: 30
name: controller_manager
msg: 'Overrun detected! The controller manager missed its desired rate of 1000 Hz. The loop took 1.828363 ms (missed cycles : 2).'
file: /home/helenlu/texture_sort/src/third_party/kinova/ros2_control/controller_manager/src/ros2_control_node.cpp
function: operator()
line: 176
---
stamp:
  sec: 1778292188
  nanosec: 741922982
level: 30
name: controller_manager
msg: 'Overrun might occur, Total time : 1741.450 us (Expected < 1000.000 us) --> Read time : 17.930 us, Update time : 112.866 us, Writ...'
file: /home/helenlu/texture_sort/src/third_party/kinova/ros2_control/controller_manager/src/controller_manager.cpp
function: write
line: 3628
---
stamp:
  sec: 1778292189
  nanosec: 434232372
level: 30
name: controller_manager
msg: 'Overrun detected! The controller manager missed its desired rate of 1000 Hz. The loop took 1.114061 ms (missed cycles : 2).'
file: /home/helenlu/texture_sort/src/third_party/kinova/ros2_control/controller_manager/src/ros2_control_node.cpp
function: operator()
line: 176
---
stamp:
  sec: 1778292189
  nanosec: 742204739
level: 30
name: controller_manager
msg: 'Overrun might occur, Total time : 1012.814 us (Expected < 1000.000 us) --> Read time : 42.119 us, Update time : 575.957 us, Writ...'
file: /home/helenlu/texture_sort/src/third_party/kinova/ros2_control/controller_manager/src/controller_manager.cpp
function: write
line: 3628
---
stamp:
  sec: 1778292190
  nanosec: 444175723
level: 30
name: controller_manager
msg: 'Overrun detected! The controller manager missed its desired rate of 1000 Hz. The loop took 1.056269 ms (missed cycles : 2).'
file: /home/helenlu/texture_sort/src/third_party/kinova/ros2_control/controller_manager/src/ros2_control_node.cpp
function: operator()
line: 176
---
stamp:
  sec: 1778292190
  nanosec: 743772666
level: 30
name: controller_manager
msg: 'Overrun might occur, Total time : 1347.821 us (Expected < 1000.000 us) --> Read time : 19.826 us, Update time : 157.582 us, Writ...'
file: /home/helenlu/texture_sort/src/third_party/kinova/ros2_control/controller_manager/src/controller_manager.cpp
function: write
line: 3628
---
stamp:
  sec: 1778292191
  nanosec: 446574563
level: 30
name: controller_manager
msg: 'Overrun detected! The controller manager missed its desired rate of 1000 Hz. The loop took 3.455989 ms (missed cycles : 4).'
file: /home/helenlu/texture_sort/src/third_party/kinova/ros2_control/controller_manager/src/ros2_control_node.cpp
function: operator()
line: 176
---
stamp:
  sec: 1778292191
  nanosec: 750978682
level: 30
name: controller_manager
msg: 'Overrun might occur, Total time : 1787.149 us (Expected < 1000.000 us) --> Read time : 32.308 us, Update time : 208.595 us, Writ...'
file: /home/helenlu/texture_sort/src/third_party/kinova/ros2_control/controller_manager/src/controller_manager.cpp
function: write
line: 3628
---
stamp:
  sec: 1778292192
  nanosec: 447138520
level: 30
name: controller_manager
msg: 'Overrun detected! The controller manager missed its desired rate of 1000 Hz. The loop took 1.018611 ms (missed cycles : 2).'
file: /home/helenlu/texture_sort/src/third_party/kinova/ros2_control/controller_manager/src/ros2_control_node.cpp
function: operator()
line: 176
---
stamp:
  sec: 1778292192
  nanosec: 771237560
level: 30
name: controller_manager
msg: 'Overrun might occur, Total time : 1038.099 us (Expected < 1000.000 us) --> Read time : 42.435 us, Update time : 595.967 us, Writ...'
file: /home/helenlu/texture_sort/src/third_party/kinova/ros2_control/controller_manager/src/controller_manager.cpp
function: write
line: 3628
---
stamp:
  sec: 1778292193
  nanosec: 462591592
level: 30
name: controller_manager
msg: 'Overrun detected! The controller manager missed its desired rate of 1000 Hz. The loop took 2.472985 ms (missed cycles : 3).'
file: /home/helenlu/texture_sort/src/third_party/kinova/ros2_control/controller_manager/src/ros2_control_node.cpp
function: operator()
line: 176
---
stamp:
  sec: 1778292193
  nanosec: 773138345
level: 30
name: controller_manager
msg: 'Overrun might occur, Total time : 2923.777 us (Expected < 1000.000 us) --> Read time : 25.164 us, Update time : 156.917 us, Writ...'
file: /home/helenlu/texture_sort/src/third_party/kinova/ros2_control/controller_manager/src/controller_manager.cpp
function: write
line: 3628
---
stamp:
  sec: 1778292194
  nanosec: 463777914
level: 30
name: controller_manager
msg: 'Overrun detected! The controller manager missed its desired rate of 1000 Hz. The loop took 1.659854 ms (missed cycles : 2).'
file: /home/helenlu/texture_sort/src/third_party/kinova/ros2_control/controller_manager/src/ros2_control_node.cpp
function: operator()
line: 176
---
stamp:
  sec: 1778292194
  nanosec: 775398027
level: 30
name: controller_manager
msg: 'Overrun might occur, Total time : 1193.034 us (Expected < 1000.000 us) --> Read time : 23.836 us, Update time : 392.933 us, Writ...'
file: /home/helenlu/texture_sort/src/third_party/kinova/ros2_control/controller_manager/src/controller_manager.cpp
function: write
line: 3628
---
stamp:
  sec: 1778292195
  nanosec: 472675936
level: 30
name: controller_manager
msg: 'Overrun detected! The controller manager missed its desired rate of 1000 Hz. The loop took 1.557623 ms (missed cycles : 2).'
file: /home/helenlu/texture_sort/src/third_party/kinova/ros2_control/controller_manager/src/ros2_control_node.cpp
function: operator()
line: 176
---
stamp:
  sec: 1778292195
  nanosec: 791994098
level: 30
name: controller_manager
msg: 'Overrun might occur, Total time : 2803.730 us (Expected < 1000.000 us) --> Read time : 23.172 us, Update time : 168.066 us, Writ...'
file: /home/helenlu/texture_sort/src/third_party/kinova/ros2_control/controller_manager/src/controller_manager.cpp
function: write
line: 3628
---
stamp:
  sec: 1778292196
  nanosec: 481958605
level: 30
name: controller_manager
msg: 'Overrun detected! The controller manager missed its desired rate of 1000 Hz. The loop took 2.839928 ms (missed cycles : 3).'
file: /home/helenlu/texture_sort/src/third_party/kinova/ros2_control/controller_manager/src/ros2_control_node.cpp
function: operator()
line: 176
---
stamp:
  sec: 1778292196
  nanosec: 793904393
level: 30
name: controller_manager
msg: 'Overrun might occur, Total time : 1608.659 us (Expected < 1000.000 us) --> Read time : 325.085 us, Update time : 228.674 us, Wri...'
file: /home/helenlu/texture_sort/src/third_party/kinova/ros2_control/controller_manager/src/controller_manager.cpp
function: write
line: 3628
---
stamp:
  sec: 1778292197
  nanosec: 482760171
level: 30
name: controller_manager
msg: 'Overrun detected! The controller manager missed its desired rate of 1000 Hz. The loop took 1.640796 ms (missed cycles : 2).'
file: /home/helenlu/texture_sort/src/third_party/kinova/ros2_control/controller_manager/src/ros2_control_node.cpp
function: operator()
line: 176
---
stamp:
  sec: 1778292197
  nanosec: 800303381
level: 30
name: controller_manager
msg: 'Overrun might occur, Total time : 1093.979 us (Expected < 1000.000 us) --> Read time : 23.987 us, Update time : 279.868 us, Writ...'
file: /home/helenlu/texture_sort/src/third_party/kinova/ros2_control/controller_manager/src/controller_manager.cpp
function: write
line: 3628
---
stamp:
  sec: 1778292198
  nanosec: 483587271
level: 30
name: controller_manager
msg: 'Overrun detected! The controller manager missed its desired rate of 1000 Hz. The loop took 1.468985 ms (missed cycles : 2).'
file: /home/helenlu/texture_sort/src/third_party/kinova/ros2_control/controller_manager/src/ros2_control_node.cpp
function: operator()
line: 176
---
stamp:
  sec: 1778292198
  nanosec: 801978660
level: 30
name: controller_manager
msg: 'Overrun might occur, Total time : 2709.488 us (Expected < 1000.000 us) --> Read time : 54.852 us, Update time : 734.481 us, Writ...'
file: /home/helenlu/texture_sort/src/third_party/kinova/ros2_control/controller_manager/src/controller_manager.cpp
function: write
line: 3628
---
stamp:
  sec: 1778292199
  nanosec: 495979026
level: 30
name: controller_manager
msg: 'Overrun detected! The controller manager missed its desired rate of 1000 Hz. The loop took 2.859151 ms (missed cycles : 3).'
file: /home/helenlu/texture_sort/src/third_party/kinova/ros2_control/controller_manager/src/ros2_control_node.cpp
function: operator()
line: 176
---
stamp:
  sec: 1778292199
  nanosec: 834281434
level: 30
name: controller_manager
msg: 'Overrun might occur, Total time : 1090.401 us (Expected < 1000.000 us) --> Read time : 24.368 us, Update time : 163.808 us, Writ...'
file: /home/helenlu/texture_sort/src/third_party/kinova/ros2_control/controller_manager/src/controller_manager.cpp
function: write
line: 3628
---
stamp:
  sec: 1778292200
  nanosec: 497129559
level: 30
name: controller_manager
msg: 'Overrun detected! The controller manager missed its desired rate of 1000 Hz. The loop took 1.010669 ms (missed cycles : 2).'
file: /home/helenlu/texture_sort/src/third_party/kinova/ros2_control/controller_manager/src/ros2_control_node.cpp
function: operator()
line: 176
---
stamp:
  sec: 1778292200
  nanosec: 852069077
level: 30
name: controller_manager
msg: 'Overrun might occur, Total time : 1863.356 us (Expected < 1000.000 us) --> Read time : 30.466 us, Update time : 306.795 us, Writ...'
file: /home/helenlu/texture_sort/src/third_party/kinova/ros2_control/controller_manager/src/controller_manager.cpp
function: write
line: 3628
---
stamp:
  sec: 1778292201
  nanosec: 498224653
level: 30
name: controller_manager
msg: 'Overrun detected! The controller manager missed its desired rate of 1000 Hz. The loop took 1.100726 ms (missed cycles : 2).'
file: /home/helenlu/texture_sort/src/third_party/kinova/ros2_control/controller_manager/src/ros2_control_node.cpp
function: operator()
line: 176
---
stamp:
  sec: 1778292201
  nanosec: 865477003
level: 30
name: controller_manager
msg: 'Overrun might occur, Total time : 1284.308 us (Expected < 1000.000 us) --> Read time : 25.018 us, Update time : 454.032 us, Writ...'
file: /home/helenlu/texture_sort/src/third_party/kinova/ros2_control/controller_manager/src/controller_manager.cpp
function: write
line: 3628
---
stamp:
  sec: 1778292202
  nanosec: 530142497
level: 30
name: controller_manager
msg: 'Overrun detected! The controller manager missed its desired rate of 1000 Hz. The loop took 1.022784 ms (missed cycles : 2).'
file: /home/helenlu/texture_sort/src/third_party/kinova/ros2_control/controller_manager/src/ros2_control_node.cpp
function: operator()
line: 176
---
stamp:
  sec: 1778292202
  nanosec: 869970218
level: 30
name: controller_manager
msg: 'Overrun might occur, Total time : 2778.391 us (Expected < 1000.000 us) --> Read time : 30.923 us, Update time : 188.514 us, Writ...'
file: /home/helenlu/texture_sort/src/third_party/kinova/ros2_control/controller_manager/src/controller_manager.cpp
function: write
line: 3628
---
stamp:
  sec: 1778292203
  nanosec: 546494742
level: 30
name: controller_manager
msg: 'Overrun detected! The controller manager missed its desired rate of 1000 Hz. The loop took 1.376911 ms (missed cycles : 2).'
file: /home/helenlu/texture_sort/src/third_party/kinova/ros2_control/controller_manager/src/ros2_control_node.cpp
function: operator()
line: 176
---
stamp:
  sec: 1778292203
  nanosec: 871337053
level: 30
name: controller_manager
msg: 'Overrun might occur, Total time : 1107.626 us (Expected < 1000.000 us) --> Read time : 187.192 us, Update time : 380.479 us, Wri...'
file: /home/helenlu/texture_sort/src/third_party/kinova/ros2_control/controller_manager/src/controller_manager.cpp
function: write
line: 3628
---
stamp:
  sec: 1778292204
  nanosec: 557431231
level: 30
name: controller_manager
msg: 'Overrun detected! The controller manager missed its desired rate of 1000 Hz. The loop took 2.312717 ms (missed cycles : 3).'
file: /home/helenlu/texture_sort/src/third_party/kinova/ros2_control/controller_manager/src/ros2_control_node.cpp
function: operator()
line: 176
---
stamp:
  sec: 1778292204
  nanosec: 886983432
level: 30
name: controller_manager
msg: 'Overrun might occur, Total time : 3785.239 us (Expected < 1000.000 us) --> Read time : 29.257 us, Update time : 209.225 us, Writ...'
file: /home/helenlu/texture_sort/src/third_party/kinova/ros2_control/controller_manager/src/controller_manager.cpp
function: write
line: 3628
---
stamp:
  sec: 1778292205
  nanosec: 561378271
level: 30
name: controller_manager
msg: 'Overrun detected! The controller manager missed its desired rate of 1000 Hz. The loop took 1.256565 ms (missed cycles : 2).'
file: /home/helenlu/texture_sort/src/third_party/kinova/ros2_control/controller_manager/src/ros2_control_node.cpp
function: operator()
line: 176
---
stamp:
  sec: 1778292205
  nanosec: 890694561
level: 30
name: controller_manager
msg: 'Overrun might occur, Total time : 1518.016 us (Expected < 1000.000 us) --> Read time : 20.999 us, Update time : 143.374 us, Writ...'
file: /home/helenlu/texture_sort/src/third_party/kinova/ros2_control/controller_manager/src/controller_manager.cpp
function: write
line: 3628
---
stamp:
  sec: 1778292206
  nanosec: 566193079
level: 30
name: controller_manager
msg: 'Overrun detected! The controller manager missed its desired rate of 1000 Hz. The loop took 1.073798 ms (missed cycles : 2).'
file: /home/helenlu/texture_sort/src/third_party/kinova/ros2_control/controller_manager/src/ros2_control_node.cpp
function: operator()
line: 176
---
stamp:
  sec: 1778292206
  nanosec: 954032317
level: 30
name: controller_manager
msg: 'Overrun might occur, Total time : 2835.488 us (Expected < 1000.000 us) --> Read time : 28.739 us, Update time : 164.159 us, Writ...'
file: /home/helenlu/texture_sort/src/third_party/kinova/ros2_control/controller_manager/src/controller_manager.cpp
function: write
line: 3628
---
stamp:
  sec: 1778292207
  nanosec: 573701298
level: 30
name: controller_manager
msg: 'Overrun detected! The controller manager missed its desired rate of 1000 Hz. The loop took 1.582962 ms (missed cycles : 2).'
file: /home/helenlu/texture_sort/src/third_party/kinova/ros2_control/controller_manager/src/ros2_control_node.cpp
function: operator()
line: 176
---
stamp:
  sec: 1778292207
  nanosec: 954399321
level: 30
name: controller_manager
msg: 'Overrun might occur, Total time : 1205.238 us (Expected < 1000.000 us) --> Read time : 35.189 us, Update time : 233.791 us, Writ...'
file: /home/helenlu/texture_sort/src/third_party/kinova/ros2_control/controller_manager/src/controller_manager.cpp
function: write
line: 3628
---
stamp:
  sec: 1778292208
  nanosec: 600897441
level: 30
name: controller_manager
msg: 'Overrun detected! The controller manager missed its desired rate of 1000 Hz. The loop took 1.779094 ms (missed cycles : 2).'
file: /home/helenlu/texture_sort/src/third_party/kinova/ros2_control/controller_manager/src/ros2_control_node.cpp
function: operator()
line: 176
---
stamp:
  sec: 1778292208
  nanosec: 954952099
level: 30
name: controller_manager
msg: 'Overrun might occur, Total time : 1763.763 us (Expected < 1000.000 us) --> Read time : 40.416 us, Update time : 259.942 us, Writ...'
file: /home/helenlu/texture_sort/src/third_party/kinova/ros2_control/controller_manager/src/controller_manager.cpp
function: write
line: 3628
---
stamp:
  sec: 1778292209
  nanosec: 613147164
level: 30
name: controller_manager
msg: 'Overrun detected! The controller manager missed its desired rate of 1000 Hz. The loop took 1.027664 ms (missed cycles : 2).'
file: /home/helenlu/texture_sort/src/third_party/kinova/ros2_control/controller_manager/src/ros2_control_node.cpp
function: operator()
line: 176
---
stamp:
  sec: 1778292209
  nanosec: 985149840
level: 30
name: controller_manager
msg: 'Overrun might occur, Total time : 1941.991 us (Expected < 1000.000 us) --> Read time : 30.713 us, Update time : 209.481 us, Writ...'
file: /home/helenlu/texture_sort/src/third_party/kinova/ros2_control/controller_manager/src/controller_manager.cpp
function: write
line: 3628
---
stamp:
  sec: 1778292210
  nanosec: 620537649
level: 30
name: controller_manager
msg: 'Overrun detected! The controller manager missed its desired rate of 1000 Hz. The loop took 1.418045 ms (missed cycles : 2).'
file: /home/helenlu/texture_sort/src/third_party/kinova/ros2_control/controller_manager/src/ros2_control_node.cpp
function: operator()
line: 176
---
stamp:
  sec: 1778292210
  nanosec: 998236328
level: 30
name: controller_manager
msg: 'Overrun might occur, Total time : 1048.568 us (Expected < 1000.000 us) --> Read time : 19.428 us, Update time : 139.140 us, Writ...'
file: /home/helenlu/texture_sort/src/third_party/kinova/ros2_control/controller_manager/src/controller_manager.cpp
function: write
line: 3628
---
stamp:
  sec: 1778292211
  nanosec: 620678231
level: 30
name: controller_manager
msg: 'Overrun detected! The controller manager missed its desired rate of 1000 Hz. The loop took 1.559535 ms (missed cycles : 2).'
file: /home/helenlu/texture_sort/src/third_party/kinova/ros2_control/controller_manager/src/ros2_control_node.cpp
function: operator()
line: 176
---
stamp:
  sec: 1778292212
  nanosec: 37786171
level: 30
name: controller_manager
msg: 'Overrun might occur, Total time : 1593.456 us (Expected < 1000.000 us) --> Read time : 27.530 us, Update time : 1108.849 us, Wri...'
file: /home/helenlu/texture_sort/src/third_party/kinova/ros2_control/controller_manager/src/controller_manager.cpp
function: write
line: 3628
---
stamp:
  sec: 1778292212
  nanosec: 624399722
level: 30
name: controller_manager
msg: 'Overrun detected! The controller manager missed its desired rate of 1000 Hz. The loop took 1.281620 ms (missed cycles : 2).'
file: /home/helenlu/texture_sort/src/third_party/kinova/ros2_control/controller_manager/src/ros2_control_node.cpp
function: operator()
line: 176
---
stamp:
  sec: 1778292213
  nanosec: 38941236
level: 30
name: controller_manager
msg: 'Overrun might occur, Total time : 1745.094 us (Expected < 1000.000 us) --> Read time : 22.075 us, Update time : 229.636 us, Writ...'
file: /home/helenlu/texture_sort/src/third_party/kinova/ros2_control/controller_manager/src/controller_manager.cpp
function: write
line: 3628
---
stamp:
  sec: 1778292213
  nanosec: 632230908
level: 30
name: controller_manager
msg: 'Overrun detected! The controller manager missed its desired rate of 1000 Hz. The loop took 1.112286 ms (missed cycles : 2).'
file: /home/helenlu/texture_sort/src/third_party/kinova/ros2_control/controller_manager/src/ros2_control_node.cpp
function: operator()
line: 176
---
stamp:
  sec: 1778292214
  nanosec: 40235856
level: 30
name: controller_manager
msg: 'Overrun might occur, Total time : 2016.966 us (Expected < 1000.000 us) --> Read time : 69.592 us, Update time : 354.434 us, Writ...'
file: /home/helenlu/texture_sort/src/third_party/kinova/ros2_control/controller_manager/src/controller_manager.cpp
function: write
line: 3628
---
stamp:
  sec: 1778292214
  nanosec: 678634050
level: 30
name: controller_manager
msg: 'Overrun detected! The controller manager missed its desired rate of 1000 Hz. The loop took 2.514995 ms (missed cycles : 3).'
file: /home/helenlu/texture_sort/src/third_party/kinova/ros2_control/controller_manager/src/ros2_control_node.cpp
function: operator()
line: 176
---
stamp:
  sec: 1778292215
  nanosec: 46259279
level: 30
name: controller_manager
msg: 'Overrun might occur, Total time : 1060.157 us (Expected < 1000.000 us) --> Read time : 20.787 us, Update time : 479.237 us, Writ...'
file: /home/helenlu/texture_sort/src/third_party/kinova/ros2_control/controller_manager/src/controller_manager.cpp
function: write
line: 3628
---
stamp:
  sec: 1778292215
  nanosec: 693013950
level: 30
name: controller_manager
msg: 'Overrun detected! The controller manager missed its desired rate of 1000 Hz. The loop took 3.895262 ms (missed cycles : 4).'
file: /home/helenlu/texture_sort/src/third_party/kinova/ros2_control/controller_manager/src/ros2_control_node.cpp
function: operator()
line: 176
---
stamp:
  sec: 1778292216
  nanosec: 69312467
level: 30
name: controller_manager
msg: 'Overrun might occur, Total time : 1122.709 us (Expected < 1000.000 us) --> Read time : 23.158 us, Update time : 127.629 us, Writ...'
file: /home/helenlu/texture_sort/src/third_party/kinova/ros2_control/controller_manager/src/controller_manager.cpp
function: write
line: 3628
---
stamp:
  sec: 1778292216
  nanosec: 727180600
level: 30
name: controller_manager
msg: 'Overrun detected! The controller manager missed its desired rate of 1000 Hz. The loop took 1.061471 ms (missed cycles : 2).'
file: /home/helenlu/texture_sort/src/third_party/kinova/ros2_control/controller_manager/src/ros2_control_node.cpp
function: operator()
line: 176
---
stamp:
  sec: 1778292217
  nanosec: 79247366
level: 30
name: controller_manager
msg: 'Overrun might occur, Total time : 1052.030 us (Expected < 1000.000 us) --> Read time : 23.801 us, Update time : 152.437 us, Writ...'
file: /home/helenlu/texture_sort/src/third_party/kinova/ros2_control/controller_manager/src/controller_manager.cpp
function: write
line: 3628
---
stamp:
  sec: 1778292217
  nanosec: 750152304
level: 30
name: controller_manager
msg: 'Overrun detected! The controller manager missed its desired rate of 1000 Hz. The loop took 1.032546 ms (missed cycles : 2).'
file: /home/helenlu/texture_sort/src/third_party/kinova/ros2_control/controller_manager/src/ros2_control_node.cpp
function: operator()
line: 176
---
stamp:
  sec: 1778292218
  nanosec: 79256583
level: 30
name: controller_manager
msg: 'Overrun might occur, Total time : 1056.288 us (Expected < 1000.000 us) --> Read time : 25.412 us, Update time : 164.763 us, Writ...'
file: /home/helenlu/texture_sort/src/third_party/kinova/ros2_control/controller_manager/src/controller_manager.cpp
function: write
line: 3628
---
stamp:
  sec: 1778292218
  nanosec: 751128274
level: 30
name: controller_manager
msg: 'Overrun detected! The controller manager missed its desired rate of 1000 Hz. The loop took 1.009015 ms (missed cycles : 2).'
file: /home/helenlu/texture_sort/src/third_party/kinova/ros2_control/controller_manager/src/ros2_control_node.cpp
function: operator()
line: 176
---
stamp:
  sec: 1778292219
  nanosec: 83373732
level: 30
name: controller_manager
msg: 'Overrun might occur, Total time : 1171.583 us (Expected < 1000.000 us) --> Read time : 132.797 us, Update time : 665.907 us, Wri...'
file: /home/helenlu/texture_sort/src/third_party/kinova/ros2_control/controller_manager/src/controller_manager.cpp
function: write
line: 3628
---
stamp:
  sec: 1778292219
  nanosec: 761480474
level: 30
name: controller_manager
msg: 'Overrun detected! The controller manager missed its desired rate of 1000 Hz. The loop took 1.341598 ms (missed cycles : 2).'
file: /home/helenlu/texture_sort/src/third_party/kinova/ros2_control/controller_manager/src/ros2_control_node.cpp
function: operator()
line: 176
---
stamp:
  sec: 1778292220
  nanosec: 85294062
level: 30
name: controller_manager
msg: 'Overrun might occur, Total time : 1101.007 us (Expected < 1000.000 us) --> Read time : 48.390 us, Update time : 352.053 us, Writ...'
file: /home/helenlu/texture_sort/src/third_party/kinova/ros2_control/controller_manager/src/controller_manager.cpp
function: write
line: 3628
---
stamp:
  sec: 1778292220
  nanosec: 789746511
level: 30
name: controller_manager
msg: 'Overrun detected! The controller manager missed its desired rate of 1000 Hz. The loop took 1.627818 ms (missed cycles : 2).'
file: /home/helenlu/texture_sort/src/third_party/kinova/ros2_control/controller_manager/src/ros2_control_node.cpp
function: operator()
line: 176
---
stamp:
  sec: 1778292221
  nanosec: 87574119
level: 30
name: controller_manager
msg: 'Overrun might occur, Total time : 2279.112 us (Expected < 1000.000 us) --> Read time : 224.047 us, Update time : 1238.295 us, Wr...'
file: /home/helenlu/texture_sort/src/third_party/kinova/ros2_control/controller_manager/src/controller_manager.cpp
function: write
line: 3628
---
stamp:
  sec: 1778292221
  nanosec: 793546612
level: 30
name: controller_manager
msg: 'Overrun detected! The controller manager missed its desired rate of 1000 Hz. The loop took 2.424978 ms (missed cycles : 3).'
file: /home/helenlu/texture_sort/src/third_party/kinova/ros2_control/controller_manager/src/ros2_control_node.cpp
function: operator()
line: 176
---
stamp:
  sec: 1778292222
  nanosec: 114540740
level: 30
name: controller_manager
msg: 'Overrun might occur, Total time : 1290.153 us (Expected < 1000.000 us) --> Read time : 105.292 us, Update time : 575.463 us, Wri...'
file: /home/helenlu/texture_sort/src/third_party/kinova/ros2_control/controller_manager/src/controller_manager.cpp
function: write
line: 3628
---
stamp:
  sec: 1778292222
  nanosec: 808375290
level: 30
name: controller_manager
msg: 'Overrun detected! The controller manager missed its desired rate of 1000 Hz. The loop took 1.257558 ms (missed cycles : 2).'
file: /home/helenlu/texture_sort/src/third_party/kinova/ros2_control/controller_manager/src/ros2_control_node.cpp
function: operator()
line: 176
---
stamp:
  sec: 1778292223
  nanosec: 171234711
level: 30
name: controller_manager
msg: 'Overrun might occur, Total time : 1033.831 us (Expected < 1000.000 us) --> Read time : 22.508 us, Update time : 170.642 us, Writ...'
file: /home/helenlu/texture_sort/src/third_party/kinova/ros2_control/controller_manager/src/controller_manager.cpp
function: write
line: 3628
---
stamp:
  sec: 1778292223
  nanosec: 255270687
level: 20
name: controller_manager
msg: Shutdown request received....
file: /home/helenlu/texture_sort/src/third_party/kinova/ros2_control/controller_manager/src/controller_manager.cpp
function: operator()
line: 707
---
stamp:
  sec: 1778292223
  nanosec: 256110407
level: 20
name: controller_manager
msg: Shutting down controller 'joint_trajectory_controller'
file: /home/helenlu/texture_sort/src/third_party/kinova/ros2_control/controller_manager/src/controller_manager.cpp
function: shutdown_controllers
line: 623
---
stamp:
  sec: 1778292223
  nanosec: 256213618
level: 20
name: controller_manager
msg: Deactivating controller 'robotiq_gripper_controller'
file: /home/helenlu/texture_sort/src/third_party/kinova/ros2_control/controller_manager/src/controller_manager.cpp
function: shutdown_controllers
line: 616
---
stamp:
  sec: 1778292223
  nanosec: 256304528
level: 20
name: controller_manager
msg: Shutting down controller 'robotiq_gripper_controller'
file: /home/helenlu/texture_sort/src/third_party/kinova/ros2_control/controller_manager/src/controller_manager.cpp
function: shutdown_controllers
line: 623
---
stamp:
  sec: 1778292223
  nanosec: 256393214
level: 20
name: controller_manager
msg: Deactivating controller 'joint_state_broadcaster'
file: /home/helenlu/texture_sort/src/third_party/kinova/ros2_control/controller_manager/src/controller_manager.cpp
function: shutdown_controllers
line: 616
---
stamp:
  sec: 1778292223
  nanosec: 256543082
level: 20
name: controller_manager
msg: Shutting down controller 'joint_state_broadcaster'
file: /home/helenlu/texture_sort/src/third_party/kinova/ros2_control/controller_manager/src/controller_manager.cpp
function: shutdown_controllers
line: 623
---
stamp:
  sec: 1778292223
  nanosec: 806338742
level: 20
name: controller_manager
msg: Shutting down the controller manager.
file: /home/helenlu/texture_sort/src/third_party/kinova/ros2_control/controller_manager/src/controller_manager.cpp
function: operator()
line: 721
---
